current_path,module,kind,current_ref,current_sha256,openproj_commit,openproj_path,openproj_sha256,microproject_baseline,first_commit,claimed_origin,normalized_openproj_match,introduced_by,license,disposition,evidence,reviewer
modules/microproject_application/build.gradle.kts,microproject_application,other,HEAD,79044eca1c72b5ca78723257f6f029d60518bccc49dcede09e624fe66d043d7b,d2fa3c20a,,,0530be227f4a10c5545cce8d3db20ac5a4d76a66,REVIEW_REQUIRED,Unknown,false,REVIEW_REQUIRED,REVIEW_REQUIRED,REVIEW,no path match in OpenProj baseline; classify origin manually,
modules/microproject_application/src/main/java/com/microproject/application/AutoRecoveryStore.java,microproject_application,java,HEAD,00f64c806011355eac8ec8ff906434e42c2955af0dfba6b92e5d85021131fa97,d2fa3c20a,,,0530be227f4a10c5545cce8d3db20ac5a4d76a66,REVIEW_REQUIRED,Unknown,false,REVIEW_REQUIRED,REVIEW_REQUIRED,REVIEW,no path match in OpenProj baseline; classify origin manually,
modules/microproject_application/src/main/java/com/microproject/application/ProjectDocumentWorkflow.java,microproject_application,java,HEAD,5cbdfa540335321479b5002b1c2c2ec69ccb35727c6852e4762a27334be18da7,d2fa3c20a,,,0530be227f4a10c5545cce8d3db20ac5a4d76a66,REVIEW_REQUIRED,Unknown,false,REVIEW_REQUIRED,REVIEW_REQUIRED,REVIEW,no path match in OpenProj baseline; classify origin manually,
modules/microproject_application/src/main/java/com/microproject/application/ProjectFilePolicies.java,microproject_application,java,HEAD,8cff0f48e58a9e91d7dea14ed12ca6431eecfdff3719b2d4409a45d99d1b7140,d2fa3c20a,,,0530be227f4a10c5545cce8d3db20ac5a4d76a66,REVIEW_REQUIRED,Unknown,false,REVIEW_REQUIRED,REVIEW_REQUIRED,REVIEW,no path match in OpenProj baseline; classify origin manually,
modules/microproject_application/src/main/java/com/microproject/application/ProjectLoadWorkflow.java,microproject_application,java,HEAD,71d54aa02045fe72e61889379dc905fbe67af6531d96c5941e340a6c860b73e5,d2fa3c20a,,,0530be227f4a10c5545cce8d3db20ac5a4d76a66,REVIEW_REQUIRED,Unknown,false,REVIEW_REQUIRED,REVIEW_REQUIRED,REVIEW,no path match in OpenProj baseline; classify origin manually,
modules/microproject_application/src/main/java/com/microproject/application/ProjectPortCoordinator.java,microproject_application,java,HEAD,a4ed466b4c4977a6c84273296df192692d68e9b7b0a2960b5d15ce488b912437,d2fa3c20a,,,0530be227f4a10c5545cce8d3db20ac5a4d76a66,REVIEW_REQUIRED,Unknown,false,REVIEW_REQUIRED,REVIEW_REQUIRED,REVIEW,no path match in OpenProj baseline; classify origin manually,
modules/microproject_application/src/main/java/com/microproject/application/RecentProjectStore.java,microproject_application,java,HEAD,888a741560d4b51e6e29a5385e61e521c099e4c377f52235580be6e2c3972f00,d2fa3c20a,,,0530be227f4a10c5545cce8d3db20ac5a4d76a66,REVIEW_REQUIRED,Unknown,false,REVIEW_REQUIRED,REVIEW_REQUIRED,REVIEW,no path match in OpenProj baseline; classify origin manually,
modules/microproject_application/src/main/java/com/microproject/application/TemporaryWorkspace.java,microproject_application,java,HEAD,de931e6a46ea648556f35f99edfcf487899e1e148dbec1bdc94086bcd8f91c0f,d2fa3c20a,,,0530be227f4a10c5545cce8d3db20ac5a4d76a66,REVIEW_REQUIRED,Unknown,false,REVIEW_REQUIRED,REVIEW_REQUIRED,REVIEW,no path match in OpenProj baseline; classify origin manually,
modules/microproject_application/src/test/java/com/microproject/application/AutoRecoveryStoreTest.java,microproject_application,test,HEAD,ad35423c00a5c2a4c290e00c96d924484f7c6a424f1d1575624741356dfb5bf7,d2fa3c20a,,,0530be227f4a10c5545cce8d3db20ac5a4d76a66,REVIEW_REQUIRED,Unknown,false,REVIEW_REQUIRED,REVIEW_REQUIRED,REVIEW,no path match in OpenProj baseline; classify origin manually,
modules/microproject_application/src/test/java/com/microproject/application/ProjectDocumentWorkflowTest.java,microproject_application,test,HEAD,6c4393f4816f0cfd31189f6fcb28bb8373356c525cce8c730df7ca7c29be4200,d2fa3c20a,,,0530be227f4a10c5545cce8d3db20ac5a4d76a66,REVIEW_REQUIRED,Unknown,false,REVIEW_REQUIRED,REVIEW_REQUIRED,REVIEW,no path match in OpenProj baseline; classify origin manually,
modules/microproject_application/src/test/java/com/microproject/application/ProjectFilePoliciesTest.java,microproject_application,test,HEAD,e6929a9bbedb560a9194c4c2d14eb735ec2ed0c6aaf42192534a3d8cc57dbb6a,d2fa3c20a,,,0530be227f4a10c5545cce8d3db20ac5a4d76a66,REVIEW_REQUIRED,Unknown,false,REVIEW_REQUIRED,REVIEW_REQUIRED,REVIEW,no path match in OpenProj baseline; classify origin manually,
modules/microproject_application/src/test/java/com/microproject/application/ProjectLoadWorkflowTest.java,microproject_application,test,HEAD,57d37c2cc091cebfba799858737904523e87acb2a2118eeb678183340eae9c2b,d2fa3c20a,,,0530be227f4a10c5545cce8d3db20ac5a4d76a66,REVIEW_REQUIRED,Unknown,false,REVIEW_REQUIRED,REVIEW_REQUIRED,REVIEW,no path match in OpenProj baseline; classify origin manually,
modules/microproject_application/src/test/java/com/microproject/application/RecentProjectStoreTest.java,microproject_application,test,HEAD,6c51f7e7b209fc0c11d084934144e26eaf488eec24cab95010d47dd84d84f699,d2fa3c20a,,,0530be227f4a10c5545cce8d3db20ac5a4d76a66,REVIEW_REQUIRED,Unknown,false,REVIEW_REQUIRED,REVIEW_REQUIRED,REVIEW,no path match in OpenProj baseline; classify origin manually,
modules/microproject_application/src/test/java/com/microproject/application/TemporaryWorkspaceTest.java,microproject_application,test,HEAD,b12a797a75785bb45158ee5203f2f78d4feba6884bc88752c09fb546b274af8b,d2fa3c20a,,,0530be227f4a10c5545cce8d3db20ac5a4d76a66,REVIEW_REQUIRED,Unknown,false,REVIEW_REQUIRED,REVIEW_REQUIRED,REVIEW,no path match in OpenProj baseline; classify origin manually,
modules/microproject_bootstrap/build.gradle.kts,microproject_bootstrap,other,HEAD,0e459dbadcf381fe2cfa70c8f697eb4811bba2008f311493118c3fdf0890121b,d2fa3c20a,,,0530be227f4a10c5545cce8d3db20ac5a4d76a66,REVIEW_REQUIRED,Unknown,false,REVIEW_REQUIRED,REVIEW_REQUIRED,REVIEW,no path match in OpenProj baseline; classify origin manually,
modules/microproject_bootstrap/src/main/java/com/microproject/bootstrap/ConfigurationGenerator.java,microproject_bootstrap,java,HEAD,1ca24e961579465f8d709591c1252f793f3f0d87f1d2a9fa82b6c5af83fce197,d2fa3c20a,,,0530be227f4a10c5545cce8d3db20ac5a4d76a66,REVIEW_REQUIRED,Unknown,false,REVIEW_REQUIRED,REVIEW_REQUIRED,REVIEW,no path match in OpenProj baseline; classify origin manually,
modules/microproject_bootstrap/src/main/java/com/microproject/bootstrap/MicroProjectUpdater.java,microproject_bootstrap,java,HEAD,993c52902c06f5d8199f3e873048408af1866d6477bdbd228b853c9a80fadb51,d2fa3c20a,,,0530be227f4a10c5545cce8d3db20ac5a4d76a66,REVIEW_REQUIRED,Unknown,false,REVIEW_REQUIRED,REVIEW_REQUIRED,REVIEW,no path match in OpenProj baseline; classify origin manually,
modules/microproject_bootstrap/src/main/resources/com/microproject/bootstrap/public.key,microproject_bootstrap,resource,HEAD,b9b6c4b44151488ba466e4fd80eae8cea1fa9bd531cc82ed3ba587ac9cb77f23,d2fa3c20a,,,0530be227f4a10c5545cce8d3db20ac5a4d76a66,REVIEW_REQUIRED,Unknown,false,REVIEW_REQUIRED,REVIEW_REQUIRED,REVIEW,no path match in OpenProj baseline; classify origin manually,
modules/microproject_bootstrap/src/test/java/com/microproject/bootstrap/BootstrapUpdateTest.java,microproject_bootstrap,test,HEAD,c2a643172a709c881b4da5ffb3e5a21bef720942584adc6f988f28fd833f9f89,d2fa3c20a,,,0530be227f4a10c5545cce8d3db20ac5a4d76a66,REVIEW_REQUIRED,Unknown,false,REVIEW_REQUIRED,REVIEW_REQUIRED,REVIEW,no path match in OpenProj baseline; classify origin manually,
modules/microproject_bootstrap/src/test/java/com/microproject/bootstrap/ConfigurationGeneratorTest.java,microproject_bootstrap,test,HEAD,803eaafb87e33c1d6b5cb2360851d2473b56cd83630aaaeb7d4476cf238637df,d2fa3c20a,,,0530be227f4a10c5545cce8d3db20ac5a4d76a66,REVIEW_REQUIRED,Unknown,false,REVIEW_REQUIRED,REVIEW_REQUIRED,REVIEW,no path match in OpenProj baseline; classify origin manually,
modules/microproject_bootstrap/src/test/java/com/microproject/bootstrap/RecordingLauncher.java,microproject_bootstrap,test,HEAD,15a3ec8eb102aaa2c6208abba181b3fa3e6ca2eb3b7eaa3ae509532883ffd46e,d2fa3c20a,,,0530be227f4a10c5545cce8d3db20ac5a4d76a66,REVIEW_REQUIRED,Unknown,false,REVIEW_REQUIRED,REVIEW_REQUIRED,REVIEW,no path match in OpenProj baseline; classify origin manually,
modules/microproject_contrib/.gitignore,microproject_contrib,other,HEAD,b1dfc2631da42274672b2b753129ab28d46f519e23f088debc7700989705faf5,d2fa3c20a,,,0530be227f4a10c5545cce8d3db20ac5a4d76a66,REVIEW_REQUIRED,Unknown,false,REVIEW_REQUIRED,REVIEW_REQUIRED,REVIEW,no path match in OpenProj baseline; classify origin manually,
modules/microproject_contrib/build.gradle.kts,microproject_contrib,other,HEAD,1e0be4e303449d4ab96bfb672e1707ae624cba34157fc87393030ee1c17a2a31,d2fa3c20a,,,0530be227f4a10c5545cce8d3db20ac5a4d76a66,REVIEW_REQUIRED,ThirdParty:JasperReports,false,REVIEW_REQUIRED,REVIEW_REQUIRED,KEEP_THIRD_PARTY,third-party notice detected; verify upstream license,
modules/microproject_contrib/src/main/java/com/microproject/contrib/ClassLoaderUtils.java,microproject_contrib,java,HEAD,b4dab31239db73d805d425ca065b1233a00cbdc00ba56578d840e61ffe95e3d5,d2fa3c20a,openproj_contrib/src/com/projity/contrib/ClassLoaderUtils.java,b0987f1cd7897e23c34f316e2f82a77c5126ad04d5fdc50677d2e44d99eaecd0,0530be227f4a10c5545cce8d3db20ac5a4d76a66,REVIEW_REQUIRED,Unknown,false,REVIEW_REQUIRED,REVIEW_REQUIRED,REVIEW,OpenProj path exists but content differs; perform hunk-level comparison,
modules/microproject_contrib/src/main/java/com/microproject/contrib/ClassResolverFilter.java,microproject_contrib,java,HEAD,11d8e428fe5ef9627d75bd47a36766af77b16cc5214888fb3655ac0389df092e,d2fa3c20a,openproj_contrib/src/com/projity/contrib/ClassResolverFilter.java,8e30f0022f5dd615713cf4e9a260bb8ffe0db339510344628337c58c28153bf2,0530be227f4a10c5545cce8d3db20ac5a4d76a66,REVIEW_REQUIRED,Unknown,true,REVIEW_REQUIRED,REVIEW_REQUIRED,KEEP_OPENPROJ,normalized content matches OpenProj baseline,
modules/microproject_contrib/src/main/java/com/microproject/contrib/calendar/CalendarRenderingSupport.java,microproject_contrib,java,HEAD,a93c397c7a41be9dcb841fad759b2980c112382c0becd6811df0550c699356d5,d2fa3c20a,,,0530be227f4a10c5545cce8d3db20ac5a4d76a66,REVIEW_REQUIRED,Unknown,false,REVIEW_REQUIRED,REVIEW_REQUIRED,REVIEW,no path match in OpenProj baseline; classify origin manually,
modules/microproject_contrib/src/main/java/com/microproject/contrib/calendar/ContribIntervals.java,microproject_contrib,java,HEAD,38af6362bac5f1056394c0e87ba2eb314fcae4727b1d55f1a1e0bc599718d621,d2fa3c20a,openproj_contrib/src/com/projity/contrib/calendar/ContribIntervals.java,ee0b033c15749c6e39a7e3ff092d8659ff99460cd12943037b64be261a24e7d0,0530be227f4a10c5545cce8d3db20ac5a4d76a66,REVIEW_REQUIRED,Unknown,false,REVIEW_REQUIRED,REVIEW_REQUIRED,REVIEW,OpenProj path exists but content differs; perform hunk-level comparison,
modules/microproject_contrib/src/main/java/com/microproject/contrib/calendar/JXXMonthView.java,microproject_contrib,java,HEAD,c5c79c85542822ffc9f8a3b79c2cf5381fbce416550e2b6208ff7ae7f5bd9933,d2fa3c20a,openproj_contrib/src/com/projity/contrib/calendar/JXXMonthView.java,76caf1c00afe5c59d458af31107fe2c168999b9fef21a6fb792d5af9dd24610b,0530be227f4a10c5545cce8d3db20ac5a4d76a66,REVIEW_REQUIRED,ThirdParty:JasperReports,false,REVIEW_REQUIRED,REVIEW_REQUIRED,KEEP_THIRD_PARTY,third-party notice detected; verify upstream license,
modules/microproject_contrib/src/main/java/org/jdesktop/swing/calendar/DateSpan.java,microproject_contrib,java,HEAD,9431968458fe21c0d173c382f32019e38a074db528c5f74bc484e3a6a55c3d66,d2fa3c20a,,,0530be227f4a10c5545cce8d3db20ac5a4d76a66,REVIEW_REQUIRED,Unknown,false,REVIEW_REQUIRED,REVIEW_REQUIRED,REVIEW,no path match in OpenProj baseline; classify origin manually,
modules/microproject_contrib/src/main/resources/net/sf/jasperreports/view/viewer_ca.properties,microproject_contrib,resource,HEAD,a7e95bb863d5e57f9c47b0589e0d9776884a6b15e95105f06c0c38c7088b784d,d2fa3c20a,openproj_contrib/src/net/sf/jasperreports/view/viewer_ca.properties,a7e95bb863d5e57f9c47b0589e0d9776884a6b15e95105f06c0c38c7088b784d,0530be227f4a10c5545cce8d3db20ac5a4d76a66,REVIEW_REQUIRED,Unknown,true,REVIEW_REQUIRED,REVIEW_REQUIRED,KEEP_OPENPROJ,normalized content matches OpenProj baseline,
modules/microproject_contrib/src/main/resources/net/sf/jasperreports/view/viewer_cs.properties,microproject_contrib,resource,HEAD,bbd64bfc27e8dae5248c37667481f3af38d339fab9c18a7c38b51d3dfbb1f8ce,d2fa3c20a,openproj_contrib/src/net/sf/jasperreports/view/viewer_cs.properties,bbd64bfc27e8dae5248c37667481f3af38d339fab9c18a7c38b51d3dfbb1f8ce,0530be227f4a10c5545cce8d3db20ac5a4d76a66,REVIEW_REQUIRED,Unknown,true,REVIEW_REQUIRED,REVIEW_REQUIRED,KEEP_OPENPROJ,normalized content matches OpenProj baseline,
modules/microproject_contrib/src/main/resources/net/sf/jasperreports/view/viewer_de.properties,microproject_contrib,resource,HEAD,56cbde92fb6affa8a947fc33622d0b7fd9c0e6cd53cf18c0b9f1195df22eeba1,d2fa3c20a,openproj_contrib/src/net/sf/jasperreports/view/viewer_de.properties,56cbde92fb6affa8a947fc33622d0b7fd9c0e6cd53cf18c0b9f1195df22eeba1,0530be227f4a10c5545cce8d3db20ac5a4d76a66,REVIEW_REQUIRED,Unknown,true,REVIEW_REQUIRED,REVIEW_REQUIRED,KEEP_OPENPROJ,normalized content matches OpenProj baseline,
modules/microproject_contrib/src/main/resources/net/sf/jasperreports/view/viewer_en.properties,microproject_contrib,resource,HEAD,4aab06374ef32da20634e0a60c2cca114b642c77aae1d38ba7535f6bb77605bc,d2fa3c20a,openproj_contrib/src/net/sf/jasperreports/view/viewer_en.properties,4aab06374ef32da20634e0a60c2cca114b642c77aae1d38ba7535f6bb77605bc,0530be227f4a10c5545cce8d3db20ac5a4d76a66,REVIEW_REQUIRED,Unknown,true,REVIEW_REQUIRED,REVIEW_REQUIRED,KEEP_OPENPROJ,normalized content matches OpenProj baseline,
modules/microproject_contrib/src/main/resources/net/sf/jasperreports/view/viewer_es.properties,microproject_contrib,resource,HEAD,46c93efa0617b90c0c110f37d94e3da7fe5c675ea5f2829b65897450ed612fb0,d2fa3c20a,openproj_contrib/src/net/sf/jasperreports/view/viewer_es.properties,46c93efa0617b90c0c110f37d94e3da7fe5c675ea5f2829b65897450ed612fb0,0530be227f4a10c5545cce8d3db20ac5a4d76a66,REVIEW_REQUIRED,Unknown,true,REVIEW_REQUIRED,REVIEW_REQUIRED,KEEP_OPENPROJ,normalized content matches OpenProj baseline,
modules/microproject_contrib/src/main/resources/net/sf/jasperreports/view/viewer_fr.properties,microproject_contrib,resource,HEAD,9f7a2e2f2ef74bb70af659330cbfb816d120c00e00e2627e564f67bef7b30643,d2fa3c20a,openproj_contrib/src/net/sf/jasperreports/view/viewer_fr.properties,9f7a2e2f2ef74bb70af659330cbfb816d120c00e00e2627e564f67bef7b30643,0530be227f4a10c5545cce8d3db20ac5a4d76a66,REVIEW_REQUIRED,Unknown,true,REVIEW_REQUIRED,REVIEW_REQUIRED,KEEP_OPENPROJ,normalized content matches OpenProj baseline,
modules/microproject_contrib/src/main/resources/net/sf/jasperreports/view/viewer_it.properties,microproject_contrib,resource,HEAD,77bfcda8fbe06bcfba235ab5b668c9bf689dee39961ecc08b7f84b6b6afa5c58,d2fa3c20a,openproj_contrib/src/net/sf/jasperreports/view/viewer_it.properties,77bfcda8fbe06bcfba235ab5b668c9bf689dee39961ecc08b7f84b6b6afa5c58,0530be227f4a10c5545cce8d3db20ac5a4d76a66,REVIEW_REQUIRED,Unknown,true,REVIEW_REQUIRED,REVIEW_REQUIRED,KEEP_OPENPROJ,normalized content matches OpenProj baseline,
modules/microproject_contrib/src/main/resources/net/sf/jasperreports/view/viewer_pt.properties,microproject_contrib,resource,HEAD,dec064139505ff0bf3b1f0b91147d64b7bddca2e52b247821f3f4eb5a57b5657,d2fa3c20a,openproj_contrib/src/net/sf/jasperreports/view/viewer_pt.properties,dec064139505ff0bf3b1f0b91147d64b7bddca2e52b247821f3f4eb5a57b5657,0530be227f4a10c5545cce8d3db20ac5a4d76a66,REVIEW_REQUIRED,Unknown,true,REVIEW_REQUIRED,REVIEW_REQUIRED,KEEP_OPENPROJ,normalized content matches OpenProj baseline,
modules/microproject_contrib/src/main/resources/net/sf/jasperreports/view/viewer_pt_BR.properties,microproject_contrib,resource,HEAD,2e67e236a046a048d5e6554fd8df17310a33090fd48b684aa0e5dee29515eb1c,d2fa3c20a,openproj_contrib/src/net/sf/jasperreports/view/viewer_pt_BR.properties,2e67e236a046a048d5e6554fd8df17310a33090fd48b684aa0e5dee29515eb1c,0530be227f4a10c5545cce8d3db20ac5a4d76a66,REVIEW_REQUIRED,Unknown,true,REVIEW_REQUIRED,REVIEW_REQUIRED,KEEP_OPENPROJ,normalized content matches OpenProj baseline,
modules/microproject_contrib/src/main/resources/net/sf/jasperreports/view/viewer_ro.properties,microproject_contrib,resource,HEAD,15a44f7c3b388cbff642adc9843e45f0ffa64a2152383597b03dfc1a17e98ced,d2fa3c20a,openproj_contrib/src/net/sf/jasperreports/view/viewer_ro.properties,15a44f7c3b388cbff642adc9843e45f0ffa64a2152383597b03dfc1a17e98ced,0530be227f4a10c5545cce8d3db20ac5a4d76a66,REVIEW_REQUIRED,Unknown,true,REVIEW_REQUIRED,REVIEW_REQUIRED,KEEP_OPENPROJ,normalized content matches OpenProj baseline,
modules/microproject_contrib/src/main/resources/net/sf/jasperreports/view/viewer_sk.properties,microproject_contrib,resource,HEAD,8d41f1abbb50ef57cad95f623048ab9ddbb3108f330fae3c966c35ae57e13c11,d2fa3c20a,openproj_contrib/src/net/sf/jasperreports/view/viewer_sk.properties,8d41f1abbb50ef57cad95f623048ab9ddbb3108f330fae3c966c35ae57e13c11,0530be227f4a10c5545cce8d3db20ac5a4d76a66,REVIEW_REQUIRED,Unknown,true,REVIEW_REQUIRED,REVIEW_REQUIRED,KEEP_OPENPROJ,normalized content matches OpenProj baseline,
modules/microproject_contrib/src/main/resources/net/sf/jasperreports/view/viewer_sv.properties,microproject_contrib,resource,HEAD,d5ad6f99dfa3f0d632844f6a6eadba556c04917ec6eecc0cd3fea4d3556b2159,d2fa3c20a,openproj_contrib/src/net/sf/jasperreports/view/viewer_sv.properties,d5ad6f99dfa3f0d632844f6a6eadba556c04917ec6eecc0cd3fea4d3556b2159,0530be227f4a10c5545cce8d3db20ac5a4d76a66,REVIEW_REQUIRED,Unknown,true,REVIEW_REQUIRED,REVIEW_REQUIRED,KEEP_OPENPROJ,normalized content matches OpenProj baseline,
modules/microproject_contrib/src/test/java/com/microproject/contrib/ClassLoaderUtilsTest.java,microproject_contrib,test,HEAD,59a12dcf22247d29423283fa097ad5bae4b4b5f70525ec7e23558b89cb7bed79,d2fa3c20a,,,0530be227f4a10c5545cce8d3db20ac5a4d76a66,REVIEW_REQUIRED,Unknown,false,REVIEW_REQUIRED,REVIEW_REQUIRED,REVIEW,no path match in OpenProj baseline; classify origin manually,
modules/microproject_contrib/src/test/java/com/microproject/contrib/calendar/ContribIntervalsTest.java,microproject_contrib,test,HEAD,58a0fd37e39c3ebe4dddbbbfe0b7b90997616e2213e3a11346b78593a9e40fad,d2fa3c20a,,,0530be227f4a10c5545cce8d3db20ac5a4d76a66,REVIEW_REQUIRED,Unknown,false,REVIEW_REQUIRED,REVIEW_REQUIRED,REVIEW,no path match in OpenProj baseline; classify origin manually,
modules/microproject_core/.gitignore,microproject_core,other,HEAD,011944fae84d5c0f64d150e38daee4b583d6a31d828c305d0424521603f1b309,d2fa3c20a,,,0530be227f4a10c5545cce8d3db20ac5a4d76a66,REVIEW_REQUIRED,Unknown,false,REVIEW_REQUIRED,REVIEW_REQUIRED,REVIEW,no path match in OpenProj baseline; classify origin manually,
modules/microproject_core/build.gradle.kts,microproject_core,other,HEAD,391c0b9c2c4a05d4b7ef05d882df2b3a7d7c789df587a73d44595bdadd6773f2,d2fa3c20a,,,0530be227f4a10c5545cce8d3db20ac5a4d76a66,REVIEW_REQUIRED,Unknown,false,REVIEW_REQUIRED,REVIEW_REQUIRED,REVIEW,no path match in OpenProj baseline; classify origin manually,
modules/microproject_core/src/main/java/com/microproject/algorithm/CalculationVisitor.java,microproject_core,java,HEAD,e158600825e8596fe308aebcc398ac10cb0dc798dee11ee23a665e29b5792cdd,d2fa3c20a,openproj_core/src/com/projity/algorithm/CalculationVisitor.java,f171ee3f5f9d9a1e524406738c3e9843b68d1a1f1b89de42a60f28a6e531c519,0530be227f4a10c5545cce8d3db20ac5a4d76a66,REVIEW_REQUIRED,Unknown,false,REVIEW_REQUIRED,REVIEW_REQUIRED,REVIEW,OpenProj path exists but content differs; perform hunk-level comparison,
modules/microproject_core/src/main/java/com/microproject/algorithm/CollectionIntervalGenerator.java,microproject_core,java,HEAD,b7062c93aa4a7353dd0bac51560fcf50e0b9ddb0e04a4aadbc8220dee8e005eb,d2fa3c20a,openproj_core/src/com/projity/algorithm/CollectionIntervalGenerator.java,40b531b10590108dc499249d66260c19a7828b628c7215c4a72779fd99688b91,0530be227f4a10c5545cce8d3db20ac5a4d76a66,REVIEW_REQUIRED,Unknown,false,REVIEW_REQUIRED,REVIEW_REQUIRED,REVIEW,OpenProj path exists but content differs; perform hunk-level comparison,
modules/microproject_core/src/main/java/com/microproject/algorithm/DateInRangePredicate.java,microproject_core,java,HEAD,423d723a0cce92f5fc4972776978e446d89b78e807e050c5bf36918daf97658f,d2fa3c20a,openproj_core/src/com/projity/algorithm/DateInRangePredicate.java,9f720ffef76c6b3d3bc8020ac00333dfce0581ef0249a9e3f87bf69ba95c29fa,0530be227f4a10c5545cce8d3db20ac5a4d76a66,REVIEW_REQUIRED,Unknown,false,REVIEW_REQUIRED,REVIEW_REQUIRED,REVIEW,OpenProj path exists but content differs; perform hunk-level comparison,
modules/microproject_core/src/main/java/com/microproject/algorithm/DoubleValue.java,microproject_core,java,HEAD,ff9ecbaf6b4e9377bdecf522d6ab56485fd6a86f0d52a820880a64f671abbd43,d2fa3c20a,openproj_core/src/com/projity/algorithm/DoubleValue.java,7ccb099368416e387ee45b75364d157bac922c8ac620a95e7fd0f4f3d72381f3,0530be227f4a10c5545cce8d3db20ac5a4d76a66,REVIEW_REQUIRED,Unknown,true,REVIEW_REQUIRED,REVIEW_REQUIRED,KEEP_OPENPROJ,normalized content matches OpenProj baseline,
modules/microproject_core/src/main/java/com/microproject/algorithm/InstantIntervalGenerator.java,microproject_core,java,HEAD,276740677cef12b37fb05ca844d8fdc15dfb05802f401668aecf2855228dc207,d2fa3c20a,openproj_core/src/com/projity/algorithm/InstantIntervalGenerator.java,daa7c7beeb5b436e662fbd3515b1ea43448fa027db079f7c1ea98bc7365a4d3b,0530be227f4a10c5545cce8d3db20ac5a4d76a66,REVIEW_REQUIRED,Unknown,false,REVIEW_REQUIRED,REVIEW_REQUIRED,REVIEW,OpenProj path exists but content differs; perform hunk-level comparison,
modules/microproject_core/src/main/java/com/microproject/algorithm/IntervalGenerator.java,microproject_core,java,HEAD,f1894c59c699d55f7c1db0f0d8b80729ca52cc0a92bef22c828f5219973b4407,d2fa3c20a,openproj_core/src/com/projity/algorithm/IntervalGenerator.java,8cfdf5e43322b29e032c552c1796ed18c4bcdc9a689e5368f082c35bcf46c92c,0530be227f4a10c5545cce8d3db20ac5a4d76a66,REVIEW_REQUIRED,Unknown,true,REVIEW_REQUIRED,REVIEW_REQUIRED,KEEP_OPENPROJ,normalized content matches OpenProj baseline,
modules/microproject_core/src/main/java/com/microproject/algorithm/IntervalGeneratorSet.java,microproject_core,java,HEAD,6f7bd445c649e6be43042461bb9b9ada06afb3eed5fce69e3dcb3327815f8dd3,d2fa3c20a,openproj_core/src/com/projity/algorithm/IntervalGeneratorSet.java,29523341f4ecd47d818dc057335264f82126634c46fb41154b1359cf7c1c7b85,0530be227f4a10c5545cce8d3db20ac5a4d76a66,REVIEW_REQUIRED,Unknown,false,REVIEW_REQUIRED,REVIEW_REQUIRED,REVIEW,OpenProj path exists but content differs; perform hunk-level comparison,
modules/microproject_core/src/main/java/com/microproject/algorithm/IntervalValue.java,microproject_core,java,HEAD,00bfb20e4bb8957feac9ade4fdab05ba173071c5a03b507108dc88f98deb1d53,d2fa3c20a,openproj_core/src/com/projity/algorithm/IntervalValue.java,1ee5fbf0b43222d97337ea5fb33a5b7ca1540dc7c59f26d942ed2df013668a49,0530be227f4a10c5545cce8d3db20ac5a4d76a66,REVIEW_REQUIRED,Unknown,true,REVIEW_REQUIRED,REVIEW_REQUIRED,KEEP_OPENPROJ,normalized content matches OpenProj baseline,
modules/microproject_core/src/main/java/com/microproject/algorithm/Merge.java,microproject_core,java,HEAD,ecf9c1f084e8cf837e45ae828936c0382f39c4ad0a832b1e49747103f7eaf749,d2fa3c20a,openproj_core/src/com/projity/algorithm/Merge.java,f9b54fc40fddd33f3020faf1c43f90348242cc6b6f979d40be4e06a78d22620d,0530be227f4a10c5545cce8d3db20ac5a4d76a66,REVIEW_REQUIRED,Unknown,false,REVIEW_REQUIRED,REVIEW_REQUIRED,REVIEW,OpenProj path exists but content differs; perform hunk-level comparison,
modules/microproject_core/src/main/java/com/microproject/algorithm/Query.java,microproject_core,java,HEAD,78596035cc7b9ede56dffd7c327ec5845702f112d47e1704f6f3d8bae24d8d78,d2fa3c20a,openproj_core/src/com/projity/algorithm/Query.java,ff487a1de0a7bc4bce840685b2abc76a3caf727ea100cfc3005498233f86dc5d,0530be227f4a10c5545cce8d3db20ac5a4d76a66,REVIEW_REQUIRED,Unknown,false,REVIEW_REQUIRED,REVIEW_REQUIRED,REVIEW,OpenProj path exists but content differs; perform hunk-level comparison,
modules/microproject_core/src/main/java/com/microproject/algorithm/RangeIntervalGenerator.java,microproject_core,java,HEAD,95acf68a84987352c80390ab28a11b7fe3c509b8ba7e85cfdf3e8acafc6f6a4b,d2fa3c20a,openproj_core/src/com/projity/algorithm/RangeIntervalGenerator.java,4c27f0ccaacfade13df59c263ab5ab25c557b9b71b8aeab3535317497daa2cde,0530be227f4a10c5545cce8d3db20ac5a4d76a66,REVIEW_REQUIRED,Unknown,false,REVIEW_REQUIRED,REVIEW_REQUIRED,REVIEW,OpenProj path exists but content differs; perform hunk-level comparison,
modules/microproject_core/src/main/java/com/microproject/algorithm/ReverseQuery.java,microproject_core,java,HEAD,126f73ad8fc65ad4c54f2565937d00bb4c558083033c62bde52f28fad21f4047,d2fa3c20a,openproj_core/src/com/projity/algorithm/ReverseQuery.java,ac3454337a5c5d356008eb9592b74bf83f45e1311c3a954c347c866f405db10c,0530be227f4a10c5545cce8d3db20ac5a4d76a66,REVIEW_REQUIRED,Unknown,false,REVIEW_REQUIRED,REVIEW_REQUIRED,REVIEW,OpenProj path exists but content differs; perform hunk-level comparison,
modules/microproject_core/src/main/java/com/microproject/algorithm/SelectFrom.java,microproject_core,java,HEAD,5d90f88096451e73604849a07afdbd6c9a57c1878bcd892c85b655d96c495063,d2fa3c20a,openproj_core/src/com/projity/algorithm/SelectFrom.java,fc1d7e0d150094a22581cfd8a2c6f7de2cd7eb935befcfbe8c2682f9c44fc9d3,0530be227f4a10c5545cce8d3db20ac5a4d76a66,REVIEW_REQUIRED,Unknown,false,REVIEW_REQUIRED,REVIEW_REQUIRED,REVIEW,OpenProj path exists but content differs; perform hunk-level comparison,
modules/microproject_core/src/main/java/com/microproject/algorithm/TimeIteratorGenerator.java,microproject_core,java,HEAD,321529504895ed638302c31138aff8294a5345862005bb5322d780dba3c3bb45,d2fa3c20a,openproj_core/src/com/projity/algorithm/TimeIteratorGenerator.java,07a734598342a80b8af8504f33fb85b37b94be42349c0800b5ea34d2b06ecc75,0530be227f4a10c5545cce8d3db20ac5a4d76a66,REVIEW_REQUIRED,Unknown,false,REVIEW_REQUIRED,REVIEW_REQUIRED,REVIEW,OpenProj path exists but content differs; perform hunk-level comparison,
modules/microproject_core/src/main/java/com/microproject/algorithm/ValueDifference.java,microproject_core,java,HEAD,0d9ff9bdd6f42e459b54d2b6d87da696496a1315f7fcaebdce639826410d2ea5,d2fa3c20a,openproj_core/src/com/projity/algorithm/ValueDifference.java,c1a51b39f0f458e98e72ff564264b5aa61e7b6ba10d649146491c3639807c5e1,0530be227f4a10c5545cce8d3db20ac5a4d76a66,REVIEW_REQUIRED,Unknown,false,REVIEW_REQUIRED,REVIEW_REQUIRED,REVIEW,OpenProj path exists but content differs; perform hunk-level comparison,
modules/microproject_core/src/main/java/com/microproject/algorithm/ValueOf.java,microproject_core,java,HEAD,375512f939b5fb9e90f9eafe91356c14344760efd6f21f2441fee7c793a3ef97,d2fa3c20a,openproj_core/src/com/projity/algorithm/ValueOf.java,b6466c065edc2e1562d937f5139a5a7924de2eff3cc3effecb5da113571f383d,0530be227f4a10c5545cce8d3db20ac5a4d76a66,REVIEW_REQUIRED,Unknown,false,REVIEW_REQUIRED,REVIEW_REQUIRED,REVIEW,OpenProj path exists but content differs; perform hunk-level comparison,
modules/microproject_core/src/main/java/com/microproject/algorithm/ValueSum.java,microproject_core,java,HEAD,89dd7c90eeb20ab7554f9fb2e14958729419f1e9dcdad47d1a3d726c7d65ce0a,d2fa3c20a,openproj_core/src/com/projity/algorithm/ValueSum.java,165df20bd269d6ad4bf475419d93e050a227dc7a47e0e74d96e879256edd6943,0530be227f4a10c5545cce8d3db20ac5a4d76a66,REVIEW_REQUIRED,Unknown,false,REVIEW_REQUIRED,REVIEW_REQUIRED,REVIEW,OpenProj path exists but content differs; perform hunk-level comparison,
modules/microproject_core/src/main/java/com/microproject/algorithm/buffer/CalculatedValues.java,microproject_core,java,HEAD,efa6d226a069421aabb7a871cdadb574a9d1d9732be4ec1765e8e92f6092e1f9,d2fa3c20a,openproj_core/src/com/projity/algorithm/buffer/CalculatedValues.java,28b13b817d544e9c005be2686a1e519ebe6f00a52901558561bd923bb823a219,0530be227f4a10c5545cce8d3db20ac5a4d76a66,REVIEW_REQUIRED,Unknown,true,REVIEW_REQUIRED,REVIEW_REQUIRED,KEEP_OPENPROJ,normalized content matches OpenProj baseline,
modules/microproject_core/src/main/java/com/microproject/algorithm/buffer/GroupedCalculatedValues.java,microproject_core,java,HEAD,68574f48cf4d232368f23f6bada2b07c736e198b3d6804ab9a6634d33e038f43,d2fa3c20a,openproj_core/src/com/projity/algorithm/buffer/GroupedCalculatedValues.java,68c85cce5ce4ab40fbfe3d46dfdc09d0941297b92b21b2ac1aa18fad4233a4e8,0530be227f4a10c5545cce8d3db20ac5a4d76a66,REVIEW_REQUIRED,Unknown,false,REVIEW_REQUIRED,REVIEW_REQUIRED,REVIEW,OpenProj path exists but content differs; perform hunk-level comparison,
modules/microproject_core/src/main/java/com/microproject/algorithm/buffer/IntervalCallback.java,microproject_core,java,HEAD,c1917e5814464bfb28468a1a6411feee7b59d5ce780635250493fb93ca03107e,d2fa3c20a,openproj_core/src/com/projity/algorithm/buffer/IntervalCallback.java,57e0db8269eefeed6a97302f7fb33decdedcf61e303fc5199a0f5d08844d0c7a,0530be227f4a10c5545cce8d3db20ac5a4d76a66,REVIEW_REQUIRED,Unknown,true,REVIEW_REQUIRED,REVIEW_REQUIRED,KEEP_OPENPROJ,normalized content matches OpenProj baseline,
modules/microproject_core/src/main/java/com/microproject/algorithm/buffer/NonGroupedCalculatedValues.java,microproject_core,java,HEAD,d3dbed87219604a6c33630d5c3f519728cb9dac9123d1f343b8fd919562a8c26,d2fa3c20a,openproj_core/src/com/projity/algorithm/buffer/NonGroupedCalculatedValues.java,d12c5c728a9f383e4efd199577d9e756caadf72304de4e56338bdb683417e962,0530be227f4a10c5545cce8d3db20ac5a4d76a66,REVIEW_REQUIRED,Unknown,false,REVIEW_REQUIRED,REVIEW_REQUIRED,REVIEW,OpenProj path exists but content differs; perform hunk-level comparison,
modules/microproject_core/src/main/java/com/microproject/algorithm/buffer/Point.java,microproject_core,java,HEAD,97040f13c7b8ba44dfa23da45728b160c68aa9bdacc01d5cb3193a69bd89f84d,d2fa3c20a,openproj_core/src/com/projity/algorithm/buffer/Point.java,06b21a19840814024520da5a027c3e1b1afb8077e0fbf752f88fb4503ecd2f95,0530be227f4a10c5545cce8d3db20ac5a4d76a66,REVIEW_REQUIRED,Unknown,false,REVIEW_REQUIRED,REVIEW_REQUIRED,REVIEW,OpenProj path exists but content differs; perform hunk-level comparison,
modules/microproject_core/src/main/java/com/microproject/algorithm/buffer/SeriesCallback.java,microproject_core,java,HEAD,80282c020a4438b06d4482cf0fd58107d8929317d801bcc284110814abd1f232,d2fa3c20a,openproj_core/src/com/projity/algorithm/buffer/SeriesCallback.java,a5219d452b38ff5ae09dfe115b5defc895e38d51dab951fd527b5b0ec235adc0,0530be227f4a10c5545cce8d3db20ac5a4d76a66,REVIEW_REQUIRED,Unknown,true,REVIEW_REQUIRED,REVIEW_REQUIRED,KEEP_OPENPROJ,normalized content matches OpenProj baseline,
modules/microproject_core/src/main/java/com/microproject/association/Association.java,microproject_core,java,HEAD,94a0c6614f031c4a39c0b9fd35be3c4f8677db1b7de33fe8949b4da8db17d8e9,d2fa3c20a,openproj_core/src/com/projity/association/Association.java,ca30b04849215bb63beeef43931b0e382630b527bd7a5951b8351e6ef3a054a8,0530be227f4a10c5545cce8d3db20ac5a4d76a66,REVIEW_REQUIRED,Unknown,false,REVIEW_REQUIRED,REVIEW_REQUIRED,REVIEW,OpenProj path exists but content differs; perform hunk-level comparison,
modules/microproject_core/src/main/java/com/microproject/association/AssociationComparator.java,microproject_core,java,HEAD,c02a532eb73fc7c1f17a5106e544e69d13cc6872c1a5064b656241e4294b685c,d2fa3c20a,openproj_core/src/com/projity/association/AssociationComparator.java,d4595bdf2ae3b21408d5b1243d2b6dd4d26441f4b9dfc854ab67384297c6f05f,0530be227f4a10c5545cce8d3db20ac5a4d76a66,REVIEW_REQUIRED,Unknown,false,REVIEW_REQUIRED,REVIEW_REQUIRED,REVIEW,OpenProj path exists but content differs; perform hunk-level comparison,
modules/microproject_core/src/main/java/com/microproject/association/AssociationFormat.java,microproject_core,java,HEAD,e9cf9dc31a3632c31dca0532c710b1932c2f324207aa775c134a7dbed18f5892,d2fa3c20a,openproj_core/src/com/projity/association/AssociationFormat.java,b7a3b33f1e13bfb7ef3e38a91ece91fd698cf6b3a8b567a6a7a929778e96a430,0530be227f4a10c5545cce8d3db20ac5a4d76a66,REVIEW_REQUIRED,Unknown,false,REVIEW_REQUIRED,REVIEW_REQUIRED,REVIEW,OpenProj path exists but content differs; perform hunk-level comparison,
modules/microproject_core/src/main/java/com/microproject/association/AssociationFormatParameters.java,microproject_core,java,HEAD,29ca4113f9a6f359d262979aad4cd2ebad222ac77345969af7406c36f2fd70d8,d2fa3c20a,openproj_core/src/com/projity/association/AssociationFormatParameters.java,79a5f798e3d50c5b87a2d74a922d1a8360b3d0adff9c43c3d6fa206517b600b9,0530be227f4a10c5545cce8d3db20ac5a4d76a66,REVIEW_REQUIRED,Unknown,false,REVIEW_REQUIRED,REVIEW_REQUIRED,REVIEW,OpenProj path exists but content differs; perform hunk-level comparison,
modules/microproject_core/src/main/java/com/microproject/association/AssociationList.java,microproject_core,java,HEAD,269f4cf929a982baefd6f9d6c32bf8ab9a489033c9f0eb84a020055508205542,d2fa3c20a,openproj_core/src/com/projity/association/AssociationList.java,514608474e98eb45768ead1cb071c96238db5bed6dcfdf647ec00dca0ba1c9b8,0530be227f4a10c5545cce8d3db20ac5a4d76a66,REVIEW_REQUIRED,Unknown,false,REVIEW_REQUIRED,REVIEW_REQUIRED,REVIEW,OpenProj path exists but content differs; perform hunk-level comparison,
modules/microproject_core/src/main/java/com/microproject/association/AssociationListFormat.java,microproject_core,java,HEAD,0708219768424d5c6ec14ffae10dc34ab31b97c1fee3eaa2ed2663daceb4d438,d2fa3c20a,openproj_core/src/com/projity/association/AssociationListFormat.java,ad4b2f0178a6dd795c8652c4afb89a5af920697c7f8cb3ee0a61e3cbeede60ba,0530be227f4a10c5545cce8d3db20ac5a4d76a66,REVIEW_REQUIRED,Unknown,false,REVIEW_REQUIRED,REVIEW_REQUIRED,REVIEW,OpenProj path exists but content differs; perform hunk-level comparison,
modules/microproject_core/src/main/java/com/microproject/association/InvalidAssociationException.java,microproject_core,java,HEAD,0a584a0600f2ce188a81b0faacbccee785295cfea113971a04f56c8409b60da0,d2fa3c20a,openproj_core/src/com/projity/association/InvalidAssociationException.java,0676afd41bf3be1f663267fd0b5ffd94ebbd1108b4f13a8ca596e9824ca6ea65,0530be227f4a10c5545cce8d3db20ac5a4d76a66,REVIEW_REQUIRED,Unknown,true,REVIEW_REQUIRED,REVIEW_REQUIRED,KEEP_OPENPROJ,normalized content matches OpenProj baseline,
modules/microproject_core/src/main/java/com/microproject/collaboration/CollaborationMetadataStore.java,microproject_core,java,HEAD,fc27c0fbf2ef181ecbd52956f037c486c82f32a98cf45ec5d5e756037e65a96d,d2fa3c20a,,,0530be227f4a10c5545cce8d3db20ac5a4d76a66,REVIEW_REQUIRED,Unknown,false,REVIEW_REQUIRED,REVIEW_REQUIRED,REVIEW,no path match in OpenProj baseline; classify origin manually,
modules/microproject_core/src/main/java/com/microproject/collaboration/CollaborationSession.java,microproject_core,java,HEAD,a0de4b3912d000fec919b0abfa952e7fda486de757c8f6158fad79ef9e22bb46,d2fa3c20a,,,0530be227f4a10c5545cce8d3db20ac5a4d76a66,REVIEW_REQUIRED,Unknown,false,REVIEW_REQUIRED,REVIEW_REQUIRED,REVIEW,no path match in OpenProj baseline; classify origin manually,
modules/microproject_core/src/main/java/com/microproject/collaboration/MpoTaskOperationService.java,microproject_core,java,HEAD,ac2e06ee92454c5bed1e00c228a85bb9c0834535c2d9f86e2eec1ef9f9a8f18b,d2fa3c20a,,,0530be227f4a10c5545cce8d3db20ac5a4d76a66,REVIEW_REQUIRED,Unknown,false,REVIEW_REQUIRED,REVIEW_REQUIRED,REVIEW,no path match in OpenProj baseline; classify origin manually,
modules/microproject_core/src/main/java/com/microproject/collaboration/OperationLog.java,microproject_core,java,HEAD,1834a7a52d6c7ed6a53bf59dc54326949b9909b92a7ba07efee668ac118a7714,d2fa3c20a,,,0530be227f4a10c5545cce8d3db20ac5a4d76a66,REVIEW_REQUIRED,Unknown,false,REVIEW_REQUIRED,REVIEW_REQUIRED,REVIEW,no path match in OpenProj baseline; classify origin manually,
modules/microproject_core/src/main/java/com/microproject/collaboration/ProjectMergeService.java,microproject_core,java,HEAD,3ff3af87717d4a17075fc5fa1bfb5d65a92ca2abced9f5d8336da58abe7ca4f8,d2fa3c20a,,,0530be227f4a10c5545cce8d3db20ac5a4d76a66,REVIEW_REQUIRED,Unknown,false,REVIEW_REQUIRED,REVIEW_REQUIRED,REVIEW,no path match in OpenProj baseline; classify origin manually,
modules/microproject_core/src/main/java/com/microproject/collaboration/TaskLockManager.java,microproject_core,java,HEAD,612db161024f25de44588fc4cd1101a3e25f3a2eb04f59bb9e165a2fdbcc0c5b,d2fa3c20a,,,0530be227f4a10c5545cce8d3db20ac5a4d76a66,REVIEW_REQUIRED,Unknown,false,REVIEW_REQUIRED,REVIEW_REQUIRED,REVIEW,no path match in OpenProj baseline; classify origin manually,
modules/microproject_core/src/main/java/com/microproject/collaboration/UserWorkspaceState.java,microproject_core,java,HEAD,17725d4ea6c295c4c3bfad36a7dfc6e77dae8c8d42e3276c062e1c55e9820ccc,d2fa3c20a,,,0530be227f4a10c5545cce8d3db20ac5a4d76a66,REVIEW_REQUIRED,Unknown,false,REVIEW_REQUIRED,REVIEW_REQUIRED,REVIEW,no path match in OpenProj baseline; classify origin manually,
modules/microproject_core/src/main/java/com/microproject/command/Command.java,microproject_core,java,HEAD,6d356ec014a0edf0add947a0df5d2acfc48794b6a3eb4ebab8c95ac1aa41097e,d2fa3c20a,openproj_core/src/com/projity/command/Command.java,32b099a62464419ac1904fb4ea22f325623071bf29acaecb0516c42345881144,0530be227f4a10c5545cce8d3db20ac5a4d76a66,REVIEW_REQUIRED,Unknown,false,REVIEW_REQUIRED,REVIEW_REQUIRED,REVIEW,OpenProj path exists but content differs; perform hunk-level comparison,
modules/microproject_core/src/main/java/com/microproject/command/UpdateProjectCommand.java,microproject_core,java,HEAD,857629629f150c9126261e208f2b58ec9e30580a65e0c032e34bb06ba9b56332,d2fa3c20a,openproj_core/src/com/projity/command/UpdateProjectCommand.java,fa1a2f50c00f9cc47880177c06b6c7839c4bb93a547b435dffc3b6b0400ebee2,0530be227f4a10c5545cce8d3db20ac5a4d76a66,REVIEW_REQUIRED,Unknown,false,REVIEW_REQUIRED,REVIEW_REQUIRED,REVIEW,OpenProj path exists but content differs; perform hunk-level comparison,
modules/microproject_core/src/main/java/com/microproject/company/ApplicationUser.java,microproject_core,java,HEAD,b11eb4ee9ab4bd99217e852db7af67ee9fa663d18acafe07930d612600381e59,d2fa3c20a,openproj_core/src/com/projity/company/ApplicationUser.java,6fc7ff6018a244e9b2d56a07ab10fc29e4bc474fa40855826a355d50eda63def,0530be227f4a10c5545cce8d3db20ac5a4d76a66,REVIEW_REQUIRED,Unknown,true,REVIEW_REQUIRED,REVIEW_REQUIRED,KEEP_OPENPROJ,normalized content matches OpenProj baseline,
modules/microproject_core/src/main/java/com/microproject/company/DefaultUser.java,microproject_core,java,HEAD,33032043e170f50196d8f332e972a5c3a9263cc14aecf1b69c12e0ac7d1ef915,d2fa3c20a,openproj_core/src/com/projity/company/DefaultUser.java,0338a6740a18a077f3b92df2782a7ab9c96215e9bf4c174812425b94404a5f23,0530be227f4a10c5545cce8d3db20ac5a4d76a66,REVIEW_REQUIRED,Unknown,false,REVIEW_REQUIRED,REVIEW_REQUIRED,REVIEW,OpenProj path exists but content differs; perform hunk-level comparison,
modules/microproject_core/src/main/java/com/microproject/company/UserUtil.java,microproject_core,java,HEAD,3586a5df1d77f137bc028297aa93691f2967af6f74c0a2173dff45fda628347c,d2fa3c20a,openproj_core/src/com/projity/company/UserUtil.java,e6371c316c0d62301a0372e547cd77d43e9ca1d50859c112ce87d4a293a2b377,0530be227f4a10c5545cce8d3db20ac5a4d76a66,REVIEW_REQUIRED,Unknown,true,REVIEW_REQUIRED,REVIEW_REQUIRED,KEEP_OPENPROJ,normalized content matches OpenProj baseline,
modules/microproject_core/src/main/java/com/microproject/configuration/CalculationPreference.java,microproject_core,java,HEAD,604360c641e473ae70e4d00def08b256ed535ef9959c3fc767560b29afdeb98b,d2fa3c20a,openproj_core/src/com/projity/configuration/CalculationPreference.java,2b31da3c0ba506caf2bbf2e23c59d26515a9f99ef3965da5ddd9e5519d38345d,0530be227f4a10c5545cce8d3db20ac5a4d76a66,REVIEW_REQUIRED,Unknown,false,REVIEW_REQUIRED,REVIEW_REQUIRED,REVIEW,OpenProj path exists but content differs; perform hunk-level comparison,
modules/microproject_core/src/main/java/com/microproject/configuration/ChartDefinition.java,microproject_core,java,HEAD,06f43870365e6b3039e09e3701804d406cb630e84d26e6897a92e8bb80046d26,d2fa3c20a,openproj_core/src/com/projity/configuration/ChartDefinition.java,fd0d0b80aa916828747206ae8206b640c5c33bd646338320f8127792c75a7d8f,0530be227f4a10c5545cce8d3db20ac5a4d76a66,REVIEW_REQUIRED,Unknown,true,REVIEW_REQUIRED,REVIEW_REQUIRED,KEEP_OPENPROJ,normalized content matches OpenProj baseline,
modules/microproject_core/src/main/java/com/microproject/configuration/CircularDependencyException.java,microproject_core,java,HEAD,9361d25b7d9e925f18ca4f7f9fafef3ba3a8fab4dac795a2e04300c8efb96c82,d2fa3c20a,openproj_core/src/com/projity/configuration/CircularDependencyException.java,352b920752eecd818fe2a546c1b13a3ab473209005355d64b4b3e8b9eda4ac45,0530be227f4a10c5545cce8d3db20ac5a4d76a66,REVIEW_REQUIRED,Unknown,true,REVIEW_REQUIRED,REVIEW_REQUIRED,KEEP_OPENPROJ,normalized content matches OpenProj baseline,
modules/microproject_core/src/main/java/com/microproject/configuration/Configuration.java,microproject_core,java,HEAD,4a541dd3264aec2b0a2a55a677eba8dd9d9a788d94a56fb996fed639a0c250c1,d2fa3c20a,openproj_core/src/com/projity/configuration/Configuration.java,41de8f8f1ec8a6ffa378ce89698ec2e184d4043a4dc7b9201193d1138dd75fe6,0530be227f4a10c5545cce8d3db20ac5a4d76a66,REVIEW_REQUIRED,Unknown,false,REVIEW_REQUIRED,REVIEW_REQUIRED,REVIEW,OpenProj path exists but content differs; perform hunk-level comparison,
modules/microproject_core/src/main/java/com/microproject/configuration/ConfigurationReader.java,microproject_core,java,HEAD,5762151408c81d540c9f9c0e54afd6a1662ee6335f77d0cab2fc65ba1442d5b2,d2fa3c20a,openproj_core/src/com/projity/configuration/ConfigurationReader.java,43e3b658f92b9a32bbbff06481ed1bc91edf35b6e1653ab64185ff701ee71e74,0530be227f4a10c5545cce8d3db20ac5a4d76a66,REVIEW_REQUIRED,Unknown,false,REVIEW_REQUIRED,REVIEW_REQUIRED,REVIEW,OpenProj path exists but content differs; perform hunk-level comparison,
modules/microproject_core/src/main/java/com/microproject/configuration/Dictionary.java,microproject_core,java,HEAD,24b92d125e69004641a797aec85415fb7dd53e9c9c8137aa56ca7eff15b0751e,d2fa3c20a,openproj_core/src/com/projity/configuration/Dictionary.java,f84882c9756585bb43223bd60110e265867d5a875413e0f634c46120b7a864df,0530be227f4a10c5545cce8d3db20ac5a4d76a66,REVIEW_REQUIRED,Unknown,false,REVIEW_REQUIRED,REVIEW_REQUIRED,REVIEW,OpenProj path exists but content differs; perform hunk-level comparison,
modules/microproject_core/src/main/java/com/microproject/configuration/FieldDictionary.java,microproject_core,java,HEAD,af04cdd27547d606ffae5fe37cf669870b76264852bc36f2bb9d123d10cb1095,d2fa3c20a,openproj_core/src/com/projity/configuration/FieldDictionary.java,62d70e2ea0ddfba03022175bf883301df122e6cd7cf951173edee26a6cfe3774,0530be227f4a10c5545cce8d3db20ac5a4d76a66,REVIEW_REQUIRED,Unknown,false,REVIEW_REQUIRED,REVIEW_REQUIRED,REVIEW,OpenProj path exists but content differs; perform hunk-level comparison,
modules/microproject_core/src/main/java/com/microproject/configuration/FieldDictionaryFactory.java,microproject_core,java,HEAD,a3b28afa1f3e19a908af45056395fdbd294d50843c9b194dc66a22e0f6d3fad5,d2fa3c20a,openproj_core/src/com/projity/configuration/FieldDictionaryFactory.java,bb803f3ac8db77ba0466d351d0ab9c9a405b0a8482051f9016e9658555c4dda4,0530be227f4a10c5545cce8d3db20ac5a4d76a66,REVIEW_REQUIRED,Unknown,true,REVIEW_REQUIRED,REVIEW_REQUIRED,KEEP_OPENPROJ,normalized content matches OpenProj baseline,
modules/microproject_core/src/main/java/com/microproject/configuration/NamedItem.java,microproject_core,java,HEAD,c63fa3e6c25f0c50343ba636fdf520b825be5c7ffe8cdc787f8938cc08d69dc6,d2fa3c20a,openproj_core/src/com/projity/configuration/NamedItem.java,37c696e6b0bbb3d18b3fa9a0bd3127a4a5d870dc5317a8995a603eb110b7ae5f,0530be227f4a10c5545cce8d3db20ac5a4d76a66,REVIEW_REQUIRED,Unknown,true,REVIEW_REQUIRED,REVIEW_REQUIRED,KEEP_OPENPROJ,normalized content matches OpenProj baseline,
modules/microproject_core/src/main/java/com/microproject/configuration/ProvidesDigesterEvents.java,microproject_core,java,HEAD,b6458c63205522298dbc96c509ec3bf87d0eb9f83fff02593871e04bf2334a8e,d2fa3c20a,openproj_core/src/com/projity/configuration/ProvidesDigesterEvents.java,3563dc4314d6a9cdb08f220c02669de7aad013680ae538298612e867a856163f,0530be227f4a10c5545cce8d3db20ac5a4d76a66,REVIEW_REQUIRED,Unknown,true,REVIEW_REQUIRED,REVIEW_REQUIRED,KEEP_OPENPROJ,normalized content matches OpenProj baseline,
modules/microproject_core/src/main/java/com/microproject/configuration/ReportColumns.java,microproject_core,java,HEAD,e75fe9f2db50dc1271aa2a292d6693b01ad00581a7395417f8fd63af6ab4ce21,d2fa3c20a,openproj_core/src/com/projity/configuration/ReportColumns.java,0290c743a563ee9ce5aca3abbcc2ade17799758903758840c753f22604e9f77f,0530be227f4a10c5545cce8d3db20ac5a4d76a66,REVIEW_REQUIRED,Unknown,false,REVIEW_REQUIRED,REVIEW_REQUIRED,REVIEW,OpenProj path exists but content differs; perform hunk-level comparison,
modules/microproject_core/src/main/java/com/microproject/configuration/ReportDefinition.java,microproject_core,java,HEAD,2b6e07031efb133e1e4764274992df82975722e659231901df35eada64aa5177,d2fa3c20a,openproj_core/src/com/projity/configuration/ReportDefinition.java,d7a40965281749d3664ebfeb2d6595dc94a6ce6ce4f46763d9d643f6dc656132,0530be227f4a10c5545cce8d3db20ac5a4d76a66,REVIEW_REQUIRED,Unknown,false,REVIEW_REQUIRED,REVIEW_REQUIRED,REVIEW,OpenProj path exists but content differs; perform hunk-level comparison,
modules/microproject_core/src/main/java/com/microproject/configuration/ScriptClass.java,microproject_core,java,HEAD,343f7046142ad547b23bf10ffe0b9cd7cb341bb9bf943e85cf265ad48f247749,d2fa3c20a,openproj_core/src/com/projity/configuration/ScriptClass.java,57c122cf51ce16c456173f46b5ff04473ec5dd5b1e06a2d5504b01f675a140c0,0530be227f4a10c5545cce8d3db20ac5a4d76a66,REVIEW_REQUIRED,Unknown,true,REVIEW_REQUIRED,REVIEW_REQUIRED,KEEP_OPENPROJ,normalized content matches OpenProj baseline,
modules/microproject_core/src/main/java/com/microproject/configuration/ScriptConfiguration.java,microproject_core,java,HEAD,9dfb231e144978204279ee0b064aff4e473592464db0b8c738011ce4959b59f3,d2fa3c20a,openproj_core/src/com/projity/configuration/ScriptConfiguration.java,eead96755e3cc3788bc741449a8f1af62282d1ef07cd45273fd7cb47243b7c1d,0530be227f4a10c5545cce8d3db20ac5a4d76a66,REVIEW_REQUIRED,Unknown,false,REVIEW_REQUIRED,REVIEW_REQUIRED,REVIEW,OpenProj path exists but content differs; perform hunk-level comparison,
modules/microproject_core/src/main/java/com/microproject/configuration/Settings.java,microproject_core,java,HEAD,dd3a6c3f0de1b8114104e938e070ed3b5f098a7303f59b962528febcfa3e95d1,d2fa3c20a,openproj_core/src/com/projity/configuration/Settings.java,dbf487394651727694abaf6ec6acf96605fb6159eb6613232ad0c1c5fdb5f28a,0530be227f4a10c5545cce8d3db20ac5a4d76a66,REVIEW_REQUIRED,Unknown,false,REVIEW_REQUIRED,REVIEW_REQUIRED,REVIEW,OpenProj path exists but content differs; perform hunk-level comparison,
modules/microproject_core/src/main/java/com/microproject/core/configuration/Configuration.java,microproject_core,java,HEAD,a8c7fa720091f16569d4347e212ee65d9c377dc6e9d31f0be43c335098aac76f,d2fa3c20a,,,0530be227f4a10c5545cce8d3db20ac5a4d76a66,REVIEW_REQUIRED,Unknown,false,REVIEW_REQUIRED,REVIEW_REQUIRED,REVIEW,no path match in OpenProj baseline; classify origin manually,
modules/microproject_core/src/main/java/com/microproject/core/configuration/ConfigurationFile.java,microproject_core,java,HEAD,6a490056fca65ed11471f683f7fc5bed3537b18d7a66bd3f97eaf1707fd3666e,d2fa3c20a,,,0530be227f4a10c5545cce8d3db20ac5a4d76a66,REVIEW_REQUIRED,Unknown,false,REVIEW_REQUIRED,REVIEW_REQUIRED,REVIEW,no path match in OpenProj baseline; classify origin manually,
modules/microproject_core/src/main/java/com/microproject/core/configuration/LegacyConfiguration.java,microproject_core,java,HEAD,24bd6234971c681ca32d47c6426d525a8ca53c32c116370db358bf0b3ed5d5aa,d2fa3c20a,,,0530be227f4a10c5545cce8d3db20ac5a4d76a66,REVIEW_REQUIRED,Unknown,false,REVIEW_REQUIRED,REVIEW_REQUIRED,REVIEW,no path match in OpenProj baseline; classify origin manually,
modules/microproject_core/src/main/java/com/microproject/core/configuration/adapters/DictionaryAdapter.java,microproject_core,java,HEAD,eccd2ea43f50bfb221de868c0331118329928c0b89705d7e2b51d5486c5bbf46,d2fa3c20a,,,0530be227f4a10c5545cce8d3db20ac5a4d76a66,REVIEW_REQUIRED,Unknown,false,REVIEW_REQUIRED,REVIEW_REQUIRED,REVIEW,no path match in OpenProj baseline; classify origin manually,
modules/microproject_core/src/main/java/com/microproject/core/configuration/adapters/DictionaryAdapterList.java,microproject_core,java,HEAD,30452aeaa68936d0b0eda25dc2e00513defa416513c9abd3bca2081b7062e36a,d2fa3c20a,,,0530be227f4a10c5545cce8d3db20ac5a4d76a66,REVIEW_REQUIRED,Unknown,false,REVIEW_REQUIRED,REVIEW_REQUIRED,REVIEW,no path match in OpenProj baseline; classify origin manually,
modules/microproject_core/src/main/java/com/microproject/core/configuration/adapters/MapAdapter.java,microproject_core,java,HEAD,c36d6127f031a1412a146155879805b542f68e78b64b24eed605f1086035619f,d2fa3c20a,,,0530be227f4a10c5545cce8d3db20ac5a4d76a66,REVIEW_REQUIRED,Unknown,false,REVIEW_REQUIRED,REVIEW_REQUIRED,REVIEW,no path match in OpenProj baseline; classify origin manually,
modules/microproject_core/src/main/java/com/microproject/core/configuration/adapters/MapAdapterEntry.java,microproject_core,java,HEAD,601df1e857acc3191e433764da633a1658d97c7bb41cd640d3747b270d6c8106,d2fa3c20a,,,0530be227f4a10c5545cce8d3db20ac5a4d76a66,REVIEW_REQUIRED,Unknown,false,REVIEW_REQUIRED,REVIEW_REQUIRED,REVIEW,no path match in OpenProj baseline; classify origin manually,
modules/microproject_core/src/main/java/com/microproject/core/configuration/adapters/MapAdapterList.java,microproject_core,java,HEAD,bc2764dfe3b5a24430c02d6c16dc92e34b39aacb268146f481f31cc0c38376a5,d2fa3c20a,,,0530be227f4a10c5545cce8d3db20ac5a4d76a66,REVIEW_REQUIRED,Unknown,false,REVIEW_REQUIRED,REVIEW_REQUIRED,REVIEW,no path match in OpenProj baseline; classify origin manually,
modules/microproject_core/src/main/java/com/microproject/core/dictionary/Dictionary.java,microproject_core,java,HEAD,97f47e0f4c82a92f207da630db21da9d31f3f0ef6c3d5385bc93768d9635ce9b,d2fa3c20a,,,0530be227f4a10c5545cce8d3db20ac5a4d76a66,REVIEW_REQUIRED,Unknown,false,REVIEW_REQUIRED,REVIEW_REQUIRED,REVIEW,no path match in OpenProj baseline; classify origin manually,
modules/microproject_core/src/main/java/com/microproject/core/dictionary/DictionaryCategory.java,microproject_core,java,HEAD,18a8f6537ccf24f52ad6898787b0a01052440c353c12d9a2284728ab49086f45,d2fa3c20a,,,0530be227f4a10c5545cce8d3db20ac5a4d76a66,REVIEW_REQUIRED,Unknown,false,REVIEW_REQUIRED,REVIEW_REQUIRED,REVIEW,no path match in OpenProj baseline; classify origin manually,
modules/microproject_core/src/main/java/com/microproject/core/dictionary/HasCategories.java,microproject_core,java,HEAD,3d29481dd92f6f82a4c6c0f3b70eff1ae00f290b41bfe636d29fd8e5d7cea6f3,d2fa3c20a,,,0530be227f4a10c5545cce8d3db20ac5a4d76a66,REVIEW_REQUIRED,Unknown,false,REVIEW_REQUIRED,REVIEW_REQUIRED,REVIEW,no path match in OpenProj baseline; classify origin manually,
modules/microproject_core/src/main/java/com/microproject/core/dictionary/HasStringId.java,microproject_core,java,HEAD,1cc050571f979d76b7ce3baed01c08b9a93d5e01c255fe9f9dde19c9af1e3dac,d2fa3c20a,,,0530be227f4a10c5545cce8d3db20ac5a4d76a66,REVIEW_REQUIRED,Unknown,false,REVIEW_REQUIRED,REVIEW_REQUIRED,REVIEW,no path match in OpenProj baseline; classify origin manually,
modules/microproject_core/src/main/java/com/microproject/core/fields/Field.java,microproject_core,java,HEAD,fb170875a8e8797fcda2749d8eb0b640e2c479376bd6369f71ca9b8dbce5e699,d2fa3c20a,,,0530be227f4a10c5545cce8d3db20ac5a4d76a66,REVIEW_REQUIRED,Unknown,false,REVIEW_REQUIRED,REVIEW_REQUIRED,REVIEW,no path match in OpenProj baseline; classify origin manually,
modules/microproject_core/src/main/java/com/microproject/core/fields/FieldId.java,microproject_core,java,HEAD,031a69bc31d0ca93e695b512354dd0f820f85df88752b2c589066674c4ca2bb1,d2fa3c20a,,,0530be227f4a10c5545cce8d3db20ac5a4d76a66,REVIEW_REQUIRED,Unknown,false,REVIEW_REQUIRED,REVIEW_REQUIRED,REVIEW,no path match in OpenProj baseline; classify origin manually,
modules/microproject_core/src/main/java/com/microproject/core/fields/FieldList.java,microproject_core,java,HEAD,a8ed9df0c871dfee9f4904484b1a72e0cacc175f6f720f16f27d154bdb947193,d2fa3c20a,,,0530be227f4a10c5545cce8d3db20ac5a4d76a66,REVIEW_REQUIRED,Unknown,false,REVIEW_REQUIRED,REVIEW_REQUIRED,REVIEW,no path match in OpenProj baseline; classify origin manually,
modules/microproject_core/src/main/java/com/microproject/core/fields/FieldTypeConverter.java,microproject_core,java,HEAD,d59845b24606ecf48f360c5c44809de969f962d3ea2365e0d3fcf0aa4caca31b,d2fa3c20a,,,0530be227f4a10c5545cce8d3db20ac5a4d76a66,REVIEW_REQUIRED,Unknown,false,REVIEW_REQUIRED,REVIEW_REQUIRED,REVIEW,no path match in OpenProj baseline; classify origin manually,
modules/microproject_core/src/main/java/com/microproject/core/fields/FieldUtil.java,microproject_core,java,HEAD,f438456162a2873df3c566e8f6b20d23c3f7f6c0d326b5cd9e8c68e5c2d50452,d2fa3c20a,,,0530be227f4a10c5545cce8d3db20ac5a4d76a66,REVIEW_REQUIRED,Unknown,false,REVIEW_REQUIRED,REVIEW_REQUIRED,REVIEW,no path match in OpenProj baseline; classify origin manually,
modules/microproject_core/src/main/java/com/microproject/core/fields/HasFields.java,microproject_core,java,HEAD,44b7f5e32d06decb5c1b1403d37a5a2ab7c4e30895652f3af435ccaaeee8a9a1,d2fa3c20a,,,0530be227f4a10c5545cce8d3db20ac5a4d76a66,REVIEW_REQUIRED,Unknown,false,REVIEW_REQUIRED,REVIEW_REQUIRED,REVIEW,no path match in OpenProj baseline; classify origin manually,
modules/microproject_core/src/main/java/com/microproject/core/fields/package-info.java,microproject_core,java,HEAD,453252911d440b65479d852518de270c43233959062e3ecf38e594047475799b,d2fa3c20a,,,0530be227f4a10c5545cce8d3db20ac5a4d76a66,REVIEW_REQUIRED,Unknown,false,REVIEW_REQUIRED,REVIEW_REQUIRED,REVIEW,no path match in OpenProj baseline; classify origin manually,
modules/microproject_core/src/main/java/com/microproject/core/id/UniqueId.java,microproject_core,java,HEAD,949540455dc97f38c4a421125cab4bc3b854a21423da4a5c217bf74091a98c4a,d2fa3c20a,,,0530be227f4a10c5545cce8d3db20ac5a4d76a66,REVIEW_REQUIRED,Unknown,false,REVIEW_REQUIRED,REVIEW_REQUIRED,REVIEW,no path match in OpenProj baseline; classify origin manually,
modules/microproject_core/src/main/java/com/microproject/core/nodes/AbstractNode.java,microproject_core,java,HEAD,1dafc062e279195b5be411f9b6ca4b97da665042b24d4acf8a2958a1aaa38e8d,d2fa3c20a,,,0530be227f4a10c5545cce8d3db20ac5a4d76a66,REVIEW_REQUIRED,Unknown,false,REVIEW_REQUIRED,REVIEW_REQUIRED,REVIEW,no path match in OpenProj baseline; classify origin manually,
modules/microproject_core/src/main/java/com/microproject/core/nodes/DefaultNode.java,microproject_core,java,HEAD,332c97bda2c67a3de123641a1fe87c77f7275e86ea2c2520ef3c78f7b324acd6,d2fa3c20a,,,0530be227f4a10c5545cce8d3db20ac5a4d76a66,REVIEW_REQUIRED,Unknown,false,REVIEW_REQUIRED,REVIEW_REQUIRED,REVIEW,no path match in OpenProj baseline; classify origin manually,
modules/microproject_core/src/main/java/com/microproject/core/nodes/HasId.java,microproject_core,java,HEAD,2f693d2f44f5d885a82e850237e3cffdcc6239182aaaf7b95112b0dfc3aa4f74,d2fa3c20a,,,0530be227f4a10c5545cce8d3db20ac5a4d76a66,REVIEW_REQUIRED,Unknown,false,REVIEW_REQUIRED,REVIEW_REQUIRED,REVIEW,no path match in OpenProj baseline; classify origin manually,
modules/microproject_core/src/main/java/com/microproject/core/nodes/Node.java,microproject_core,java,HEAD,05652b0d33d0aa0567a1236d5e9d666cc77e55ad31031b3a8b0c0acfa65256e1,d2fa3c20a,,,0530be227f4a10c5545cce8d3db20ac5a4d76a66,REVIEW_REQUIRED,Unknown,false,REVIEW_REQUIRED,REVIEW_REQUIRED,REVIEW,no path match in OpenProj baseline; classify origin manually,
modules/microproject_core/src/main/java/com/microproject/core/nodes/NodeId.java,microproject_core,java,HEAD,1cb51dfd89307952ecc3169cdd29fab07e2756ac94e2e7433bce49afbc606577,d2fa3c20a,,,0530be227f4a10c5545cce8d3db20ac5a4d76a66,REVIEW_REQUIRED,Unknown,false,REVIEW_REQUIRED,REVIEW_REQUIRED,REVIEW,no path match in OpenProj baseline; classify origin manually,
modules/microproject_core/src/main/java/com/microproject/core/time/DefaultTimeInterval.java,microproject_core,java,HEAD,b699edd2fd2caa6b258638de6c9f6d4bb2863bae18d8c3102199df4ddd271627,d2fa3c20a,,,0530be227f4a10c5545cce8d3db20ac5a4d76a66,REVIEW_REQUIRED,Unknown,false,REVIEW_REQUIRED,REVIEW_REQUIRED,REVIEW,no path match in OpenProj baseline; classify origin manually,
modules/microproject_core/src/main/java/com/microproject/core/time/DefaultTimeIntervals.java,microproject_core,java,HEAD,221f5025c96afaf814ab2974c6897b0dbf9b6d47ab062578cc286dd0a5f124bb,d2fa3c20a,,,0530be227f4a10c5545cce8d3db20ac5a4d76a66,REVIEW_REQUIRED,Unknown,false,REVIEW_REQUIRED,REVIEW_REQUIRED,REVIEW,no path match in OpenProj baseline; classify origin manually,
modules/microproject_core/src/main/java/com/microproject/core/time/DefaultTimephasedValue.java,microproject_core,java,HEAD,dc8a0e52a65222b5c74512038eabcfab86885669ff465ba426cda52f19b4aba9,d2fa3c20a,,,0530be227f4a10c5545cce8d3db20ac5a4d76a66,REVIEW_REQUIRED,Unknown,false,REVIEW_REQUIRED,REVIEW_REQUIRED,REVIEW,no path match in OpenProj baseline; classify origin manually,
modules/microproject_core/src/main/java/com/microproject/core/time/DefaultTimephasedValues.java,microproject_core,java,HEAD,a5ab25b8f28312c01ea5766993c445ca7386a19eca6fd04a980bfb82cdaec0be,d2fa3c20a,,,0530be227f4a10c5545cce8d3db20ac5a4d76a66,REVIEW_REQUIRED,Unknown,false,REVIEW_REQUIRED,REVIEW_REQUIRED,REVIEW,no path match in OpenProj baseline; classify origin manually,
modules/microproject_core/src/main/java/com/microproject/core/time/Duration.java,microproject_core,java,HEAD,b9ebf88295ab6d0301064f3e86e37fa605d94d64c6a532c62f744807e3b496e6,d2fa3c20a,,,0530be227f4a10c5545cce8d3db20ac5a4d76a66,REVIEW_REQUIRED,Unknown,false,REVIEW_REQUIRED,REVIEW_REQUIRED,REVIEW,no path match in OpenProj baseline; classify origin manually,
modules/microproject_core/src/main/java/com/microproject/core/time/Rate.java,microproject_core,java,HEAD,9083d6d03cc5d03e36062f89e78251b62bdbcd5957f4643709843b7c1d7a1212,d2fa3c20a,,,0530be227f4a10c5545cce8d3db20ac5a4d76a66,REVIEW_REQUIRED,Unknown,false,REVIEW_REQUIRED,REVIEW_REQUIRED,REVIEW,no path match in OpenProj baseline; classify origin manually,
modules/microproject_core/src/main/java/com/microproject/core/time/TimeInterval.java,microproject_core,java,HEAD,af7010cd7b000364c1edc29975c18716a5d1cc8894e1cdf88194bfcc8c24f41d,d2fa3c20a,,,0530be227f4a10c5545cce8d3db20ac5a4d76a66,REVIEW_REQUIRED,Unknown,false,REVIEW_REQUIRED,REVIEW_REQUIRED,REVIEW,no path match in OpenProj baseline; classify origin manually,
modules/microproject_core/src/main/java/com/microproject/core/time/TimeIntervals.java,microproject_core,java,HEAD,5636876e173ff033a1d5d66bf7596c8b5988d281a70d58e97d5b7bf76d76a00c,d2fa3c20a,,,0530be227f4a10c5545cce8d3db20ac5a4d76a66,REVIEW_REQUIRED,Unknown,false,REVIEW_REQUIRED,REVIEW_REQUIRED,REVIEW,no path match in OpenProj baseline; classify origin manually,
modules/microproject_core/src/main/java/com/microproject/core/time/TimeTypeBridge.java,microproject_core,java,HEAD,8398a08902e463aa9911e17016cb31a20ac0a4b859f02762a56cda1cff568a43,d2fa3c20a,,,0530be227f4a10c5545cce8d3db20ac5a4d76a66,REVIEW_REQUIRED,Unknown,false,REVIEW_REQUIRED,REVIEW_REQUIRED,REVIEW,no path match in OpenProj baseline; classify origin manually,
modules/microproject_core/src/main/java/com/microproject/core/time/TimeUnit.java,microproject_core,java,HEAD,fff23fadb67951a1e7d30a0a193128084da890a4a5542e7a547c341cc85bf985,d2fa3c20a,,,0530be227f4a10c5545cce8d3db20ac5a4d76a66,REVIEW_REQUIRED,Unknown,false,REVIEW_REQUIRED,REVIEW_REQUIRED,REVIEW,no path match in OpenProj baseline; classify origin manually,
modules/microproject_core/src/main/java/com/microproject/core/time/TimeUtil.java,microproject_core,java,HEAD,8df039ed54df21d75d8fcd030b35d45d3bbf2f58b1146943e4f079fdb3a79a82,d2fa3c20a,,,0530be227f4a10c5545cce8d3db20ac5a4d76a66,REVIEW_REQUIRED,Unknown,false,REVIEW_REQUIRED,REVIEW_REQUIRED,REVIEW,no path match in OpenProj baseline; classify origin manually,
modules/microproject_core/src/main/java/com/microproject/core/time/TimephasedType.java,microproject_core,java,HEAD,5b8fb4d568e011877eeaec24afd1fa91858c2ca9d1a50d99fbaf9d58b2ac3b9a,d2fa3c20a,,,0530be227f4a10c5545cce8d3db20ac5a4d76a66,REVIEW_REQUIRED,Unknown,false,REVIEW_REQUIRED,REVIEW_REQUIRED,REVIEW,no path match in OpenProj baseline; classify origin manually,
modules/microproject_core/src/main/java/com/microproject/core/time/TimephasedValue.java,microproject_core,java,HEAD,9eaaf88acc83e353acbcd2a0aa63f9206bfff0af305a0308fcdbe2729d4b2ffa,d2fa3c20a,,,0530be227f4a10c5545cce8d3db20ac5a4d76a66,REVIEW_REQUIRED,Unknown,false,REVIEW_REQUIRED,REVIEW_REQUIRED,REVIEW,no path match in OpenProj baseline; classify origin manually,
modules/microproject_core/src/main/java/com/microproject/core/time/Timephasedvalues.java,microproject_core,java,HEAD,1213cfcc1845ff9a037b23c9716163c57dfb9430a043167c855f59884ae40821,d2fa3c20a,,,0530be227f4a10c5545cce8d3db20ac5a4d76a66,REVIEW_REQUIRED,Unknown,false,REVIEW_REQUIRED,REVIEW_REQUIRED,REVIEW,no path match in OpenProj baseline; classify origin manually,
modules/microproject_core/src/main/java/com/microproject/core/time/WorkContour.java,microproject_core,java,HEAD,d41c350f77e907279326e95124250a3034d581da8e1a368340e7119a37666e8f,d2fa3c20a,,,0530be227f4a10c5545cce8d3db20ac5a4d76a66,REVIEW_REQUIRED,Unknown,false,REVIEW_REQUIRED,REVIEW_REQUIRED,REVIEW,no path match in OpenProj baseline; classify origin manually,
modules/microproject_core/src/main/java/com/microproject/core/time/package-info.java,microproject_core,java,HEAD,c0a2d47fe444564fd6a755250148dd4e86a36e1c7a6fbf44e867f896432eb5de,d2fa3c20a,,,0530be227f4a10c5545cce8d3db20ac5a4d76a66,REVIEW_REQUIRED,Unknown,false,REVIEW_REQUIRED,REVIEW_REQUIRED,REVIEW,no path match in OpenProj baseline; classify origin manually,
modules/microproject_core/src/main/java/com/microproject/core/util/ArrayFormatException.java,microproject_core,java,HEAD,4f49f889b1289ea6f1572a4574b0650deaeef6f8060259b2bfbad10198192250,d2fa3c20a,,,0530be227f4a10c5545cce8d3db20ac5a4d76a66,REVIEW_REQUIRED,Unknown,false,REVIEW_REQUIRED,REVIEW_REQUIRED,REVIEW,no path match in OpenProj baseline; classify origin manually,
modules/microproject_core/src/main/java/com/microproject/core/util/ArrayUtil.java,microproject_core,java,HEAD,b194462589ab89c6d7f6194cef88ad32a8621e31ca023628e9146b21621923bd,d2fa3c20a,,,0530be227f4a10c5545cce8d3db20ac5a4d76a66,REVIEW_REQUIRED,Unknown,false,REVIEW_REQUIRED,REVIEW_REQUIRED,REVIEW,no path match in OpenProj baseline; classify origin manually,
modules/microproject_core/src/main/java/com/microproject/core/util/ResourceUtil.java,microproject_core,java,HEAD,37e1ab4d329cfdf16a35583bd3c603807027217d0a3c9dbd6b63ed22989215fe,d2fa3c20a,,,0530be227f4a10c5545cce8d3db20ac5a4d76a66,REVIEW_REQUIRED,Unknown,false,REVIEW_REQUIRED,REVIEW_REQUIRED,REVIEW,no path match in OpenProj baseline; classify origin manually,
modules/microproject_core/src/main/java/com/microproject/datatype/CanSupplyRateUnit.java,microproject_core,java,HEAD,1d85a284d9783330d6d8390a14d980058a066c02a40c95d6f0f778ec9d7888d3,d2fa3c20a,openproj_core/src/com/projity/datatype/CanSupplyRateUnit.java,f846f70cd5b472406efb8ab4197c5e6cfed005b63bfb258d796181abcbcfaab7,0530be227f4a10c5545cce8d3db20ac5a4d76a66,REVIEW_REQUIRED,Unknown,true,REVIEW_REQUIRED,REVIEW_REQUIRED,KEEP_OPENPROJ,normalized content matches OpenProj baseline,
modules/microproject_core/src/main/java/com/microproject/datatype/Duration.java,microproject_core,java,HEAD,57a6d5eb7c8a0216702b81e56725d0c47f2b1151f53e642260249d3e922a8367,d2fa3c20a,openproj_core/src/com/projity/datatype/Duration.java,b1d6229b9837a599c0d406a1572a703f767e2a40db3f24ea69083886c44a9e7a,0530be227f4a10c5545cce8d3db20ac5a4d76a66,REVIEW_REQUIRED,Unknown,false,REVIEW_REQUIRED,REVIEW_REQUIRED,REVIEW,OpenProj path exists but content differs; perform hunk-level comparison,
modules/microproject_core/src/main/java/com/microproject/datatype/DurationFormat.java,microproject_core,java,HEAD,5de0ebec8f001329e9db53140c0fe0521a2aeef8dbd58f97568348c42e31fe25,d2fa3c20a,openproj_core/src/com/projity/datatype/DurationFormat.java,bb1e29fdcb0718577f766f9e9bcfbf17119a321fe3b5bc5eef60d917a2d66e51,0530be227f4a10c5545cce8d3db20ac5a4d76a66,REVIEW_REQUIRED,Unknown,false,REVIEW_REQUIRED,REVIEW_REQUIRED,REVIEW,OpenProj path exists but content differs; perform hunk-level comparison,
modules/microproject_core/src/main/java/com/microproject/datatype/Hyperlink.java,microproject_core,java,HEAD,942dcdcd88e597b45b9b435426ffecc75048272078f4dbf98dc28f6b5a99535e,d2fa3c20a,openproj_core/src/com/projity/datatype/Hyperlink.java,e246b489167e43499396c10407d8e96e711300f76b0e067f091ada9048001dec,0530be227f4a10c5545cce8d3db20ac5a4d76a66,REVIEW_REQUIRED,Unknown,true,REVIEW_REQUIRED,REVIEW_REQUIRED,KEEP_OPENPROJ,normalized content matches OpenProj baseline,
modules/microproject_core/src/main/java/com/microproject/datatype/ImageLink.java,microproject_core,java,HEAD,0f9a72b33c7188c210cf2651f57f591b71b57c45e6fb9b9c41cc12effe34fc5d,d2fa3c20a,openproj_core/src/com/projity/datatype/ImageLink.java,f1e5cbeb7528701bf7e2dd5d7af50ec7cc24a2da3c5fe1e32615950e05584216,0530be227f4a10c5545cce8d3db20ac5a4d76a66,REVIEW_REQUIRED,Unknown,false,REVIEW_REQUIRED,REVIEW_REQUIRED,REVIEW,OpenProj path exists but content differs; perform hunk-level comparison,
modules/microproject_core/src/main/java/com/microproject/datatype/Money.java,microproject_core,java,HEAD,0a61a2cfe15e95ffcf876c841a4e069f31c48455d104e89f6f1b11f5bdf5cac5,d2fa3c20a,openproj_core/src/com/projity/datatype/Money.java,77b526954db84e2fb8f37baa70200c545b8e697153c0b0914d089e501e6fca95,0530be227f4a10c5545cce8d3db20ac5a4d76a66,REVIEW_REQUIRED,Unknown,false,REVIEW_REQUIRED,REVIEW_REQUIRED,REVIEW,OpenProj path exists but content differs; perform hunk-level comparison,
modules/microproject_core/src/main/java/com/microproject/datatype/PercentFormat.java,microproject_core,java,HEAD,6087b942ed515f1736fdffac623b3f99ace855a4cd72b687d225ebe723921c47,d2fa3c20a,openproj_core/src/com/projity/datatype/PercentFormat.java,5e91ba694907bfee22bd88a6dd80643b99de879299e883473565a79764c7b07c,0530be227f4a10c5545cce8d3db20ac5a4d76a66,REVIEW_REQUIRED,Unknown,false,REVIEW_REQUIRED,REVIEW_REQUIRED,REVIEW,OpenProj path exists but content differs; perform hunk-level comparison,
modules/microproject_core/src/main/java/com/microproject/datatype/Rate.java,microproject_core,java,HEAD,7255d12335da94b2c2eb4dc3b0b5ba70ec60accbc2d0b698224ef2a14826cad8,d2fa3c20a,openproj_core/src/com/projity/datatype/Rate.java,3e863baac057d3431501afd458ec93e08c5f29ead5c623d51bdeee187ad12534,0530be227f4a10c5545cce8d3db20ac5a4d76a66,REVIEW_REQUIRED,Unknown,false,REVIEW_REQUIRED,REVIEW_REQUIRED,REVIEW,OpenProj path exists but content differs; perform hunk-level comparison,
modules/microproject_core/src/main/java/com/microproject/datatype/RateFormat.java,microproject_core,java,HEAD,90712d523d06a8216d3935e301550c9e6fe51f048005e199d41a334e26481485,d2fa3c20a,openproj_core/src/com/projity/datatype/RateFormat.java,9d5eedfe9c3d6759391ad93f0bd6a33f78cc860728c30d13ba12d88cb1a368ab,0530be227f4a10c5545cce8d3db20ac5a4d76a66,REVIEW_REQUIRED,Unknown,false,REVIEW_REQUIRED,REVIEW_REQUIRED,REVIEW,OpenProj path exists but content differs; perform hunk-level comparison,
modules/microproject_core/src/main/java/com/microproject/datatype/TimeUnit.java,microproject_core,java,HEAD,8e41d7ffa43f29c17e25a6bd89e42c33939d5f15ec3e72443746c1c86a037950,d2fa3c20a,openproj_core/src/com/projity/datatype/TimeUnit.java,30a61d00aba3623dbf9eb9b192243f8d8103d677b9bb3a9c6a0a9b655eea11bb,0530be227f4a10c5545cce8d3db20ac5a4d76a66,REVIEW_REQUIRED,Unknown,false,REVIEW_REQUIRED,REVIEW_REQUIRED,REVIEW,OpenProj path exists but content differs; perform hunk-level comparison,
modules/microproject_core/src/main/java/com/microproject/datatype/Work.java,microproject_core,java,HEAD,731b9085e932313d39ca246049c5cfbda009b1acf3f3ce004d643e6d89d71f37,d2fa3c20a,openproj_core/src/com/projity/datatype/Work.java,6a9ae5b5f2e02040a0a4e56340989e922e508eeb0274850351c4536d9d0d802a,0530be227f4a10c5545cce8d3db20ac5a4d76a66,REVIEW_REQUIRED,Unknown,true,REVIEW_REQUIRED,REVIEW_REQUIRED,KEEP_OPENPROJ,normalized content matches OpenProj baseline,
modules/microproject_core/src/main/java/com/microproject/document/Document.java,microproject_core,java,HEAD,861ae65ec2374256e8b64eb802d60c9708bd4b8b2a1288fb7c4dbfabafb54603,d2fa3c20a,openproj_core/src/com/projity/document/Document.java,6aa50358cda4c4c74624f23eb758d40503995686cdb7099aa088a13cdf774a04,0530be227f4a10c5545cce8d3db20ac5a4d76a66,REVIEW_REQUIRED,Unknown,true,REVIEW_REQUIRED,REVIEW_REQUIRED,KEEP_OPENPROJ,normalized content matches OpenProj baseline,
modules/microproject_core/src/main/java/com/microproject/document/ObjectEvent.java,microproject_core,java,HEAD,1510b1089aea7d4065180752d87f5caff8a4730f671e90a8af230f67fec72b7e,d2fa3c20a,openproj_core/src/com/projity/document/ObjectEvent.java,7783914c650afaaa716222c91d342b349b75d12f13229cd7236b87f1b7565116,0530be227f4a10c5545cce8d3db20ac5a4d76a66,REVIEW_REQUIRED,Unknown,false,REVIEW_REQUIRED,REVIEW_REQUIRED,REVIEW,OpenProj path exists but content differs; perform hunk-level comparison,
modules/microproject_core/src/main/java/com/microproject/document/ObjectEventManager.java,microproject_core,java,HEAD,c3826d4f83db2731d132320973600f08e3f83913cf782f2488ce2025c6243733,d2fa3c20a,openproj_core/src/com/projity/document/ObjectEventManager.java,824e4919f9cc87f7ccf1c4bb8f82bcffa3ccc6bcb169fbead212b4c225ed0fa3,0530be227f4a10c5545cce8d3db20ac5a4d76a66,REVIEW_REQUIRED,Unknown,false,REVIEW_REQUIRED,REVIEW_REQUIRED,REVIEW,OpenProj path exists but content differs; perform hunk-level comparison,
modules/microproject_core/src/main/java/com/microproject/document/ObjectSelectionEvent.java,microproject_core,java,HEAD,b4db580c05538267fc55add0a3c4deee317072421357be73536c479795d97417,d2fa3c20a,openproj_core/src/com/projity/document/ObjectSelectionEvent.java,fb752fbc35c7c1f91ee61909c99c2938312a670d4ef62a8b1fd95db73ae25ae9,0530be227f4a10c5545cce8d3db20ac5a4d76a66,REVIEW_REQUIRED,Unknown,true,REVIEW_REQUIRED,REVIEW_REQUIRED,KEEP_OPENPROJ,normalized content matches OpenProj baseline,
modules/microproject_core/src/main/java/com/microproject/document/ObjectSelectionEventManager.java,microproject_core,java,HEAD,94d9c294e23e0b336e242a548dc568941b42fa72d6312aad42e929a0524213f2,d2fa3c20a,openproj_core/src/com/projity/document/ObjectSelectionEventManager.java,e3de38716e6534314ded8d7368907927b8b1697fb8891deb5db8857c92f7aff1,0530be227f4a10c5545cce8d3db20ac5a4d76a66,REVIEW_REQUIRED,Unknown,true,REVIEW_REQUIRED,REVIEW_REQUIRED,KEEP_OPENPROJ,normalized content matches OpenProj baseline,
modules/microproject_core/src/main/java/com/microproject/document/ObjectSelectionListener.java,microproject_core,java,HEAD,78fd60f11832b086a86f3ce74b7166b46220f292395eae4b69da79f5c6183b3a,d2fa3c20a,openproj_core/src/com/projity/document/ObjectSelectionListener.java,f0edc7c27f2e2f99197956e5b217f907dde2ac1fc01ddc1d9208b29a0a7ba58b,0530be227f4a10c5545cce8d3db20ac5a4d76a66,REVIEW_REQUIRED,Unknown,true,REVIEW_REQUIRED,REVIEW_REQUIRED,KEEP_OPENPROJ,normalized content matches OpenProj baseline,
modules/microproject_core/src/main/java/com/microproject/exchange/FileImporter.java,microproject_core,java,HEAD,cde1832f61c65b76aafa95f9e81653dbcb1fd38136d4ae08321be55728e5fc9b,d2fa3c20a,openproj_core/src/com/projity/exchange/FileImporter.java,f86f7e63f1d4c92325865fa6e22dbc59909d0efab2a6fd400d6fd8b775c88143,0530be227f4a10c5545cce8d3db20ac5a4d76a66,REVIEW_REQUIRED,Unknown,false,REVIEW_REQUIRED,REVIEW_REQUIRED,REVIEW,OpenProj path exists but content differs; perform hunk-level comparison,
modules/microproject_core/src/main/java/com/microproject/exchange/FileImporterProvider.java,microproject_core,java,HEAD,f82ce81a13824dbcf12f49521018428d99303c56ec196b996f280333df376542,d2fa3c20a,,,0530be227f4a10c5545cce8d3db20ac5a4d76a66,REVIEW_REQUIRED,Unknown,false,REVIEW_REQUIRED,REVIEW_REQUIRED,REVIEW,no path match in OpenProj baseline; classify origin manually,
modules/microproject_core/src/main/java/com/microproject/exchange/ImporterRegistry.java,microproject_core,java,HEAD,54614eb510c5c4457be5fdb3ca40c20939246c95282d5923ed0ec9c8752e8648,d2fa3c20a,,,0530be227f4a10c5545cce8d3db20ac5a4d76a66,REVIEW_REQUIRED,Unknown,false,REVIEW_REQUIRED,REVIEW_REQUIRED,REVIEW,no path match in OpenProj baseline; classify origin manually,
modules/microproject_core/src/main/java/com/microproject/exchange/LocalFileImporter.java,microproject_core,java,HEAD,dda080cabc9e514f08e677194cffb466d85c3e695ab4b5a5cd34458f897c936b,d2fa3c20a,openproj_core/src/com/projity/exchange/LocalFileImporter.java,d37405ebbbea2fa19bedaf7fe13d283ff5275820de2a910b058246bd594ed43f,0530be227f4a10c5545cce8d3db20ac5a4d76a66,REVIEW_REQUIRED,Unknown,false,REVIEW_REQUIRED,REVIEW_REQUIRED,REVIEW,OpenProj path exists but content differs; perform hunk-level comparison,
modules/microproject_core/src/main/java/com/microproject/exchange/ResourceMappingForm.java,microproject_core,java,HEAD,d53e93872b5ec242fdfce896dd3b1e3a126907b9d6b02640c03c056a89a9b88b,d2fa3c20a,openproj_core/src/com/projity/exchange/ResourceMappingForm.java,e3cf151cdfa27a9528d628b181d6ceb256ace90a277e2bf0220fee32b874c04c,0530be227f4a10c5545cce8d3db20ac5a4d76a66,REVIEW_REQUIRED,Unknown,false,REVIEW_REQUIRED,REVIEW_REQUIRED,REVIEW,OpenProj path exists but content differs; perform hunk-level comparison,
modules/microproject_core/src/main/java/com/microproject/field/AlgorithmFieldUpdater.java,microproject_core,java,HEAD,773666553f41446c967f49c0b26ae4471dfeb16070027e24fc638d2b17e4bd8d,d2fa3c20a,openproj_core/src/com/projity/field/AlgorithmFieldUpdater.java,a2f6710624670ada8c3e3d60a945d8abd2d642d45f6c6c3daf4087459cc8e400,0530be227f4a10c5545cce8d3db20ac5a4d76a66,REVIEW_REQUIRED,Unknown,false,REVIEW_REQUIRED,REVIEW_REQUIRED,REVIEW,OpenProj path exists but content differs; perform hunk-level comparison,
modules/microproject_core/src/main/java/com/microproject/field/CanBeDirty.java,microproject_core,java,HEAD,0a367a5056b79095020661996235e82a99b68eb3e5af93168e921dcef07c44a6,d2fa3c20a,openproj_core/src/com/projity/field/CanBeDirty.java,6a69c23dbc0cbd39904876f936f883d2c4cc647b4f99f886711697591b7d0241,0530be227f4a10c5545cce8d3db20ac5a4d76a66,REVIEW_REQUIRED,Unknown,true,REVIEW_REQUIRED,REVIEW_REQUIRED,KEEP_OPENPROJ,normalized content matches OpenProj baseline,
modules/microproject_core/src/main/java/com/microproject/field/CustomFields.java,microproject_core,java,HEAD,b92c90502a620da2c94f19237694819e7f8f097a926c866fe7097f4d6afdd345,d2fa3c20a,openproj_core/src/com/projity/field/CustomFields.java,7f0908667121b93f2b2dfc5f3786634d2006d4888ea2e7f8d49db9f8de8ec6e6,0530be227f4a10c5545cce8d3db20ac5a4d76a66,REVIEW_REQUIRED,Unknown,true,REVIEW_REQUIRED,REVIEW_REQUIRED,KEEP_OPENPROJ,normalized content matches OpenProj baseline,
modules/microproject_core/src/main/java/com/microproject/field/CustomFieldsImpl.java,microproject_core,java,HEAD,2eb67d596d8aed1c918622bbb748f4c474335e37418c1c34e55fc3a04a7222ee,d2fa3c20a,openproj_core/src/com/projity/field/CustomFieldsImpl.java,50e10c5c00a218e52545d18af01dd1305cb4ea9c6e0813f6bd6b32ba7eed77c4,0530be227f4a10c5545cce8d3db20ac5a4d76a66,REVIEW_REQUIRED,Unknown,false,REVIEW_REQUIRED,REVIEW_REQUIRED,REVIEW,OpenProj path exists but content differs; perform hunk-level comparison,
modules/microproject_core/src/main/java/com/microproject/field/DefaultFieldAccessControl.java,microproject_core,java,HEAD,2f7142bd0a601d2e9cdbc7c2ce72ee0189557d6e7e035fbc6ca903151ed9c2a8,d2fa3c20a,openproj_core/src/com/projity/field/DefaultFieldAccessControl.java,2802832acb032d87403a8af88fa9fee477eaeb6a150c85afdfacabe4859da51a,0530be227f4a10c5545cce8d3db20ac5a4d76a66,REVIEW_REQUIRED,Unknown,true,REVIEW_REQUIRED,REVIEW_REQUIRED,KEEP_OPENPROJ,normalized content matches OpenProj baseline,
modules/microproject_core/src/main/java/com/microproject/field/DelegatesFields.java,microproject_core,java,HEAD,d06d70085c9f01af77ec8ef3cf02997f4a2a4b7a139c0ae84305fe35703f38e3,d2fa3c20a,openproj_core/src/com/projity/field/DelegatesFields.java,d572040355eddccee3c2c7e5067106e0c504e4816292564028e450c0363ac14e,0530be227f4a10c5545cce8d3db20ac5a4d76a66,REVIEW_REQUIRED,Unknown,true,REVIEW_REQUIRED,REVIEW_REQUIRED,KEEP_OPENPROJ,normalized content matches OpenProj baseline,
modules/microproject_core/src/main/java/com/microproject/field/DynamicSelect.java,microproject_core,java,HEAD,f17e90b9050733a0c3b525650ccca75add43ec37d873a68c070c14753ea7562c,d2fa3c20a,openproj_core/src/com/projity/field/DynamicSelect.java,02d1fc330d5c93e0f50f846a17468c17a3d2536d5681b4294db313e607799af3,0530be227f4a10c5545cce8d3db20ac5a4d76a66,REVIEW_REQUIRED,Unknown,false,REVIEW_REQUIRED,REVIEW_REQUIRED,REVIEW,OpenProj path exists but content differs; perform hunk-level comparison,
modules/microproject_core/src/main/java/com/microproject/field/Field.java,microproject_core,java,HEAD,52065f61384dbf70c54f18c6e7181ef39855a03a04c59df4ec082a04e299264f,d2fa3c20a,openproj_core/src/com/projity/field/Field.java,fd7634278cbee7c60e6d679ed32d8ac0cd5241f1f0754cc8e3445113e3b0d2dd,0530be227f4a10c5545cce8d3db20ac5a4d76a66,REVIEW_REQUIRED,Unknown,false,REVIEW_REQUIRED,REVIEW_REQUIRED,REVIEW,OpenProj path exists but content differs; perform hunk-level comparison,
modules/microproject_core/src/main/java/com/microproject/field/FieldAccessible.java,microproject_core,java,HEAD,ae65128b71534ae2077165e4e3a120cdd36cb4716916d6c86c1907bc482ff37e,d2fa3c20a,openproj_core/src/com/projity/field/FieldAccessible.java,3a3986616b00cbacce2e9959b5d3e72215b72e665fa5bdee88f8e897cda8afa9,0530be227f4a10c5545cce8d3db20ac5a4d76a66,REVIEW_REQUIRED,Unknown,true,REVIEW_REQUIRED,REVIEW_REQUIRED,KEEP_OPENPROJ,normalized content matches OpenProj baseline,
modules/microproject_core/src/main/java/com/microproject/field/FieldContext.java,microproject_core,java,HEAD,312804b5769d1aad3b6dfa2f18729a92c9c19b1e56a02f00f0ac8cd348cb76e3,d2fa3c20a,openproj_core/src/com/projity/field/FieldContext.java,40f3a1bd94bc8efa509b15100b7d5f93405dbf656f46da859c7b3b38dd5005d4,0530be227f4a10c5545cce8d3db20ac5a4d76a66,REVIEW_REQUIRED,Unknown,false,REVIEW_REQUIRED,REVIEW_REQUIRED,REVIEW,OpenProj path exists but content differs; perform hunk-level comparison,
modules/microproject_core/src/main/java/com/microproject/field/FieldConverter.java,microproject_core,java,HEAD,4a110cbedbc9d0a0b06828715e7886c833c093323f749a98b5f6d421fc385ce0,d2fa3c20a,openproj_core/src/com/projity/field/FieldConverter.java,d82680c5c5e7c1d72e4566f59b2069a9dfda3f83f1158b46c1010251b65e9f36,0530be227f4a10c5545cce8d3db20ac5a4d76a66,REVIEW_REQUIRED,Unknown,false,REVIEW_REQUIRED,REVIEW_REQUIRED,REVIEW,OpenProj path exists but content differs; perform hunk-level comparison,
modules/microproject_core/src/main/java/com/microproject/field/FieldParseException.java,microproject_core,java,HEAD,75e9df7f9ae4ff475ccfffd77ea7fe1b6b65eca95e06a1fa9cfaf8e54d1d1426,d2fa3c20a,openproj_core/src/com/projity/field/FieldParseException.java,ad55154ed5de87fea6bd26d683089722925f654151bc9302f0f3651cda43ff90,0530be227f4a10c5545cce8d3db20ac5a4d76a66,REVIEW_REQUIRED,Unknown,false,REVIEW_REQUIRED,REVIEW_REQUIRED,REVIEW,OpenProj path exists but content differs; perform hunk-level comparison,
modules/microproject_core/src/main/java/com/microproject/field/FieldValues.java,microproject_core,java,HEAD,7a3e91a2d9019fc9e7f4eced62283ec21d974db759b6153a05923fc03e6c1963,d2fa3c20a,openproj_core/src/com/projity/field/FieldValues.java,f5a9c69d63ff59642b47f83e1af1affe636291a697294839e181de56e303e90e,0530be227f4a10c5545cce8d3db20ac5a4d76a66,REVIEW_REQUIRED,Unknown,false,REVIEW_REQUIRED,REVIEW_REQUIRED,REVIEW,OpenProj path exists but content differs; perform hunk-level comparison,
modules/microproject_core/src/main/java/com/microproject/field/Finder.java,microproject_core,java,HEAD,eece8c739b181b476bc17520b9e419e6cf946ab4e78b1328c6264547ddae6a84,d2fa3c20a,openproj_core/src/com/projity/field/Finder.java,30db8d89aba8c176252be1cf8b59e43491ef981bf97d8ec259898c0571ed2291,0530be227f4a10c5545cce8d3db20ac5a4d76a66,REVIEW_REQUIRED,Unknown,false,REVIEW_REQUIRED,REVIEW_REQUIRED,REVIEW,OpenProj path exists but content differs; perform hunk-level comparison,
modules/microproject_core/src/main/java/com/microproject/field/HasExtraFields.java,microproject_core,java,HEAD,08f38630eab0aa47e210a9e1780c5283a3f8ad94aa614a43b5bdf02fb2a507a1,d2fa3c20a,openproj_core/src/com/projity/field/HasExtraFields.java,5243d61f3ac88934d14acd2810d4dad84f38837f698bfeb16814b6385808af81,0530be227f4a10c5545cce8d3db20ac5a4d76a66,REVIEW_REQUIRED,Unknown,false,REVIEW_REQUIRED,REVIEW_REQUIRED,REVIEW,OpenProj path exists but content differs; perform hunk-level comparison,
modules/microproject_core/src/main/java/com/microproject/field/HasExtraFieldsImpl.java,microproject_core,java,HEAD,1c617f814868f32c16c8f88c56835f32b07e831ad3722e0c95485d50281beda0,d2fa3c20a,openproj_core/src/com/projity/field/HasExtraFieldsImpl.java,55bdfff74eb4989319964dfba1deddb1695088ac219863071f7e98e59b70052d,0530be227f4a10c5545cce8d3db20ac5a4d76a66,REVIEW_REQUIRED,Unknown,false,REVIEW_REQUIRED,REVIEW_REQUIRED,REVIEW,OpenProj path exists but content differs; perform hunk-level comparison,
modules/microproject_core/src/main/java/com/microproject/field/InvalidFormulaException.java,microproject_core,java,HEAD,3f71c7da82216dbc249d37c84752446406a79fd2fa3862edc360a30b2b392270,d2fa3c20a,openproj_core/src/com/projity/field/InvalidFormulaException.java,f1fdf84e80aaf171d449210862261287871e4396248e421f0bcd76fa3583bb8f,0530be227f4a10c5545cce8d3db20ac5a4d76a66,REVIEW_REQUIRED,Unknown,false,REVIEW_REQUIRED,REVIEW_REQUIRED,REVIEW,OpenProj path exists but content differs; perform hunk-level comparison,
modules/microproject_core/src/main/java/com/microproject/field/ObjectRef.java,microproject_core,java,HEAD,a842c9920854cb877eedd5fcf94832c19b838f9d573968174c9fbd505b1af972,d2fa3c20a,openproj_core/src/com/projity/field/ObjectRef.java,d244d5644be9d6ca94a895cb90d2da24667790d11c377c251cb7cc5148d3f487,0530be227f4a10c5545cce8d3db20ac5a4d76a66,REVIEW_REQUIRED,Unknown,false,REVIEW_REQUIRED,REVIEW_REQUIRED,REVIEW,OpenProj path exists but content differs; perform hunk-level comparison,
modules/microproject_core/src/main/java/com/microproject/field/OptionsFilter.java,microproject_core,java,HEAD,9f695ccd258e9b37416ec66b7921a3a8bcf26052bf6c62e7cbbe1918de13dcac,d2fa3c20a,openproj_core/src/com/projity/field/OptionsFilter.java,a1032428f1091bb967d60069e33a00444649aa1d0eb36d1d0ba32c349ded4824,0530be227f4a10c5545cce8d3db20ac5a4d76a66,REVIEW_REQUIRED,Unknown,false,REVIEW_REQUIRED,REVIEW_REQUIRED,REVIEW,OpenProj path exists but content differs; perform hunk-level comparison,
modules/microproject_core/src/main/java/com/microproject/field/Range.java,microproject_core,java,HEAD,477d99587af1aaf076844ddb9d9b84e0dfcc35567cd1fa2bfe7667f4bba0ff57,d2fa3c20a,openproj_core/src/com/projity/field/Range.java,871d9d3c8e826559dc695f62852e0c31a1086d2850386119524d72c852e21606,0530be227f4a10c5545cce8d3db20ac5a4d76a66,REVIEW_REQUIRED,Unknown,false,REVIEW_REQUIRED,REVIEW_REQUIRED,REVIEW,OpenProj path exists but content differs; perform hunk-level comparison,
modules/microproject_core/src/main/java/com/microproject/field/Select.java,microproject_core,java,HEAD,b37c5e2a2dc6b35fa204f47dac29d4e4a14d04e04077d570f5721365dbf9dda8,d2fa3c20a,openproj_core/src/com/projity/field/Select.java,be6ee69c52c05c322f69d7bf172ab6a8836801a92a5faa460bca22278d606ea3,0530be227f4a10c5545cce8d3db20ac5a4d76a66,REVIEW_REQUIRED,Unknown,false,REVIEW_REQUIRED,REVIEW_REQUIRED,REVIEW,OpenProj path exists but content differs; perform hunk-level comparison,
modules/microproject_core/src/main/java/com/microproject/field/SelectOption.java,microproject_core,java,HEAD,a1571c8ce2ab6355335d66f77ae7743baca0c4835b73886729c87ef1412cc1d2,d2fa3c20a,openproj_core/src/com/projity/field/SelectOption.java,15230467cf6746bb419a9c212573cbe665ad557c90d6a203c3829159fd908e1a,0530be227f4a10c5545cce8d3db20ac5a4d76a66,REVIEW_REQUIRED,Unknown,false,REVIEW_REQUIRED,REVIEW_REQUIRED,REVIEW,OpenProj path exists but content differs; perform hunk-level comparison,
modules/microproject_core/src/main/java/com/microproject/field/StaticSelect.java,microproject_core,java,HEAD,06e360c20dc205fbe5696421dc8d97a0ee47bb881056f846693a07f5575674df,d2fa3c20a,openproj_core/src/com/projity/field/StaticSelect.java,b41423282c529dc943263b3f8ad411543ef9cef0cd038d785370e024f44e9c14,0530be227f4a10c5545cce8d3db20ac5a4d76a66,REVIEW_REQUIRED,Unknown,false,REVIEW_REQUIRED,REVIEW_REQUIRED,REVIEW,OpenProj path exists but content differs; perform hunk-level comparison,
modules/microproject_core/src/main/java/com/microproject/graphic/configuration/ActionList.java,microproject_core,java,HEAD,38e62c7c58743094501f8dfbaf441ba4561fb7273bad02eaee0336c9aa6ee530,d2fa3c20a,openproj_core/src/com/projity/graphic/configuration/ActionList.java,3ec33d1cc9d4356180bff4826dfadcd5e6d8c845794ef307dff9669d95e954fb,0530be227f4a10c5545cce8d3db20ac5a4d76a66,REVIEW_REQUIRED,Unknown,true,REVIEW_REQUIRED,REVIEW_REQUIRED,KEEP_OPENPROJ,normalized content matches OpenProj baseline,
modules/microproject_core/src/main/java/com/microproject/graphic/configuration/ActionListFactory.java,microproject_core,java,HEAD,0aab65375b058d5fc056d42af9944d615d0b16f433a5cc343bf9f685ee618f7e,d2fa3c20a,openproj_core/src/com/projity/graphic/configuration/ActionListFactory.java,6494a36aab7a6ae472d0d5a6b89364f25a589bc559c2310a923d0e7f7558c1b7,0530be227f4a10c5545cce8d3db20ac5a4d76a66,REVIEW_REQUIRED,Unknown,false,REVIEW_REQUIRED,REVIEW_REQUIRED,REVIEW,OpenProj path exists but content differs; perform hunk-level comparison,
modules/microproject_core/src/main/java/com/microproject/graphic/configuration/ActionLists.java,microproject_core,java,HEAD,cd5770814c15dd92ba8a1b4174a4f3080b4665b2d3d028e3afc7b6d78813d400,d2fa3c20a,openproj_core/src/com/projity/graphic/configuration/ActionLists.java,92a39ec371e537574776b5c8374f452a7131289b4ee5d7f393cfc938751264a1,0530be227f4a10c5545cce8d3db20ac5a4d76a66,REVIEW_REQUIRED,Unknown,false,REVIEW_REQUIRED,REVIEW_REQUIRED,REVIEW,OpenProj path exists but content differs; perform hunk-level comparison,
modules/microproject_core/src/main/java/com/microproject/graphic/configuration/BarFormat.java,microproject_core,java,HEAD,04fec609bfc6115317030b6c5fe9dabaa43aff78190761d5b276ca3c6adac8fb,d2fa3c20a,openproj_core/src/com/projity/graphic/configuration/BarFormat.java,ff5c08402babc1dc74523f4617dbef3de087e97c14af1d4951d869a4dcba1d2f,0530be227f4a10c5545cce8d3db20ac5a4d76a66,REVIEW_REQUIRED,Unknown,false,REVIEW_REQUIRED,REVIEW_REQUIRED,REVIEW,OpenProj path exists but content differs; perform hunk-level comparison,
modules/microproject_core/src/main/java/com/microproject/graphic/configuration/BarStyle.java,microproject_core,java,HEAD,96bf7c5f230107a45f0d7619268b198e03cba713a152567a52d778cd38a030c3,d2fa3c20a,openproj_core/src/com/projity/graphic/configuration/BarStyle.java,c59030d8ba8973a9ce9aee7acfcd2032f2f2814cf7379e0e56a7ddbdf7a13709,0530be227f4a10c5545cce8d3db20ac5a4d76a66,REVIEW_REQUIRED,Unknown,false,REVIEW_REQUIRED,REVIEW_REQUIRED,REVIEW,OpenProj path exists but content differs; perform hunk-level comparison,
modules/microproject_core/src/main/java/com/microproject/graphic/configuration/BarStyles.java,microproject_core,java,HEAD,d86abd39df53d46a309d9c4e22851303f91c12e230ecb5b08bfbc3b14d71ac19,d2fa3c20a,openproj_core/src/com/projity/graphic/configuration/BarStyles.java,35d1576383eb1fee7ed58cae885f2e5e12dcbe98d978f8c471c5ecb64d714345,0530be227f4a10c5545cce8d3db20ac5a4d76a66,REVIEW_REQUIRED,Unknown,false,REVIEW_REQUIRED,REVIEW_REQUIRED,REVIEW,OpenProj path exists but content differs; perform hunk-level comparison,
modules/microproject_core/src/main/java/com/microproject/graphic/configuration/BarStylesFactory.java,microproject_core,java,HEAD,9226eec342cad667b6f3071b430715b3b0394d6423b0d031633b8f3d82b4b6cd,d2fa3c20a,openproj_core/src/com/projity/graphic/configuration/BarStylesFactory.java,ed8ab7c9f5c501de5c4e5bab7b72a0d9d3bf681e6da15709a9a9d0e2e37ab745,0530be227f4a10c5545cce8d3db20ac5a4d76a66,REVIEW_REQUIRED,Unknown,true,REVIEW_REQUIRED,REVIEW_REQUIRED,KEEP_OPENPROJ,normalized content matches OpenProj baseline,
modules/microproject_core/src/main/java/com/microproject/graphic/configuration/CellFormat.java,microproject_core,java,HEAD,dbdf0057172a8c5260a5a7a706b271fe57af8ecc621a83d861624387f8736f49,d2fa3c20a,openproj_core/src/com/projity/graphic/configuration/CellFormat.java,0bd6fc34a4447530acc356ace947d9ceca1853892d24dad249a4e8a3d914af54,0530be227f4a10c5545cce8d3db20ac5a4d76a66,REVIEW_REQUIRED,Unknown,true,REVIEW_REQUIRED,REVIEW_REQUIRED,KEEP_OPENPROJ,normalized content matches OpenProj baseline,
modules/microproject_core/src/main/java/com/microproject/graphic/configuration/CellStyle.java,microproject_core,java,HEAD,bdcd9e50c273b864fd25b77514c85bcd85e64565ccd8581bd701395d28fd93d6,d2fa3c20a,openproj_core/src/com/projity/graphic/configuration/CellStyle.java,ee2756baf5236ff48d704a2ee0bf7fcc3cef8aa880c5898aa50287fc905421d5,0530be227f4a10c5545cce8d3db20ac5a4d76a66,REVIEW_REQUIRED,Unknown,true,REVIEW_REQUIRED,REVIEW_REQUIRED,KEEP_OPENPROJ,normalized content matches OpenProj baseline,
modules/microproject_core/src/main/java/com/microproject/graphic/configuration/CellStyleFactory.java,microproject_core,java,HEAD,fc1dc23db250cd5071f6d40f890aa02dd47d612db499861cd84cdc98e7a1d6eb,d2fa3c20a,openproj_core/src/com/projity/graphic/configuration/CellStyleFactory.java,4f98632b2690e0dc9a3a5cee63d73f825276f3236fe576fd6e1414b13e7b6375,0530be227f4a10c5545cce8d3db20ac5a4d76a66,REVIEW_REQUIRED,Unknown,false,REVIEW_REQUIRED,REVIEW_REQUIRED,REVIEW,OpenProj path exists but content differs; perform hunk-level comparison,
modules/microproject_core/src/main/java/com/microproject/graphic/configuration/CellStyles.java,microproject_core,java,HEAD,461ad6c0ec2d69644fb94fb6ad5b3ebde3d6759f78aeb5fab2f3d074d8b6ed01,d2fa3c20a,openproj_core/src/com/projity/graphic/configuration/CellStyles.java,bbbfa97035cf2b3023840c4ae93f0662f848966bc56fb37d71da9829a318a1fb,0530be227f4a10c5545cce8d3db20ac5a4d76a66,REVIEW_REQUIRED,Unknown,false,REVIEW_REQUIRED,REVIEW_REQUIRED,REVIEW,OpenProj path exists but content differs; perform hunk-level comparison,
modules/microproject_core/src/main/java/com/microproject/graphic/configuration/FormBox.java,microproject_core,java,HEAD,78454af84f69a040ef7305b3b46d789c4ae7a289cfa17d7bac445affe4936114,d2fa3c20a,openproj_core/src/com/projity/graphic/configuration/FormBox.java,e05396a9f9004c805c008bede58d952402ae126fc0a745bf5c046e9158d6059a,0530be227f4a10c5545cce8d3db20ac5a4d76a66,REVIEW_REQUIRED,Unknown,false,REVIEW_REQUIRED,REVIEW_REQUIRED,REVIEW,OpenProj path exists but content differs; perform hunk-level comparison,
modules/microproject_core/src/main/java/com/microproject/graphic/configuration/FormBoxLayout.java,microproject_core,java,HEAD,31c1997418d69b242e3fe6e57a08d4ff52012fb942c46ed25086a0600e3a4009,d2fa3c20a,openproj_core/src/com/projity/graphic/configuration/FormBoxLayout.java,9e30ccf086ff5e2e6be63174227a00de53f37a4cf320ce92fd50c25fa9ae0952,0530be227f4a10c5545cce8d3db20ac5a4d76a66,REVIEW_REQUIRED,Unknown,true,REVIEW_REQUIRED,REVIEW_REQUIRED,KEEP_OPENPROJ,normalized content matches OpenProj baseline,
modules/microproject_core/src/main/java/com/microproject/graphic/configuration/FormFormat.java,microproject_core,java,HEAD,d88281b49eb090fb68a3048cdf2b9a69e2ec05401fccac3324d700d4567819fd,d2fa3c20a,openproj_core/src/com/projity/graphic/configuration/FormFormat.java,08f811096b6dd319e5ed9fa04eafd9d7a2f89467a50bf888203bbf5fac035ef9,0530be227f4a10c5545cce8d3db20ac5a4d76a66,REVIEW_REQUIRED,Unknown,false,REVIEW_REQUIRED,REVIEW_REQUIRED,REVIEW,OpenProj path exists but content differs; perform hunk-level comparison,
modules/microproject_core/src/main/java/com/microproject/graphic/configuration/GanttBarFormatOverrides.java,microproject_core,java,HEAD,7cb16f7f7cf7a6a7d49216fae598326529cb61025691b580f9f950fd15f6d679,d2fa3c20a,,,0530be227f4a10c5545cce8d3db20ac5a4d76a66,REVIEW_REQUIRED,Unknown,false,REVIEW_REQUIRED,REVIEW_REQUIRED,REVIEW,no path match in OpenProj baseline; classify origin manually,
modules/microproject_core/src/main/java/com/microproject/graphic/configuration/GraphicConfiguration.java,microproject_core,java,HEAD,87e3d400d2a61075adb4e86cb578eb228d51c548eb42b1e3e6db48cb16c8da2d,d2fa3c20a,openproj_core/src/com/projity/graphic/configuration/GraphicConfiguration.java,eaaf64afcb4c7e216e4f43a6824fd95c79d94b7f75fe77ea121f4bd1ceff5b56,0530be227f4a10c5545cce8d3db20ac5a4d76a66,REVIEW_REQUIRED,Unknown,true,REVIEW_REQUIRED,REVIEW_REQUIRED,KEEP_OPENPROJ,normalized content matches OpenProj baseline,
modules/microproject_core/src/main/java/com/microproject/graphic/configuration/HasCssStyle.java,microproject_core,java,HEAD,b28cfaf82afbd51004a7849956f8d5495678e8ce1bc8efe6f25a73a0b53a2ece,d2fa3c20a,openproj_core/src/com/projity/graphic/configuration/HasCssStyle.java,d74559c849b9c1332a39fee819cf373a6fbd041235600752cd92b24e87328bec,0530be227f4a10c5545cce8d3db20ac5a4d76a66,REVIEW_REQUIRED,Unknown,false,REVIEW_REQUIRED,REVIEW_REQUIRED,REVIEW,OpenProj path exists but content differs; perform hunk-level comparison,
modules/microproject_core/src/main/java/com/microproject/graphic/configuration/HasIndicators.java,microproject_core,java,HEAD,5d0d8b59ac3aae2f7326d93994289a62bf8e707692fe9e1ab2f3ef025d92b18e,d2fa3c20a,openproj_core/src/com/projity/graphic/configuration/HasIndicators.java,199324bd1707b87c95be5434227e46f2aad7a7498cd6b928d443c56631ad78e1,0530be227f4a10c5545cce8d3db20ac5a4d76a66,REVIEW_REQUIRED,Unknown,true,REVIEW_REQUIRED,REVIEW_REQUIRED,KEEP_OPENPROJ,normalized content matches OpenProj baseline,
modules/microproject_core/src/main/java/com/microproject/graphic/configuration/HasResourceIndicators.java,microproject_core,java,HEAD,37ade308633bb567806dc097c85123f37747db75f8541f6d6a1e37a9e3b7a916,d2fa3c20a,openproj_core/src/com/projity/graphic/configuration/HasResourceIndicators.java,dba29f92b2cfc436854edf2f75465a6b1b010109f4b0dc4933333a1ebc143716,0530be227f4a10c5545cce8d3db20ac5a4d76a66,REVIEW_REQUIRED,Unknown,true,REVIEW_REQUIRED,REVIEW_REQUIRED,KEEP_OPENPROJ,normalized content matches OpenProj baseline,
modules/microproject_core/src/main/java/com/microproject/graphic/configuration/HasTaskIndicators.java,microproject_core,java,HEAD,e53ab63de55e9bda2b047aa1c7f66dae6915c763a1c7646fec10593502d7b759,d2fa3c20a,openproj_core/src/com/projity/graphic/configuration/HasTaskIndicators.java,205bb8872420038467781d681115e3c7be91fd9219c61b5a223177c844d80933,0530be227f4a10c5545cce8d3db20ac5a4d76a66,REVIEW_REQUIRED,Unknown,true,REVIEW_REQUIRED,REVIEW_REQUIRED,KEEP_OPENPROJ,normalized content matches OpenProj baseline,
modules/microproject_core/src/main/java/com/microproject/graphic/configuration/SpreadSheetCategories.java,microproject_core,java,HEAD,b2b2251a678a3b8c87145e8513e846c684e73b5048aafd7a1f50947fc8389599,d2fa3c20a,openproj_core/src/com/projity/graphic/configuration/SpreadSheetCategories.java,79a8d391e1015c9126d403a86dab1b423423a92b3566bfc3f68c247cc9cdca13,0530be227f4a10c5545cce8d3db20ac5a4d76a66,REVIEW_REQUIRED,Unknown,true,REVIEW_REQUIRED,REVIEW_REQUIRED,KEEP_OPENPROJ,normalized content matches OpenProj baseline,
modules/microproject_core/src/main/java/com/microproject/graphic/configuration/SpreadSheetFieldArray.java,microproject_core,java,HEAD,343a75cfa37bb8d6cab264ed04a36145cd2ac62224071cbe89ab7ed08fc24038,d2fa3c20a,openproj_core/src/com/projity/graphic/configuration/SpreadSheetFieldArray.java,b1a03808cf21ba847708e212210d6dac95371d6d25fe4cad4232422eca2ae75a,0530be227f4a10c5545cce8d3db20ac5a4d76a66,REVIEW_REQUIRED,Unknown,false,REVIEW_REQUIRED,REVIEW_REQUIRED,REVIEW,OpenProj path exists but content differs; perform hunk-level comparison,
modules/microproject_core/src/main/java/com/microproject/graphic/configuration/TexturedShape.java,microproject_core,java,HEAD,7855f6128ececb5d56fe62593b1c70738fd93b943968e6f29776311fc49f2c2d,d2fa3c20a,openproj_core/src/com/projity/graphic/configuration/TexturedShape.java,c0a7f955c33ab1d181d4bce3a1d17127650bd3019085a67e8a57084a0cf9d01b,0530be227f4a10c5545cce8d3db20ac5a4d76a66,REVIEW_REQUIRED,Unknown,false,REVIEW_REQUIRED,REVIEW_REQUIRED,REVIEW,OpenProj path exists but content differs; perform hunk-level comparison,
modules/microproject_core/src/main/java/com/microproject/graphic/configuration/shape/Colors.java,microproject_core,java,HEAD,d8aa6cadb7613fc22a1d0632928ab3ff4f216b609db1d1e60cbcab2a13e085ec,d2fa3c20a,openproj_core/src/com/projity/graphic/configuration/shape/Colors.java,186ec9cbb5d7ba16bb59c2f2f184a35e41c91765d1d17476744b1876cf2cba86,0530be227f4a10c5545cce8d3db20ac5a4d76a66,REVIEW_REQUIRED,Unknown,false,REVIEW_REQUIRED,REVIEW_REQUIRED,REVIEW,OpenProj path exists but content differs; perform hunk-level comparison,
modules/microproject_core/src/main/java/com/microproject/graphic/configuration/shape/PredefinedPaint.java,microproject_core,java,HEAD,20254ebf3d9c0af57321e8f6d05d2bc173a0a5a2547ec688ffafd01bb21e19fd,d2fa3c20a,openproj_core/src/com/projity/graphic/configuration/shape/PredefinedPaint.java,c7dd435b5b7c08870e8ac11a682fe022eed2aad9092e1e7f9afcb22eeef5813a,0530be227f4a10c5545cce8d3db20ac5a4d76a66,REVIEW_REQUIRED,Unknown,false,REVIEW_REQUIRED,REVIEW_REQUIRED,REVIEW,OpenProj path exists but content differs; perform hunk-level comparison,
modules/microproject_core/src/main/java/com/microproject/graphic/configuration/shape/PredefinedShape.java,microproject_core,java,HEAD,1e40c2ab96baaf0d9debd80dbd96c0e06ac5c4e1ea9e658d86a821b9e9694a21,d2fa3c20a,openproj_core/src/com/projity/graphic/configuration/shape/PredefinedShape.java,4dc2567bd3385b068e048340596f89f8807da10d68133108c375f26f6c2a0f67,0530be227f4a10c5545cce8d3db20ac5a4d76a66,REVIEW_REQUIRED,Unknown,false,REVIEW_REQUIRED,REVIEW_REQUIRED,REVIEW,OpenProj path exists but content differs; perform hunk-level comparison,
modules/microproject_core/src/main/java/com/microproject/graphic/configuration/shape/PredefinedStroke.java,microproject_core,java,HEAD,c6ca9fdf9b01ad74ebc64465e8121e0357f4427a5e3e6933908e543dafcc91b1,d2fa3c20a,openproj_core/src/com/projity/graphic/configuration/shape/PredefinedStroke.java,3c10ffb61c131d930b4fb1b98bfe22cf5bbd58085ec18a9e077e46fe06c36c5c,0530be227f4a10c5545cce8d3db20ac5a4d76a66,REVIEW_REQUIRED,Unknown,false,REVIEW_REQUIRED,REVIEW_REQUIRED,REVIEW,OpenProj path exists but content differs; perform hunk-level comparison,
modules/microproject_core/src/main/java/com/microproject/grouping/core/GroupNodeImpl.java,microproject_core,java,HEAD,616ede940be2d49e60bfd56e8a8e8d131ef995290e0867785abb2862da1372ee,d2fa3c20a,openproj_core/src/com/projity/grouping/core/GroupNodeImpl.java,cdd6564380835117cf125f6cf5b72bed18329a47bea1a400554cd2dcb302cf54,0530be227f4a10c5545cce8d3db20ac5a4d76a66,REVIEW_REQUIRED,Unknown,false,REVIEW_REQUIRED,REVIEW_REQUIRED,REVIEW,OpenProj path exists but content differs; perform hunk-level comparison,
modules/microproject_core/src/main/java/com/microproject/grouping/core/LazyParent.java,microproject_core,java,HEAD,5b0d81deec0b46574d39aa168c836813b3322ea57f48307853c7be095072139b,d2fa3c20a,openproj_core/src/com/projity/grouping/core/LazyParent.java,551e95f80d1c8d6706809371cadd854abeaa22a405aa1370c059a30b18cd4e6b,0530be227f4a10c5545cce8d3db20ac5a4d76a66,REVIEW_REQUIRED,Unknown,true,REVIEW_REQUIRED,REVIEW_REQUIRED,KEEP_OPENPROJ,normalized content matches OpenProj baseline,
modules/microproject_core/src/main/java/com/microproject/grouping/core/Node.java,microproject_core,java,HEAD,41694b331fdabcc9a498ac482fdd75c1e0c8d688bfcbb4e3204e56ea487b1694,d2fa3c20a,openproj_core/src/com/projity/grouping/core/Node.java,2e8c93aff715c87143ca4fd160ab38fc549504284bb51bc2b76e15c193c69a85,0530be227f4a10c5545cce8d3db20ac5a4d76a66,REVIEW_REQUIRED,Unknown,false,REVIEW_REQUIRED,REVIEW_REQUIRED,REVIEW,OpenProj path exists but content differs; perform hunk-level comparison,
modules/microproject_core/src/main/java/com/microproject/grouping/core/NodeBridge.java,microproject_core,java,HEAD,c84aaaf323e985b17baee12c818f89d75992b9582571791d9adda7588ac40684,d2fa3c20a,openproj_core/src/com/projity/grouping/core/NodeBridge.java,13d2db2d40b51303b36ebbee424067f3d8bce5a5ca8c81bd78d69e48a09a11e0,0530be227f4a10c5545cce8d3db20ac5a4d76a66,REVIEW_REQUIRED,Unknown,false,REVIEW_REQUIRED,REVIEW_REQUIRED,REVIEW,OpenProj path exists but content differs; perform hunk-level comparison,
modules/microproject_core/src/main/java/com/microproject/grouping/core/NodeException.java,microproject_core,java,HEAD,103132ccdad25ddce446b29ed45633be93aef7af2867bb3a215492b5cb3bf62d,d2fa3c20a,openproj_core/src/com/projity/grouping/core/NodeException.java,940d5df1b09bf44ea98a6be0ab81b4e28f7eb8ace811abf876aa17cfff42233e,0530be227f4a10c5545cce8d3db20ac5a4d76a66,REVIEW_REQUIRED,Unknown,false,REVIEW_REQUIRED,REVIEW_REQUIRED,REVIEW,OpenProj path exists but content differs; perform hunk-level comparison,
modules/microproject_core/src/main/java/com/microproject/grouping/core/NodeFactory.java,microproject_core,java,HEAD,cf51c4a7506d73589159e86e6675568b022fb02522d5e8a2a25fffaec6d3cabb,d2fa3c20a,openproj_core/src/com/projity/grouping/core/NodeFactory.java,64d3cba20888c1f49a40e7e72e4ef9d03a91ab12f72dabb2ca0e18d16ba7c1e0,0530be227f4a10c5545cce8d3db20ac5a4d76a66,REVIEW_REQUIRED,Unknown,false,REVIEW_REQUIRED,REVIEW_REQUIRED,REVIEW,OpenProj path exists but content differs; perform hunk-level comparison,
modules/microproject_core/src/main/java/com/microproject/grouping/core/NodeList.java,microproject_core,java,HEAD,c16bf3c12748feb9def3dc0f3f79adddce332b33732daf6c492c28b8d7b4aa9a,d2fa3c20a,openproj_core/src/com/projity/grouping/core/NodeList.java,c4d83d1191abd2fc24769aa253187a411fefae46d6715d5e76710dd297f465d4,0530be227f4a10c5545cce8d3db20ac5a4d76a66,REVIEW_REQUIRED,Unknown,false,REVIEW_REQUIRED,REVIEW_REQUIRED,REVIEW,OpenProj path exists but content differs; perform hunk-level comparison,
modules/microproject_core/src/main/java/com/microproject/grouping/core/NodeVisitor.java,microproject_core,java,HEAD,5e962a8c0fa9b6fe296b54a859d9b3f0241588a5b9a7883108eabd718ac32194,d2fa3c20a,openproj_core/src/com/projity/grouping/core/NodeVisitor.java,f1a04d9020fb663767386eff34fa79e5afaf83020d29f9d729ba2d889cb18a32,0530be227f4a10c5545cce8d3db20ac5a4d76a66,REVIEW_REQUIRED,Unknown,false,REVIEW_REQUIRED,REVIEW_REQUIRED,REVIEW,OpenProj path exists but content differs; perform hunk-level comparison,
modules/microproject_core/src/main/java/com/microproject/grouping/core/OutlineCode.java,microproject_core,java,HEAD,e9c14e2c372c2d8c72b45034be0128e1d40846e785421a80d50b5633fe8f5745,d2fa3c20a,openproj_core/src/com/projity/grouping/core/OutlineCode.java,c96ce6ee2dd04b14010878d9ed61a68761157825e5525b00d1bd9bb67d63a4dd,0530be227f4a10c5545cce8d3db20ac5a4d76a66,REVIEW_REQUIRED,Unknown,false,REVIEW_REQUIRED,REVIEW_REQUIRED,REVIEW,OpenProj path exists but content differs; perform hunk-level comparison,
modules/microproject_core/src/main/java/com/microproject/grouping/core/OutlineCollection.java,microproject_core,java,HEAD,04bb31d3a20a48d0c429d6991f34a657e9740712b1c84a08fa42590d8ba28682,d2fa3c20a,openproj_core/src/com/projity/grouping/core/OutlineCollection.java,6b33568cf95b1d1c23c8cd2da5bacd4b3d5f1d68add2d231299ec971684468a5,0530be227f4a10c5545cce8d3db20ac5a4d76a66,REVIEW_REQUIRED,Unknown,true,REVIEW_REQUIRED,REVIEW_REQUIRED,KEEP_OPENPROJ,normalized content matches OpenProj baseline,
modules/microproject_core/src/main/java/com/microproject/grouping/core/OutlineCollectionImpl.java,microproject_core,java,HEAD,69499247fb9bcf59a282d79131e721eb2fe1c31e9ed2d3b230638c81c1a17e36,d2fa3c20a,openproj_core/src/com/projity/grouping/core/OutlineCollectionImpl.java,bce1b464035a1fba1e4c7ddca4f8c3cce0571c52c4c8963991e6142424015a21,0530be227f4a10c5545cce8d3db20ac5a4d76a66,REVIEW_REQUIRED,Unknown,false,REVIEW_REQUIRED,REVIEW_REQUIRED,REVIEW,OpenProj path exists but content differs; perform hunk-level comparison,
modules/microproject_core/src/main/java/com/microproject/grouping/core/TypedNodeIterator.java,microproject_core,java,HEAD,549d234851e81dee5ae66cf6cd4339d8734fa912905a7f3780d34bb7b535fa83,d2fa3c20a,openproj_core/src/com/projity/grouping/core/TypedNodeIterator.java,ce2fe3a84d8eb2205fb74c9a581643d5b51de40457ff5d1c1a7ab7bd9bc41dac,0530be227f4a10c5545cce8d3db20ac5a4d76a66,REVIEW_REQUIRED,Unknown,false,REVIEW_REQUIRED,REVIEW_REQUIRED,REVIEW,OpenProj path exists but content differs; perform hunk-level comparison,
modules/microproject_core/src/main/java/com/microproject/grouping/core/VoidNodeImpl.java,microproject_core,java,HEAD,d39bb17e5de4513aa9958458b34f392172ba928b74d9efa8f3ab6fa78352c040,d2fa3c20a,openproj_core/src/com/projity/grouping/core/VoidNodeImpl.java,5a17cd46cefbe31ecbb3435f2cb20f3d5f206a6495608ae0ae10225438d6d2ca,0530be227f4a10c5545cce8d3db20ac5a4d76a66,REVIEW_REQUIRED,Unknown,false,REVIEW_REQUIRED,REVIEW_REQUIRED,REVIEW,OpenProj path exists but content differs; perform hunk-level comparison,
modules/microproject_core/src/main/java/com/microproject/grouping/core/event/HierarchyEvent.java,microproject_core,java,HEAD,76159145aa93439a3250a094075ba8e8228d802fa662eae2fafea99baedf3bf5,d2fa3c20a,openproj_core/src/com/projity/grouping/core/event/HierarchyEvent.java,866a06758c880d146c6f3893f3068a54dc7ddf8a7ac2e8ecd9431c8dee18c51a,0530be227f4a10c5545cce8d3db20ac5a4d76a66,REVIEW_REQUIRED,Unknown,true,REVIEW_REQUIRED,REVIEW_REQUIRED,KEEP_OPENPROJ,normalized content matches OpenProj baseline,
modules/microproject_core/src/main/java/com/microproject/grouping/core/event/HierarchyListener.java,microproject_core,java,HEAD,4b108c25f41c16e9ba30cf664d472473cc468ac609e0c35d7336db1fb2891a5b,d2fa3c20a,openproj_core/src/com/projity/grouping/core/event/HierarchyListener.java,ec1e9746627863c943da556df2a786d4068ea0abb72d4840e25c343f050e7ea9,0530be227f4a10c5545cce8d3db20ac5a4d76a66,REVIEW_REQUIRED,Unknown,true,REVIEW_REQUIRED,REVIEW_REQUIRED,KEEP_OPENPROJ,normalized content matches OpenProj baseline,
modules/microproject_core/src/main/java/com/microproject/grouping/core/hierarchy/AbstractMutableNodeHierarchy.java,microproject_core,java,HEAD,d531c65dc71a37035537937c546fee6733c625432b47202e55e78b31bc12988f,d2fa3c20a,openproj_core/src/com/projity/grouping/core/hierarchy/AbstractMutableNodeHierarchy.java,e4daca0447b37a4979d9aa38c373ff9cbffac8046bbb3a58cb8652304d3029bc,0530be227f4a10c5545cce8d3db20ac5a4d76a66,REVIEW_REQUIRED,Unknown,false,REVIEW_REQUIRED,REVIEW_REQUIRED,REVIEW,OpenProj path exists but content differs; perform hunk-level comparison,
modules/microproject_core/src/main/java/com/microproject/grouping/core/hierarchy/BelongsToHierarchy.java,microproject_core,java,HEAD,ea118d02609b98fc2566419c748dfa8ced452c8ac45035e350877ef697800d70,d2fa3c20a,openproj_core/src/com/projity/grouping/core/hierarchy/BelongsToHierarchy.java,f9b1e1a0fd982e012a5ae181aeefbfe9f7feaa96d5ab27db57ca52203b3f93a5,0530be227f4a10c5545cce8d3db20ac5a4d76a66,REVIEW_REQUIRED,Unknown,true,REVIEW_REQUIRED,REVIEW_REQUIRED,KEEP_OPENPROJ,normalized content matches OpenProj baseline,
modules/microproject_core/src/main/java/com/microproject/grouping/core/hierarchy/FilteredNodeHierarchy.java,microproject_core,java,HEAD,0c4f52fa61120dbb188cb3950a0640846282334c6175c777d24c935285a2c220,d2fa3c20a,openproj_core/src/com/projity/grouping/core/hierarchy/FilteredNodeHierarchy.java,20d9cac31df1a1d8172bbf27644bc8e634de3a94de62421bdffb8cb2554e06d0,0530be227f4a10c5545cce8d3db20ac5a4d76a66,REVIEW_REQUIRED,Unknown,false,REVIEW_REQUIRED,REVIEW_REQUIRED,REVIEW,OpenProj path exists but content differs; perform hunk-level comparison,
modules/microproject_core/src/main/java/com/microproject/grouping/core/hierarchy/HierarchyUtils.java,microproject_core,java,HEAD,6f88466e767c9e581fe662b1d63950a8642cb729c621f9917bf1b08e924a5b6a,d2fa3c20a,openproj_core/src/com/projity/grouping/core/hierarchy/HierarchyUtils.java,cab5e149f8b0fe638cb9f80f4140d8aaa855b74e43ad354b6924de8142e5ccfc,0530be227f4a10c5545cce8d3db20ac5a4d76a66,REVIEW_REQUIRED,Unknown,false,REVIEW_REQUIRED,REVIEW_REQUIRED,REVIEW,OpenProj path exists but content differs; perform hunk-level comparison,
modules/microproject_core/src/main/java/com/microproject/grouping/core/hierarchy/MutableNodeHierarchy.java,microproject_core,java,HEAD,3cf9b9efeacde2949ae787eac2ac2179ea8ac884463103b0462bd4103194cb8a,d2fa3c20a,openproj_core/src/com/projity/grouping/core/hierarchy/MutableNodeHierarchy.java,998ff15092dd6a577f930a7e0ba14af4b37691cfd708f4b04eef14fde8c8c250,0530be227f4a10c5545cce8d3db20ac5a4d76a66,REVIEW_REQUIRED,Unknown,false,REVIEW_REQUIRED,REVIEW_REQUIRED,REVIEW,OpenProj path exists but content differs; perform hunk-level comparison,
modules/microproject_core/src/main/java/com/microproject/grouping/core/hierarchy/NodeHierarchy.java,microproject_core,java,HEAD,d09f3366996204b7737bc27e29dbac6f58655fc82795c000fe955c7bc1eba90d,d2fa3c20a,openproj_core/src/com/projity/grouping/core/hierarchy/NodeHierarchy.java,7c8a876504fa42b6641dc6816b6b2477a8040514e53e390a2de53391ff7502d6,0530be227f4a10c5545cce8d3db20ac5a4d76a66,REVIEW_REQUIRED,Unknown,false,REVIEW_REQUIRED,REVIEW_REQUIRED,REVIEW,OpenProj path exists but content differs; perform hunk-level comparison,
modules/microproject_core/src/main/java/com/microproject/grouping/core/model/AssignmentNodeModel.java,microproject_core,java,HEAD,d65f3eb142c2ca04838a988fb455bc9c1fc8eea29edc1f7e9f4ad64d3b164f42,d2fa3c20a,openproj_core/src/com/projity/grouping/core/model/AssignmentNodeModel.java,b2ec91d67b2ff89135b457831b7b85704bbf645574d76a9c2e05a1339206c4ab,0530be227f4a10c5545cce8d3db20ac5a4d76a66,REVIEW_REQUIRED,Unknown,false,REVIEW_REQUIRED,REVIEW_REQUIRED,REVIEW,OpenProj path exists but content differs; perform hunk-level comparison,
modules/microproject_core/src/main/java/com/microproject/grouping/core/model/DefaultNodeModel.java,microproject_core,java,HEAD,a9097c4dce2f0f2263dbdc2fc542c2b2455436038ea7cf4647c95fec58ecdba7,d2fa3c20a,openproj_core/src/com/projity/grouping/core/model/DefaultNodeModel.java,6a472e9c47e4cfa3e5fc3cb883a3a3e6377953eb1e8e9b9a6779e0e4f69ffae6,0530be227f4a10c5545cce8d3db20ac5a4d76a66,REVIEW_REQUIRED,Unknown,false,REVIEW_REQUIRED,REVIEW_REQUIRED,REVIEW,OpenProj path exists but content differs; perform hunk-level comparison,
modules/microproject_core/src/main/java/com/microproject/grouping/core/model/NamedNodeElement.java,microproject_core,java,HEAD,ed5c77c6133570a66fa38088194efabf49d85873c653ee860f29200ed1e489a1,d2fa3c20a,openproj_core/src/com/projity/grouping/core/model/NamedNodeElement.java,b02e04f8f9867bb339cbd579be4396eb4bdb0a5aee55672f0428a40802229b14,0530be227f4a10c5545cce8d3db20ac5a4d76a66,REVIEW_REQUIRED,Unknown,true,REVIEW_REQUIRED,REVIEW_REQUIRED,KEEP_OPENPROJ,normalized content matches OpenProj baseline,
modules/microproject_core/src/main/java/com/microproject/grouping/core/model/NodeModel.java,microproject_core,java,HEAD,61ff6acd72669be4228678ab3873e190f89e628fcd3554012b8b7bf6196f3b9f,d2fa3c20a,openproj_core/src/com/projity/grouping/core/model/NodeModel.java,04412d7d8e398d4604a7108528c2d2eb2e72b6f1cfe05a46254d404d22b4ddde,0530be227f4a10c5545cce8d3db20ac5a4d76a66,REVIEW_REQUIRED,Unknown,false,REVIEW_REQUIRED,REVIEW_REQUIRED,REVIEW,OpenProj path exists but content differs; perform hunk-level comparison,
modules/microproject_core/src/main/java/com/microproject/grouping/core/model/NodeModelDataFactory.java,microproject_core,java,HEAD,8ecbe4e07b58fc3bc0c8dc3329a945291d50abad1894f6b67a5a7f7c36a0a781,d2fa3c20a,openproj_core/src/com/projity/grouping/core/model/NodeModelDataFactory.java,1e71ce40c6ed087dcfd4fdf59a2325e0d76aa2c5ddf74f95b9bef966805b3165,0530be227f4a10c5545cce8d3db20ac5a4d76a66,REVIEW_REQUIRED,Unknown,false,REVIEW_REQUIRED,REVIEW_REQUIRED,REVIEW,OpenProj path exists but content differs; perform hunk-level comparison,
modules/microproject_core/src/main/java/com/microproject/grouping/core/model/NodeModelFactory.java,microproject_core,java,HEAD,19c72d162075180562fd345f37d507e8ce1fc46e90da33ac6ed2a0cd8fd8d2a8,d2fa3c20a,openproj_core/src/com/projity/grouping/core/model/NodeModelFactory.java,2c27527e64b9558e525be4790354ceecd308566bd2a02f96e91aefea427c80e3,0530be227f4a10c5545cce8d3db20ac5a4d76a66,REVIEW_REQUIRED,Unknown,false,REVIEW_REQUIRED,REVIEW_REQUIRED,REVIEW,OpenProj path exists but content differs; perform hunk-level comparison,
modules/microproject_core/src/main/java/com/microproject/grouping/core/model/NodeModelUtil.java,microproject_core,java,HEAD,f41aa4d3d0ad73395d8115a817e02abcce4b4ff7082822e02298b5150c8bb9fe,d2fa3c20a,openproj_core/src/com/projity/grouping/core/model/NodeModelUtil.java,91c0df026d7b473a0c23913a9ace1f3ca4b5b216679dcdd9d45bcb2eac652316,0530be227f4a10c5545cce8d3db20ac5a4d76a66,REVIEW_REQUIRED,Unknown,false,REVIEW_REQUIRED,REVIEW_REQUIRED,REVIEW,OpenProj path exists but content differs; perform hunk-level comparison,
modules/microproject_core/src/main/java/com/microproject/grouping/core/model/WalkersNodeModel.java,microproject_core,java,HEAD,b600fbcdddcd9613bfd687df511aad0e5262331c04e05b5709d63092b7f3ba4b,d2fa3c20a,openproj_core/src/com/projity/grouping/core/model/WalkersNodeModel.java,14f4cb01ffde7e510df7e8d405d813b7887d3ce736bf232098148733607df405,0530be227f4a10c5545cce8d3db20ac5a4d76a66,REVIEW_REQUIRED,Unknown,true,REVIEW_REQUIRED,REVIEW_REQUIRED,KEEP_OPENPROJ,normalized content matches OpenProj baseline,
modules/microproject_core/src/main/java/com/microproject/grouping/core/summaries/Average.java,microproject_core,java,HEAD,d848122acae96881ad91be3ca7e778496f2d04b0eaf89c04f9bea8ad9d2aa1f3,d2fa3c20a,openproj_core/src/com/projity/grouping/core/summaries/Average.java,62bdd674c6eb735cb5361787819b9f6eb1e2f2d09aea0b73db69c0fe79736503,0530be227f4a10c5545cce8d3db20ac5a4d76a66,REVIEW_REQUIRED,Unknown,false,REVIEW_REQUIRED,REVIEW_REQUIRED,REVIEW,OpenProj path exists but content differs; perform hunk-level comparison,
modules/microproject_core/src/main/java/com/microproject/grouping/core/summaries/ComparableSummaryVisitor.java,microproject_core,java,HEAD,ecd4b0d0e60f434af22f6d3cfe2756bf2a2c466f6530dff9daa861a769a14f7b,d2fa3c20a,openproj_core/src/com/projity/grouping/core/summaries/ComparableSummaryVisitor.java,8c40d52c8b847e8bfd04d95ef465b785ab95bc69bf2a7c72f3d21f4a37a6a8b5,0530be227f4a10c5545cce8d3db20ac5a4d76a66,REVIEW_REQUIRED,Unknown,true,REVIEW_REQUIRED,REVIEW_REQUIRED,KEEP_OPENPROJ,normalized content matches OpenProj baseline,
modules/microproject_core/src/main/java/com/microproject/grouping/core/summaries/ConcatTextSummaryVisitor.java,microproject_core,java,HEAD,6317812836fc21f65ca061ff2ad3cb8c9846995a22c8a2e9ea1efef27225b356,d2fa3c20a,openproj_core/src/com/projity/grouping/core/summaries/ConcatTextSummaryVisitor.java,d7713e339464ceafcb73e3bcf54728bd35edd9af313f59f53bbc92f95eb763df,0530be227f4a10c5545cce8d3db20ac5a4d76a66,REVIEW_REQUIRED,Unknown,true,REVIEW_REQUIRED,REVIEW_REQUIRED,KEEP_OPENPROJ,normalized content matches OpenProj baseline,
modules/microproject_core/src/main/java/com/microproject/grouping/core/summaries/Count.java,microproject_core,java,HEAD,962941139b3b83ccc134c0a6c28e84db81d82800f103185b24c9b7f304ea8da8,d2fa3c20a,openproj_core/src/com/projity/grouping/core/summaries/Count.java,cc9d48c0e832b4460a72988f9996d43c06ba78a74388aea5b0c92f6c58920f02,0530be227f4a10c5545cce8d3db20ac5a4d76a66,REVIEW_REQUIRED,Unknown,false,REVIEW_REQUIRED,REVIEW_REQUIRED,REVIEW,OpenProj path exists but content differs; perform hunk-level comparison,
modules/microproject_core/src/main/java/com/microproject/grouping/core/summaries/CountNonsummariesWalker.java,microproject_core,java,HEAD,8ec10960803d5c913454cd76c745cdf08c7be54d97dc14c650507742f59f201a,d2fa3c20a,,,0530be227f4a10c5545cce8d3db20ac5a4d76a66,REVIEW_REQUIRED,Unknown,false,REVIEW_REQUIRED,REVIEW_REQUIRED,REVIEW,no path match in OpenProj baseline; classify origin manually,
modules/microproject_core/src/main/java/com/microproject/grouping/core/summaries/DeepChildSearcher.java,microproject_core,java,HEAD,3a15fb153bdfeea6d5b9ab1bb9629ff304b2d9408524ff8236ea038246820f20,d2fa3c20a,openproj_core/src/com/projity/grouping/core/summaries/DeepChildSearcher.java,f9a58a6a9e888aa11204815285be5aa9e7a9d3aadd43ec2e45f0c15ff6d7b17b,0530be227f4a10c5545cce8d3db20ac5a4d76a66,REVIEW_REQUIRED,Unknown,false,REVIEW_REQUIRED,REVIEW_REQUIRED,REVIEW,OpenProj path exists but content differs; perform hunk-level comparison,
modules/microproject_core/src/main/java/com/microproject/grouping/core/summaries/DeepChildWalker.java,microproject_core,java,HEAD,0735a34da43797e78fb95a5dc3a4cc29c5eaf3c3c2c65e76202e4f49a49e5416,d2fa3c20a,openproj_core/src/com/projity/grouping/core/summaries/DeepChildWalker.java,893a1cc29f34f1fa3f961a7fac9002909adc5566e74c8b3051e997e6da5c9ee7,0530be227f4a10c5545cce8d3db20ac5a4d76a66,REVIEW_REQUIRED,Unknown,false,REVIEW_REQUIRED,REVIEW_REQUIRED,REVIEW,OpenProj path exists but content differs; perform hunk-level comparison,
modules/microproject_core/src/main/java/com/microproject/grouping/core/summaries/DivisionSummaryVisitor.java,microproject_core,java,HEAD,8f6991a25eccf82f6bf8608e7f7391db13e02259502fc19faf07fa447df7e95c,d2fa3c20a,openproj_core/src/com/projity/grouping/core/summaries/DivisionSummaryVisitor.java,cd9a0e86a78dc00087cba055b7c17a255b091ddc3fe7e989f39864207a217c70,0530be227f4a10c5545cce8d3db20ac5a4d76a66,REVIEW_REQUIRED,Unknown,false,REVIEW_REQUIRED,REVIEW_REQUIRED,REVIEW,OpenProj path exists but content differs; perform hunk-level comparison,
modules/microproject_core/src/main/java/com/microproject/grouping/core/summaries/LeafWalker.java,microproject_core,java,HEAD,cfe390d1f3814c3238b874d9842616ee49e7e7e457306ec63e89f2f0d3108936,d2fa3c20a,openproj_core/src/com/projity/grouping/core/summaries/LeafWalker.java,6cc018a2b6115e29d12d34018d05b2ee050e28b759309e63aee580bc7b0e7b4b,0530be227f4a10c5545cce8d3db20ac5a4d76a66,REVIEW_REQUIRED,Unknown,false,REVIEW_REQUIRED,REVIEW_REQUIRED,REVIEW,OpenProj path exists but content differs; perform hunk-level comparison,
modules/microproject_core/src/main/java/com/microproject/grouping/core/summaries/Maximum.java,microproject_core,java,HEAD,6907117599d368978704937032d25557182d53595c83e57a158e775be46d13a8,d2fa3c20a,openproj_core/src/com/projity/grouping/core/summaries/Maximum.java,37be43dd8bc8b2260755ee007c7ee2792578dfefa68025db1c82ca0c992f3c10,0530be227f4a10c5545cce8d3db20ac5a4d76a66,REVIEW_REQUIRED,Unknown,true,REVIEW_REQUIRED,REVIEW_REQUIRED,KEEP_OPENPROJ,normalized content matches OpenProj baseline,
modules/microproject_core/src/main/java/com/microproject/grouping/core/summaries/Minimum.java,microproject_core,java,HEAD,2f4a3b865db6a6b1bf5ea2fa6bb1b1f5cdfd81059c46a710ebaa067e039cd93c,d2fa3c20a,openproj_core/src/com/projity/grouping/core/summaries/Minimum.java,488b6f838050987052832d9847373df4aa756e080e29ef68170a0d395c51053e,0530be227f4a10c5545cce8d3db20ac5a4d76a66,REVIEW_REQUIRED,Unknown,true,REVIEW_REQUIRED,REVIEW_REQUIRED,KEEP_OPENPROJ,normalized content matches OpenProj baseline,
modules/microproject_core/src/main/java/com/microproject/grouping/core/summaries/NodeWalker.java,microproject_core,java,HEAD,e6e3f367ed47b807df4b3f3810d250bf06a25105dcf18927708afc86b65f8746,d2fa3c20a,openproj_core/src/com/projity/grouping/core/summaries/NodeWalker.java,071b7e2e95e04de1a064e64a093e50b6c4804eba9cc27d078c212afb51d26c18,0530be227f4a10c5545cce8d3db20ac5a4d76a66,REVIEW_REQUIRED,Unknown,false,REVIEW_REQUIRED,REVIEW_REQUIRED,REVIEW,OpenProj path exists but content differs; perform hunk-level comparison,
modules/microproject_core/src/main/java/com/microproject/grouping/core/summaries/NumberSummaryVisitor.java,microproject_core,java,HEAD,1fd7377ff34ef1a47012546f2e1e5c1c277d766ed96deefabce297e711e790c4,d2fa3c20a,openproj_core/src/com/projity/grouping/core/summaries/NumberSummaryVisitor.java,4eab90e2e98b1bb2ec3dcbe9bdf442bf8fd21c34be6c228b134039eb94ea13f5,0530be227f4a10c5545cce8d3db20ac5a4d76a66,REVIEW_REQUIRED,Unknown,false,REVIEW_REQUIRED,REVIEW_REQUIRED,REVIEW,OpenProj path exists but content differs; perform hunk-level comparison,
modules/microproject_core/src/main/java/com/microproject/grouping/core/summaries/NumericMinimum.java,microproject_core,java,HEAD,586a64541f170fe9647c97f9e7a334f3786976897630ab0497e2d21fe03f868a,d2fa3c20a,openproj_core/src/com/projity/grouping/core/summaries/NumericMinimum.java,d170f5289577075333270416533de47fa120aa94f0c8c83247f86ccc393a0884,0530be227f4a10c5545cce8d3db20ac5a4d76a66,REVIEW_REQUIRED,Unknown,false,REVIEW_REQUIRED,REVIEW_REQUIRED,REVIEW,OpenProj path exists but content differs; perform hunk-level comparison,
modules/microproject_core/src/main/java/com/microproject/grouping/core/summaries/Same.java,microproject_core,java,HEAD,4d3a8ae39dc033dceb1e05a0ef240c39667500b3b8d973aad50301fe5eef8020,d2fa3c20a,openproj_core/src/com/projity/grouping/core/summaries/Same.java,7bd2f878f1df5dbc9fe0222fc9805206db696357d6b9afa3988874067026af78,0530be227f4a10c5545cce8d3db20ac5a4d76a66,REVIEW_REQUIRED,Unknown,true,REVIEW_REQUIRED,REVIEW_REQUIRED,KEEP_OPENPROJ,normalized content matches OpenProj baseline,
modules/microproject_core/src/main/java/com/microproject/grouping/core/summaries/ShallowChildWalker.java,microproject_core,java,HEAD,76b0b66d684a580245d8d7fb0fb24fbaf95f1a0495bae1f836908f008819a20c,d2fa3c20a,openproj_core/src/com/projity/grouping/core/summaries/ShallowChildWalker.java,eef5d0652b5ff1487f3f5ec8975f188849d5bae70401850b3565b670a3277e5d,0530be227f4a10c5545cce8d3db20ac5a4d76a66,REVIEW_REQUIRED,Unknown,false,REVIEW_REQUIRED,REVIEW_REQUIRED,REVIEW,OpenProj path exists but content differs; perform hunk-level comparison,
modules/microproject_core/src/main/java/com/microproject/grouping/core/summaries/Sum.java,microproject_core,java,HEAD,1bf7ab47b2707ed63a5dd3c9a4fc2c856ee56a2e33b8f2c31ea95359bb6e557a,d2fa3c20a,openproj_core/src/com/projity/grouping/core/summaries/Sum.java,47c655ff78bdc4554bd7cf38e0a535e49a38d36375cee832566487330f1192d3,0530be227f4a10c5545cce8d3db20ac5a4d76a66,REVIEW_REQUIRED,Unknown,true,REVIEW_REQUIRED,REVIEW_REQUIRED,KEEP_OPENPROJ,normalized content matches OpenProj baseline,
modules/microproject_core/src/main/java/com/microproject/grouping/core/summaries/SummaryNames.java,microproject_core,java,HEAD,2039f893a44e6309356b6d2357512b61af421023ccaf2947931c8ab345d5c50b,d2fa3c20a,openproj_core/src/com/projity/grouping/core/summaries/SummaryNames.java,bc9f749d7211d0313e29edab720c3c1d2f54162ec615d30736beb61be8ee6710,0530be227f4a10c5545cce8d3db20ac5a4d76a66,REVIEW_REQUIRED,Unknown,true,REVIEW_REQUIRED,REVIEW_REQUIRED,KEEP_OPENPROJ,normalized content matches OpenProj baseline,
modules/microproject_core/src/main/java/com/microproject/grouping/core/summaries/SummaryVisitor.java,microproject_core,java,HEAD,e8c6f4743e78429271a33e35cc455d5f6a2028939ace4189c214f082e180aeaa,d2fa3c20a,openproj_core/src/com/projity/grouping/core/summaries/SummaryVisitor.java,d39b442abff3741cc61530206e0549147257cb0e8a5630290f211968d459c1a9,0530be227f4a10c5545cce8d3db20ac5a4d76a66,REVIEW_REQUIRED,Unknown,false,REVIEW_REQUIRED,REVIEW_REQUIRED,REVIEW,OpenProj path exists but content differs; perform hunk-level comparison,
modules/microproject_core/src/main/java/com/microproject/grouping/core/summaries/SummaryVisitorFactory.java,microproject_core,java,HEAD,7b71a29745d2905afc54e50a6d2b12bdaa9f2e591752a230b9aff31063685457,d2fa3c20a,openproj_core/src/com/projity/grouping/core/summaries/SummaryVisitorFactory.java,e383ee955e9b0b00a58826accf9619b364e44a8dbed8b1e59a41eb6cf51e6931,0530be227f4a10c5545cce8d3db20ac5a4d76a66,REVIEW_REQUIRED,Unknown,false,REVIEW_REQUIRED,REVIEW_REQUIRED,REVIEW,OpenProj path exists but content differs; perform hunk-level comparison,
modules/microproject_core/src/main/java/com/microproject/grouping/core/summaries/TextSummaryVisitor.java,microproject_core,java,HEAD,09ba54159fb7da7525218ffdd93f8882a23b7f5c2ea76bd9faddd729a9986897,d2fa3c20a,openproj_core/src/com/projity/grouping/core/summaries/TextSummaryVisitor.java,a764aeced987da0f6f5cf4d7eb48ca2fa2cf0137516e143137f09ec1033fa871,0530be227f4a10c5545cce8d3db20ac5a4d76a66,REVIEW_REQUIRED,Unknown,false,REVIEW_REQUIRED,REVIEW_REQUIRED,REVIEW,OpenProj path exists but content differs; perform hunk-level comparison,
modules/microproject_core/src/main/java/com/microproject/grouping/core/summaries/ThisValueSummaryVisitor.java,microproject_core,java,HEAD,e45613ae8ba8eff6ccf3de73ee4bd0b922b46e737b0f81629af92f9ea7c05adc,d2fa3c20a,,,0530be227f4a10c5545cce8d3db20ac5a4d76a66,REVIEW_REQUIRED,Unknown,false,REVIEW_REQUIRED,REVIEW_REQUIRED,REVIEW,no path match in OpenProj baseline; classify origin manually,
modules/microproject_core/src/main/java/com/microproject/grouping/core/transform/CommonTransform.java,microproject_core,java,HEAD,172cc7436e0c5de257a7f47327d04dcfc38986b3aa637a72f045223599071b2b,d2fa3c20a,openproj_core/src/com/projity/grouping/core/transform/CommonTransform.java,1d919117eb7dbd8aa95808ef705a7d14a96db780c17b35e8ec6c34d7c140f74e,0530be227f4a10c5545cce8d3db20ac5a4d76a66,REVIEW_REQUIRED,Unknown,false,REVIEW_REQUIRED,REVIEW_REQUIRED,REVIEW,OpenProj path exists but content differs; perform hunk-level comparison,
modules/microproject_core/src/main/java/com/microproject/grouping/core/transform/CommonTransformFactory.java,microproject_core,java,HEAD,15d567866e3df605bab7726e5fbc40d283fde13377010c6e87ed7409b35bb9ec,d2fa3c20a,openproj_core/src/com/projity/grouping/core/transform/CommonTransformFactory.java,c844e93b6ef1e606d38d1ba1eca3307dd9ca8d698f9e935e0ab5639288c352e9,0530be227f4a10c5545cce8d3db20ac5a4d76a66,REVIEW_REQUIRED,Unknown,false,REVIEW_REQUIRED,REVIEW_REQUIRED,REVIEW,OpenProj path exists but content differs; perform hunk-level comparison,
modules/microproject_core/src/main/java/com/microproject/grouping/core/transform/HierarchicObject.java,microproject_core,java,HEAD,2e4aab4f0833242e587e731e1b0bac73532560fb2f1011e0ea142bbd49e8078f,d2fa3c20a,openproj_core/src/com/projity/grouping/core/transform/HierarchicObject.java,8b73662296cced33bddbea53d03267bb4f00c681d99ac63c6c0aca991789a62d,0530be227f4a10c5545cce8d3db20ac5a4d76a66,REVIEW_REQUIRED,Unknown,true,REVIEW_REQUIRED,REVIEW_REQUIRED,KEEP_OPENPROJ,normalized content matches OpenProj baseline,
modules/microproject_core/src/main/java/com/microproject/grouping/core/transform/TransformId.java,microproject_core,java,HEAD,eb39662adc3da528003ff5639150c9260fb17e051749da9ddd96b4f7654bb24a,d2fa3c20a,openproj_core/src/com/projity/grouping/core/transform/TransformId.java,b7a7974cf99e44ed4ba4206af11cd807caec266212fb97b64e8e5ea483369935,0530be227f4a10c5545cce8d3db20ac5a4d76a66,REVIEW_REQUIRED,Unknown,true,REVIEW_REQUIRED,REVIEW_REQUIRED,KEEP_OPENPROJ,normalized content matches OpenProj baseline,
modules/microproject_core/src/main/java/com/microproject/grouping/core/transform/TransformList.java,microproject_core,java,HEAD,03ee39d86d4421395c23d871c71bb52cadf0b463e5a04371a163bca1c384693d,d2fa3c20a,openproj_core/src/com/projity/grouping/core/transform/TransformList.java,93b3d6bcec857505aedc27fcda453a998b3d9fbb9a8e7af0ddcc4985c4b6d466,0530be227f4a10c5545cce8d3db20ac5a4d76a66,REVIEW_REQUIRED,Unknown,false,REVIEW_REQUIRED,REVIEW_REQUIRED,REVIEW,OpenProj path exists but content differs; perform hunk-level comparison,
modules/microproject_core/src/main/java/com/microproject/grouping/core/transform/TransformParameter.java,microproject_core,java,HEAD,8a8858360aa6a039e54ca9707392719415f45851865b5694533b3216255cba10,d2fa3c20a,openproj_core/src/com/projity/grouping/core/transform/TransformParameter.java,487fcb7e05717f9498a40f34e1614129980bcc2f78bfccd983def28fb113a0e1,0530be227f4a10c5545cce8d3db20ac5a4d76a66,REVIEW_REQUIRED,Unknown,true,REVIEW_REQUIRED,REVIEW_REQUIRED,KEEP_OPENPROJ,normalized content matches OpenProj baseline,
modules/microproject_core/src/main/java/com/microproject/grouping/core/transform/ViewConfiguration.java,microproject_core,java,HEAD,ca38e896e72174524d343bdfce1fd54025dc8c154d2ee8df431c5ac0ce5d00b6,d2fa3c20a,openproj_core/src/com/projity/grouping/core/transform/ViewConfiguration.java,e640844c102e52016017ba352b133a7d67e2b8eb04927e66d3bf22f622f49b76,0530be227f4a10c5545cce8d3db20ac5a4d76a66,REVIEW_REQUIRED,Unknown,true,REVIEW_REQUIRED,REVIEW_REQUIRED,KEEP_OPENPROJ,normalized content matches OpenProj baseline,
modules/microproject_core/src/main/java/com/microproject/grouping/core/transform/ViewTransformer.java,microproject_core,java,HEAD,035d31a5a66ab684463baff5fc33a9c342598f97d2251a541005f768c3d0a50a,d2fa3c20a,openproj_core/src/com/projity/grouping/core/transform/ViewTransformer.java,7bffd429ddb84697738d53e9fae13caed3db0af82a912d14a2f5b5a23677a400,0530be227f4a10c5545cce8d3db20ac5a4d76a66,REVIEW_REQUIRED,Unknown,false,REVIEW_REQUIRED,REVIEW_REQUIRED,REVIEW,OpenProj path exists but content differs; perform hunk-level comparison,
modules/microproject_core/src/main/java/com/microproject/grouping/core/transform/ViewTransformerEvent.java,microproject_core,java,HEAD,e121b57b5e00689b51000f0c21a87f1b1298f21aed1c879751aa30e1949593c5,d2fa3c20a,openproj_core/src/com/projity/grouping/core/transform/ViewTransformerEvent.java,fe74911745f290b9f913e8e3b47f419a2ac35bc65d4cfd6cb660b772ec5ae247,0530be227f4a10c5545cce8d3db20ac5a4d76a66,REVIEW_REQUIRED,Unknown,true,REVIEW_REQUIRED,REVIEW_REQUIRED,KEEP_OPENPROJ,normalized content matches OpenProj baseline,
modules/microproject_core/src/main/java/com/microproject/grouping/core/transform/ViewTransformerListener.java,microproject_core,java,HEAD,bd8d6af4edcb32ce562d425549b06ac196c4718a2cb1a8a375e89f2aaf7d4250,d2fa3c20a,openproj_core/src/com/projity/grouping/core/transform/ViewTransformerListener.java,6affed6f0916a5e6dcaca23d90bee4571b01d137e1a189eb63101335f37fc2a3,0530be227f4a10c5545cce8d3db20ac5a4d76a66,REVIEW_REQUIRED,Unknown,true,REVIEW_REQUIRED,REVIEW_REQUIRED,KEEP_OPENPROJ,normalized content matches OpenProj baseline,
modules/microproject_core/src/main/java/com/microproject/grouping/core/transform/filtering/AssignmentCompositionFilter.java,microproject_core,java,HEAD,d44ced677465f2a1e752fb0b63f2290a5ae64e57e398f1507d4b0a7d82e97d6f,d2fa3c20a,openproj_core/src/com/projity/grouping/core/transform/filtering/AssignmentCompositionFilter.java,c8d321091a296d26bf89c00881300274d4f0d51f1196b11dd37fed8a9cd783cc,0530be227f4a10c5545cce8d3db20ac5a4d76a66,REVIEW_REQUIRED,Unknown,false,REVIEW_REQUIRED,REVIEW_REQUIRED,REVIEW,OpenProj path exists but content differs; perform hunk-level comparison,
modules/microproject_core/src/main/java/com/microproject/grouping/core/transform/filtering/BaseFilter.java,microproject_core,java,HEAD,a99288e5bf89d84e203e1971f9f02eb1c9ec710875af89da3cd1e4f1acbfac71,d2fa3c20a,openproj_core/src/com/projity/grouping/core/transform/filtering/BaseFilter.java,08798a1d0e5ecf7d8b9f9d968a0be8e6da8804d810bb669dd6d56460f4ca5e2d,0530be227f4a10c5545cce8d3db20ac5a4d76a66,REVIEW_REQUIRED,Unknown,false,REVIEW_REQUIRED,REVIEW_REQUIRED,REVIEW,OpenProj path exists but content differs; perform hunk-level comparison,
modules/microproject_core/src/main/java/com/microproject/grouping/core/transform/filtering/BelongsToCollectionFilter.java,microproject_core,java,HEAD,456621177e4bc73da2a43c1a55198427f4f21b92f6ffc9c8822d48cbcf35c5a5,d2fa3c20a,openproj_core/src/com/projity/grouping/core/transform/filtering/BelongsToCollectionFilter.java,eca77a2a73e0586e1f4c08f024be13c184622fb48de3c9d18143f17d3a15883b,0530be227f4a10c5545cce8d3db20ac5a4d76a66,REVIEW_REQUIRED,Unknown,false,REVIEW_REQUIRED,REVIEW_REQUIRED,REVIEW,OpenProj path exists but content differs; perform hunk-level comparison,
modules/microproject_core/src/main/java/com/microproject/grouping/core/transform/filtering/ColumnValueFilter.java,microproject_core,java,HEAD,19080852a148fa484e67c9b1ad78d4c05c561fa3d81ed8b9a43bb5c4678e8090,d2fa3c20a,,,0530be227f4a10c5545cce8d3db20ac5a4d76a66,REVIEW_REQUIRED,Unknown,false,REVIEW_REQUIRED,REVIEW_REQUIRED,REVIEW,no path match in OpenProj baseline; classify origin manually,
modules/microproject_core/src/main/java/com/microproject/grouping/core/transform/filtering/NodeFilter.java,microproject_core,java,HEAD,bc7126c8f4c0b6f934b38a8e732d369d74668664235674bb7939d13ad2b662e8,d2fa3c20a,openproj_core/src/com/projity/grouping/core/transform/filtering/NodeFilter.java,51bb397d7ced2bedb042f377576c75f064c1a0d9b959900da9810a78f97bd223,0530be227f4a10c5545cce8d3db20ac5a4d76a66,REVIEW_REQUIRED,Unknown,false,REVIEW_REQUIRED,REVIEW_REQUIRED,REVIEW,OpenProj path exists but content differs; perform hunk-level comparison,
modules/microproject_core/src/main/java/com/microproject/grouping/core/transform/filtering/NodeFilterFactory.java,microproject_core,java,HEAD,0ab85e278fe13e2dcc9299cd7a4bd30b6efe6c92a4b7d9e661cc3715b4338da0,d2fa3c20a,openproj_core/src/com/projity/grouping/core/transform/filtering/NodeFilterFactory.java,c167e9afa225c41b32e779c3fdc5edd76d3e22593fe821ffaafea6302de80bd9,0530be227f4a10c5545cce8d3db20ac5a4d76a66,REVIEW_REQUIRED,Unknown,false,REVIEW_REQUIRED,REVIEW_REQUIRED,REVIEW,OpenProj path exists but content differs; perform hunk-level comparison,
modules/microproject_core/src/main/java/com/microproject/grouping/core/transform/filtering/NotAssignmentFilter.java,microproject_core,java,HEAD,2b821709828845b0fdcaf068b285ddffcc6f4e7e3299f308a7807244e3929a1e,d2fa3c20a,openproj_core/src/com/projity/grouping/core/transform/filtering/NotAssignmentFilter.java,105f94c323d1bdac2a1a5661d7f7b588298fbd4f7ddf26c36476e46be6f9dbf9,0530be227f4a10c5545cce8d3db20ac5a4d76a66,REVIEW_REQUIRED,Unknown,false,REVIEW_REQUIRED,REVIEW_REQUIRED,REVIEW,OpenProj path exists but content differs; perform hunk-level comparison,
modules/microproject_core/src/main/java/com/microproject/grouping/core/transform/filtering/NotVoidFilter.java,microproject_core,java,HEAD,00ec40b1673731d131ddf048f62432a03127a00758affe7ef20d07575d800e3e,d2fa3c20a,openproj_core/src/com/projity/grouping/core/transform/filtering/NotVoidFilter.java,e679c9239341eb542ca3428bb5e5af86d5ef1656b6c7e3636158bbada92aa5bb,0530be227f4a10c5545cce8d3db20ac5a4d76a66,REVIEW_REQUIRED,Unknown,false,REVIEW_REQUIRED,REVIEW_REQUIRED,REVIEW,OpenProj path exists but content differs; perform hunk-level comparison,
modules/microproject_core/src/main/java/com/microproject/grouping/core/transform/filtering/PreCompositionNodeFilter.java,microproject_core,java,HEAD,a6a2538af3815bbd87da37adfd8d9714badb0ddf6fcd0f0ac35bbad0dea9ea44,d2fa3c20a,openproj_core/src/com/projity/grouping/core/transform/filtering/PreCompositionNodeFilter.java,7a2d2a5d5f4b2c21162aec225e4d56f3e69f955f7e52076c60141843c8df1bcf,0530be227f4a10c5545cce8d3db20ac5a4d76a66,REVIEW_REQUIRED,Unknown,true,REVIEW_REQUIRED,REVIEW_REQUIRED,KEEP_OPENPROJ,normalized content matches OpenProj baseline,
modules/microproject_core/src/main/java/com/microproject/grouping/core/transform/filtering/PredicatedNodeFilterIterator.java,microproject_core,java,HEAD,9b434ff5c2848d4c3f8bb9c2a4fb94116591b7a3e0d797676ce2ce63a7eb6835,d2fa3c20a,openproj_core/src/com/projity/grouping/core/transform/filtering/PredicatedNodeFilterIterator.java,e2d6d1b71f326c4a4185c83dd68ee000205aacac662db10ea0dd4448496c7ff0,0530be227f4a10c5545cce8d3db20ac5a4d76a66,REVIEW_REQUIRED,Unknown,true,REVIEW_REQUIRED,REVIEW_REQUIRED,KEEP_OPENPROJ,normalized content matches OpenProj baseline,
modules/microproject_core/src/main/java/com/microproject/grouping/core/transform/filtering/ResourceInTeamFilter.java,microproject_core,java,HEAD,48ecea1fbfb9bc05d1ad6423141e0862e7e07c4954eca7414dd78cd93d17a4bd,d2fa3c20a,openproj_core/src/com/projity/grouping/core/transform/filtering/ResourceInTeamFilter.java,82654da0eea7bd6a59915e27bf10cc0286a89143acb7f7e9a53a5f69a7228912,0530be227f4a10c5545cce8d3db20ac5a4d76a66,REVIEW_REQUIRED,Unknown,false,REVIEW_REQUIRED,REVIEW_REQUIRED,REVIEW,OpenProj path exists but content differs; perform hunk-level comparison,
modules/microproject_core/src/main/java/com/microproject/grouping/core/transform/filtering/SelectionFilter.java,microproject_core,java,HEAD,231a7ecf983e8367a5181b81a140ffd1cb24b01b337f06c3ec389678d848beb2,d2fa3c20a,openproj_core/src/com/projity/grouping/core/transform/filtering/SelectionFilter.java,8567021c6da0f1d9a674cf48a89db9a79dd58a4cb0a4cfd93a1a53d19b990463,0530be227f4a10c5545cce8d3db20ac5a4d76a66,REVIEW_REQUIRED,Unknown,false,REVIEW_REQUIRED,REVIEW_REQUIRED,REVIEW,OpenProj path exists but content differs; perform hunk-level comparison,
modules/microproject_core/src/main/java/com/microproject/grouping/core/transform/grouping/NodeGroup.java,microproject_core,java,HEAD,dd4476969eee44cec41cccac22fd7af5ce6a158780c0a892374ec679bb8a753f,d2fa3c20a,openproj_core/src/com/projity/grouping/core/transform/grouping/NodeGroup.java,73a6a9e5f9519c2b0180e55d99570ea65938909235c2e862bca11f3729f89fb1,0530be227f4a10c5545cce8d3db20ac5a4d76a66,REVIEW_REQUIRED,Unknown,false,REVIEW_REQUIRED,REVIEW_REQUIRED,REVIEW,OpenProj path exists but content differs; perform hunk-level comparison,
modules/microproject_core/src/main/java/com/microproject/grouping/core/transform/grouping/NodeGrouper.java,microproject_core,java,HEAD,e125f1fda02257e9f7fc4808a8b426ebbd3c84debcb94d0757c335b6e2720d98,d2fa3c20a,openproj_core/src/com/projity/grouping/core/transform/grouping/NodeGrouper.java,74319823092f4b61228b3e538954886bd1cfd1e0877a86d8f53c812b49391e3a,0530be227f4a10c5545cce8d3db20ac5a4d76a66,REVIEW_REQUIRED,Unknown,false,REVIEW_REQUIRED,REVIEW_REQUIRED,REVIEW,OpenProj path exists but content differs; perform hunk-level comparison,
modules/microproject_core/src/main/java/com/microproject/grouping/core/transform/sorting/NodeSorter.java,microproject_core,java,HEAD,282efe31f18b9e854ae5e474d4810b6f294f46aa75273f8a37c6eb1f1f0e40ae,d2fa3c20a,openproj_core/src/com/projity/grouping/core/transform/sorting/NodeSorter.java,d30d6d84fb02e8011fac59f589da22e98964eed52231f23e89dd96053b805d7b,0530be227f4a10c5545cce8d3db20ac5a4d76a66,REVIEW_REQUIRED,Unknown,false,REVIEW_REQUIRED,REVIEW_REQUIRED,REVIEW,OpenProj path exists but content differs; perform hunk-level comparison,
modules/microproject_core/src/main/java/com/microproject/grouping/core/transform/sorting/NodeSorterFactory.java,microproject_core,java,HEAD,e5e18ad893d31ae13bedca164ab71dcb8864a4b00939aa1197795c0e03e0893f,d2fa3c20a,openproj_core/src/com/projity/grouping/core/transform/sorting/NodeSorterFactory.java,03f93c8f95eaca9719d5b06f38bb2abea2ffc5eca6ab4e569e82945a9e60f4d0,0530be227f4a10c5545cce8d3db20ac5a4d76a66,REVIEW_REQUIRED,Unknown,false,REVIEW_REQUIRED,REVIEW_REQUIRED,REVIEW,OpenProj path exists but content differs; perform hunk-level comparison,
modules/microproject_core/src/main/java/com/microproject/grouping/core/transform/transformer/NodeTransformer.java,microproject_core,java,HEAD,f42686780f9c0f9be6978f03932a387282d82cd6c78e9caec680d206df7e6f05,d2fa3c20a,openproj_core/src/com/projity/grouping/core/transform/transformer/NodeTransformer.java,4aa04d5097e097fb8c322d53ccc8de110433ff493308448b0fa0193462857773,0530be227f4a10c5545cce8d3db20ac5a4d76a66,REVIEW_REQUIRED,Unknown,false,REVIEW_REQUIRED,REVIEW_REQUIRED,REVIEW,OpenProj path exists but content differs; perform hunk-level comparison,
modules/microproject_core/src/main/java/com/microproject/grouping/core/transform/transformer/NodeTransformerFactory.java,microproject_core,java,HEAD,cdf07c886fb467a6b7ee6f6556646fdcfb12b4a62fbb595380186d787ca5c1fa,d2fa3c20a,openproj_core/src/com/projity/grouping/core/transform/transformer/NodeTransformerFactory.java,2bf0be2cc4e89304106a1f2a59570f8d836ced68c654d6af6918b6dced9b54a7,0530be227f4a10c5545cce8d3db20ac5a4d76a66,REVIEW_REQUIRED,Unknown,false,REVIEW_REQUIRED,REVIEW_REQUIRED,REVIEW,OpenProj path exists but content differs; perform hunk-level comparison,
modules/microproject_core/src/main/java/com/microproject/init/Init.java,microproject_core,java,HEAD,3eacff1c0e41a62baf7ac0879f82f66b6f94bdbbcd005254f1aff7348bce3fa2,d2fa3c20a,openproj_core/src/com/projity/init/Init.java,1582568599b1dccce6384b5f081cccafca040b6544462892dd3f2cb94aab8723,0530be227f4a10c5545cce8d3db20ac5a4d76a66,REVIEW_REQUIRED,Unknown,false,REVIEW_REQUIRED,REVIEW_REQUIRED,REVIEW,OpenProj path exists but content differs; perform hunk-level comparison,
modules/microproject_core/src/main/java/com/microproject/interval/InvalidValueObjectForIntervalException.java,microproject_core,java,HEAD,b17816eb83be1972ee473bbcedcb90ee7c60f81ebb0e98cc00f4dd19624dee37,d2fa3c20a,openproj_core/src/com/projity/interval/InvalidValueObjectForIntervalException.java,1a7a9d35506b11ec6c1720e5686a6237356cfbdf90a018b67e107cc924290d8b,0530be227f4a10c5545cce8d3db20ac5a4d76a66,REVIEW_REQUIRED,Unknown,false,REVIEW_REQUIRED,REVIEW_REQUIRED,REVIEW,OpenProj path exists but content differs; perform hunk-level comparison,
modules/microproject_core/src/main/java/com/microproject/interval/ValueObjectForInterval.java,microproject_core,java,HEAD,def0609e8c217feb8ca6196661cf5a7ef1faad5787b69f36786ee6be1ff5aca7,d2fa3c20a,openproj_core/src/com/projity/interval/ValueObjectForInterval.java,c712826e775243e223a6f038b0c85c338b9779a18588b5a46eb0e8bb070bf70f,0530be227f4a10c5545cce8d3db20ac5a4d76a66,REVIEW_REQUIRED,Unknown,false,REVIEW_REQUIRED,REVIEW_REQUIRED,REVIEW,OpenProj path exists but content differs; perform hunk-level comparison,
modules/microproject_core/src/main/java/com/microproject/interval/ValueObjectForIntervalTable.java,microproject_core,java,HEAD,e21c0da2ddb37b45f5a338529bca6c8027282fbc60cd8e5fe5e7a13fc920740f,d2fa3c20a,openproj_core/src/com/projity/interval/ValueObjectForIntervalTable.java,52f038838998c11bc433c0efa6fec46bdb9fd36a6bc8aedbb995a2c105ab7c9e,0530be227f4a10c5545cce8d3db20ac5a4d76a66,REVIEW_REQUIRED,Unknown,false,REVIEW_REQUIRED,REVIEW_REQUIRED,REVIEW,OpenProj path exists but content differs; perform hunk-level comparison,
modules/microproject_core/src/main/java/com/microproject/job/ExtendedProgressMonitor.java,microproject_core,java,HEAD,e8ee6825baa712069c24569e4c604e5fcf542b3c3a0408ded6b69c01a5915ed7,d2fa3c20a,openproj_core/src/com/projity/job/ExtendedProgressMonitor.java,a27c234f41c381ee5e89761589595b8fd335d4701bb5b813dabe52548d113ad2,0530be227f4a10c5545cce8d3db20ac5a4d76a66,REVIEW_REQUIRED,Unknown,false,REVIEW_REQUIRED,REVIEW_REQUIRED,REVIEW,OpenProj path exists but content differs; perform hunk-level comparison,
modules/microproject_core/src/main/java/com/microproject/job/Job.java,microproject_core,java,HEAD,f7fc4606ddf9cc05431c77f42919d378a4ae3d292b3961fdbdaf3798f911229d,d2fa3c20a,openproj_core/src/com/projity/job/Job.java,60fecaeb434f9566f32c5ed78cedafe0210d202c559b30c9fc2faeb86829487a,0530be227f4a10c5545cce8d3db20ac5a4d76a66,REVIEW_REQUIRED,Unknown,false,REVIEW_REQUIRED,REVIEW_REQUIRED,REVIEW,OpenProj path exists but content differs; perform hunk-level comparison,
modules/microproject_core/src/main/java/com/microproject/job/JobCanceledException.java,microproject_core,java,HEAD,c19dc5542be52f994d9cf7b5c3d3dc97ecd93902e378711d2ebaf4180931a3e4,d2fa3c20a,openproj_core/src/com/projity/job/JobCanceledException.java,20b18eb1bd95d83bc21eb646ca4ad42751c9a68f8a008c3a1fa5630898f83361,0530be227f4a10c5545cce8d3db20ac5a4d76a66,REVIEW_REQUIRED,Unknown,false,REVIEW_REQUIRED,REVIEW_REQUIRED,REVIEW,OpenProj path exists but content differs; perform hunk-level comparison,
modules/microproject_core/src/main/java/com/microproject/job/JobMutex.java,microproject_core,java,HEAD,7b664463e0bf09f02af03605125150a0b40907686109a08d30e918b7036682d6,d2fa3c20a,openproj_core/src/com/projity/job/JobMutex.java,f9385d50f8439bd8c4ecd6c6c800edfe0fcc075d4bb802bf2bb1cea3402bceff,0530be227f4a10c5545cce8d3db20ac5a4d76a66,REVIEW_REQUIRED,Unknown,true,REVIEW_REQUIRED,REVIEW_REQUIRED,KEEP_OPENPROJ,normalized content matches OpenProj baseline,
modules/microproject_core/src/main/java/com/microproject/job/JobQueue.java,microproject_core,java,HEAD,ef3975940b766404d1ef2d3d82e16cb5b243d952b9f935c856ec448a39586679,d2fa3c20a,openproj_core/src/com/projity/job/JobQueue.java,6b755b7c3e08a26235de88fc0a5191cddf8a68d4fad2a6593b56ddd730007124,0530be227f4a10c5545cce8d3db20ac5a4d76a66,REVIEW_REQUIRED,Unknown,false,REVIEW_REQUIRED,REVIEW_REQUIRED,REVIEW,OpenProj path exists but content differs; perform hunk-level comparison,
modules/microproject_core/src/main/java/com/microproject/job/JobQueueEvent.java,microproject_core,java,HEAD,c1849cf15cea42bb46953244abc6b74ee8f01b55e937328d613020086a6f85c4,d2fa3c20a,openproj_core/src/com/projity/job/JobQueueEvent.java,db56a4cef290d18b14f977dcfa7ac3d49f8908618498fd56dbac182fafeabfc0,0530be227f4a10c5545cce8d3db20ac5a4d76a66,REVIEW_REQUIRED,Unknown,true,REVIEW_REQUIRED,REVIEW_REQUIRED,KEEP_OPENPROJ,normalized content matches OpenProj baseline,
modules/microproject_core/src/main/java/com/microproject/job/JobQueueListener.java,microproject_core,java,HEAD,d2bb53fa7f6c952959cb1a1bfd86ceaf8ad81d7552785fb9747e230fd50a093c,d2fa3c20a,openproj_core/src/com/projity/job/JobQueueListener.java,c3760e4f005279477afcb848d3caafe74a2cd37438fe2c395e2530e14f5254c8,0530be227f4a10c5545cce8d3db20ac5a4d76a66,REVIEW_REQUIRED,Unknown,true,REVIEW_REQUIRED,REVIEW_REQUIRED,KEEP_OPENPROJ,normalized content matches OpenProj baseline,
modules/microproject_core/src/main/java/com/microproject/job/JobRunnable.java,microproject_core,java,HEAD,316965cf81e914c597376a230198e751032adc621eb65d597f8604e08586504b,d2fa3c20a,openproj_core/src/com/projity/job/JobRunnable.java,cf89ac7e07eb1c2caf5af2b06ce56de0da073351a2bc92a35e49b04be22af34f,0530be227f4a10c5545cce8d3db20ac5a4d76a66,REVIEW_REQUIRED,Unknown,true,REVIEW_REQUIRED,REVIEW_REQUIRED,KEEP_OPENPROJ,normalized content matches OpenProj baseline,
modules/microproject_core/src/main/java/com/microproject/job/Mutex.java,microproject_core,java,HEAD,873be81e3b86d530d304d40b1ae0619f880ea8e55740bc0aec7745fabe0674e4,d2fa3c20a,openproj_core/src/com/projity/job/Mutex.java,cc309e0f1c6b018a8464fed22163aab70745b7473a45cff9ec3b007c84817df7,0530be227f4a10c5545cce8d3db20ac5a4d76a66,REVIEW_REQUIRED,Unknown,true,REVIEW_REQUIRED,REVIEW_REQUIRED,KEEP_OPENPROJ,normalized content matches OpenProj baseline,
modules/microproject_core/src/main/java/com/microproject/options/AdvancedOption.java,microproject_core,java,HEAD,503e77faefe0189fc3cbb09cf92bd96ab50150cc6b1ecd903a0eeac5860ee377,d2fa3c20a,openproj_core/src/com/projity/options/AdvancedOption.java,ad58d03d4543350109a9474f72a34757f9e0162d5e7943811bbbf2fb6a06241d,0530be227f4a10c5545cce8d3db20ac5a4d76a66,REVIEW_REQUIRED,Unknown,true,REVIEW_REQUIRED,REVIEW_REQUIRED,KEEP_OPENPROJ,normalized content matches OpenProj baseline,
modules/microproject_core/src/main/java/com/microproject/options/CalculationOption.java,microproject_core,java,HEAD,0e33fef71ade462c43a3ddb05a87bd7e3a59875138eac0e48d1d3781fe9fe4e5,d2fa3c20a,openproj_core/src/com/projity/options/CalculationOption.java,1e955f6739c25212cd417650565dee0e6c8c029111f2c030a410312a3f912e9d,0530be227f4a10c5545cce8d3db20ac5a4d76a66,REVIEW_REQUIRED,Unknown,true,REVIEW_REQUIRED,REVIEW_REQUIRED,KEEP_OPENPROJ,normalized content matches OpenProj baseline,
modules/microproject_core/src/main/java/com/microproject/options/CalendarOption.java,microproject_core,java,HEAD,8ab17d1cc955f7fee7376ad4a4c45bcc7c157a79a26d340ed2a7d5d8ad21b6bc,d2fa3c20a,openproj_core/src/com/projity/options/CalendarOption.java,dbaeee21974f5bea80723688ba541664b9cf5e9635c4cbe5e8eb85d738c7f3c7,0530be227f4a10c5545cce8d3db20ac5a4d76a66,REVIEW_REQUIRED,Unknown,false,REVIEW_REQUIRED,REVIEW_REQUIRED,REVIEW,OpenProj path exists but content differs; perform hunk-level comparison,
modules/microproject_core/src/main/java/com/microproject/options/EditOption.java,microproject_core,java,HEAD,5088b978d3705424089bee0983cfc0d32df0d6ed49f3f7fc0f7a181f44bdb73b,d2fa3c20a,openproj_core/src/com/projity/options/EditOption.java,16999f97b745ba28c2e9314672644cb2baa616588d5793195fdb2fd231f5ee03,0530be227f4a10c5545cce8d3db20ac5a4d76a66,REVIEW_REQUIRED,Unknown,false,REVIEW_REQUIRED,REVIEW_REQUIRED,REVIEW,OpenProj path exists but content differs; perform hunk-level comparison,
modules/microproject_core/src/main/java/com/microproject/options/GanttOption.java,microproject_core,java,HEAD,a574b72534dcae7c9a37d5ed72fed1f90515a6ac67b5a0b0fc5ae29cd89b0757,d2fa3c20a,openproj_core/src/com/projity/options/GanttOption.java,a2f171432747a28ac8de8be5a8317b30a2c50f736ae16c17e12b00122822cce0,0530be227f4a10c5545cce8d3db20ac5a4d76a66,REVIEW_REQUIRED,Unknown,true,REVIEW_REQUIRED,REVIEW_REQUIRED,KEEP_OPENPROJ,normalized content matches OpenProj baseline,
modules/microproject_core/src/main/java/com/microproject/options/GeneralOption.java,microproject_core,java,HEAD,8080dc39efad7623d9d09497e1b0bb17b4c71d310aa3f7c455804a0df9cb3911,d2fa3c20a,openproj_core/src/com/projity/options/GeneralOption.java,e5415a1ad93c13a61b78be1d82cb363580900ff279613365c724f21d1c337d52,0530be227f4a10c5545cce8d3db20ac5a4d76a66,REVIEW_REQUIRED,Unknown,false,REVIEW_REQUIRED,REVIEW_REQUIRED,REVIEW,OpenProj path exists but content differs; perform hunk-level comparison,
modules/microproject_core/src/main/java/com/microproject/options/ScheduleOption.java,microproject_core,java,HEAD,3d90ec37a7b8cbfb7b29d1be9616db7ec0c977487656805d114902172536af4d,d2fa3c20a,openproj_core/src/com/projity/options/ScheduleOption.java,8ac1f37b5c235deb00a81fc11729530d44758e2df2a7c3235984cf97381b94ef,0530be227f4a10c5545cce8d3db20ac5a4d76a66,REVIEW_REQUIRED,Unknown,false,REVIEW_REQUIRED,REVIEW_REQUIRED,REVIEW,OpenProj path exists but content differs; perform hunk-level comparison,
modules/microproject_core/src/main/java/com/microproject/options/TimesheetOption.java,microproject_core,java,HEAD,7d65c34f012d57a16b7088034fb74de125cff5fd5f3f09364996627fca2c2518,d2fa3c20a,openproj_core/src/com/projity/options/TimesheetOption.java,5c47ee2fcada0dd342a142ca0908b5646a4f4db8f250e85ea29605acd05ca967,0530be227f4a10c5545cce8d3db20ac5a4d76a66,REVIEW_REQUIRED,Unknown,true,REVIEW_REQUIRED,REVIEW_REQUIRED,KEEP_OPENPROJ,normalized content matches OpenProj baseline,
modules/microproject_core/src/main/java/com/microproject/pm/assignment/Allocation.java,microproject_core,java,HEAD,4253ffce56f0fd78d47dfd76cdeb8d2ee2257bfc29164968b72c548b511a112a,d2fa3c20a,openproj_core/src/com/projity/pm/assignment/Allocation.java,6c5254b6ee8cb574d397f3bc380f4cbe9bd569a01f1fc83fc2d72dc06fb5790a,0530be227f4a10c5545cce8d3db20ac5a4d76a66,REVIEW_REQUIRED,Unknown,true,REVIEW_REQUIRED,REVIEW_REQUIRED,KEEP_OPENPROJ,normalized content matches OpenProj baseline,
modules/microproject_core/src/main/java/com/microproject/pm/assignment/Assignment.java,microproject_core,java,HEAD,522dcc1f2a635a754a91a23a3627c9e05c6d79e4e924948eb37e3ca6314cbfea,d2fa3c20a,openproj_core/src/com/projity/pm/assignment/Assignment.java,ffcf6feb96420230ca8f17d3fb1ea3ac4edcede11f2d0c4751d633ea879a511f,0530be227f4a10c5545cce8d3db20ac5a4d76a66,REVIEW_REQUIRED,Unknown,false,REVIEW_REQUIRED,REVIEW_REQUIRED,REVIEW,OpenProj path exists but content differs; perform hunk-level comparison,
modules/microproject_core/src/main/java/com/microproject/pm/assignment/AssignmentCalendarSupport.java,microproject_core,java,HEAD,4f5d0d1cadb58f4045dfd9a66a2de61bd948883101fce8aacb738d35613503be,d2fa3c20a,,,0530be227f4a10c5545cce8d3db20ac5a4d76a66,REVIEW_REQUIRED,Unknown,false,REVIEW_REQUIRED,REVIEW_REQUIRED,REVIEW,no path match in OpenProj baseline; classify origin manually,
modules/microproject_core/src/main/java/com/microproject/pm/assignment/AssignmentDetail.java,microproject_core,java,HEAD,c1fe845861323fff3a1b81cf52c944fa0d0dc1595e5500257d39ff737fc2b50b,d2fa3c20a,openproj_core/src/com/projity/pm/assignment/AssignmentDetail.java,b978f420d46e3a39dd9604e596dc302c05d0e43e08fbfe16e5764901e4e74069,0530be227f4a10c5545cce8d3db20ac5a4d76a66,REVIEW_REQUIRED,Unknown,false,REVIEW_REQUIRED,REVIEW_REQUIRED,REVIEW,OpenProj path exists but content differs; perform hunk-level comparison,
modules/microproject_core/src/main/java/com/microproject/pm/assignment/AssignmentEntry.java,microproject_core,java,HEAD,973cff10237264a6aa29bb05e981a473ef0379013d6750c0bc2e09c451b1d2d9,d2fa3c20a,openproj_core/src/com/projity/pm/assignment/AssignmentEntry.java,7f8902bdf1173f81955b9c65391163f592e5a4abceb6d95df870df9f8b4d37a3,0530be227f4a10c5545cce8d3db20ac5a4d76a66,REVIEW_REQUIRED,Unknown,false,REVIEW_REQUIRED,REVIEW_REQUIRED,REVIEW,OpenProj path exists but content differs; perform hunk-level comparison,
modules/microproject_core/src/main/java/com/microproject/pm/assignment/AssignmentFormat.java,microproject_core,java,HEAD,fe4ecf1f2850cc389a6ca30af0f903b504b13444d3ed51078b6555483dab8630,d2fa3c20a,openproj_core/src/com/projity/pm/assignment/AssignmentFormat.java,1faba947d6d6150776963dddd30a718cf6133db645bf8f9310b6192bfb267671,0530be227f4a10c5545cce8d3db20ac5a4d76a66,REVIEW_REQUIRED,Unknown,false,REVIEW_REQUIRED,REVIEW_REQUIRED,REVIEW,OpenProj path exists but content differs; perform hunk-level comparison,
modules/microproject_core/src/main/java/com/microproject/pm/assignment/AssignmentService.java,microproject_core,java,HEAD,b8f880de9a22bf4587cd801f69bcb7ab3c21a87a623b174c5d90e98125dca86f,d2fa3c20a,openproj_core/src/com/projity/pm/assignment/AssignmentService.java,d79b8f46240125436423392ab94232a3359c13dcf7efccfa5fb7702acaa54016,0530be227f4a10c5545cce8d3db20ac5a4d76a66,REVIEW_REQUIRED,Unknown,false,REVIEW_REQUIRED,REVIEW_REQUIRED,REVIEW,OpenProj path exists but content differs; perform hunk-level comparison,
modules/microproject_core/src/main/java/com/microproject/pm/assignment/AssignmentSpecificFields.java,microproject_core,java,HEAD,ded7f237f73c5739c00f3bd75287351f5cc755b3ab3d9cfa8950356c866f0b5c,d2fa3c20a,openproj_core/src/com/projity/pm/assignment/AssignmentSpecificFields.java,0ac7f9551001d97a1eb5fe508408fe8c762fe14420f9472601ef7a37b55bce98,0530be227f4a10c5545cce8d3db20ac5a4d76a66,REVIEW_REQUIRED,Unknown,true,REVIEW_REQUIRED,REVIEW_REQUIRED,KEEP_OPENPROJ,normalized content matches OpenProj baseline,
modules/microproject_core/src/main/java/com/microproject/pm/assignment/HasAssignments.java,microproject_core,java,HEAD,b5536136c1d0d428ca950eb36e045de8f27cd72c8db1be29ed74a2c7b47baeec,d2fa3c20a,openproj_core/src/com/projity/pm/assignment/HasAssignments.java,3f5fd6bef5a12e1c3ae509d3ec48d25169f7d130942a5167cb39206b5740d03c,0530be227f4a10c5545cce8d3db20ac5a4d76a66,REVIEW_REQUIRED,Unknown,true,REVIEW_REQUIRED,REVIEW_REQUIRED,KEEP_OPENPROJ,normalized content matches OpenProj baseline,
modules/microproject_core/src/main/java/com/microproject/pm/assignment/HasAssignmentsImpl.java,microproject_core,java,HEAD,00daca195021cb8c28172033f8d5fb054fead860d234743ed69febce26db4556,d2fa3c20a,openproj_core/src/com/projity/pm/assignment/HasAssignmentsImpl.java,0cee59b59a10f69909dac3ab381e27375dbc09e865ddf557a7dbc8df944577bc,0530be227f4a10c5545cce8d3db20ac5a4d76a66,REVIEW_REQUIRED,Unknown,false,REVIEW_REQUIRED,REVIEW_REQUIRED,REVIEW,OpenProj path exists but content differs; perform hunk-level comparison,
modules/microproject_core/src/main/java/com/microproject/pm/assignment/HasRequestDemandType.java,microproject_core,java,HEAD,52c84522f74dcb1887fa19d9bde002326b8cbba9d63daed1f8290483d1b30844,d2fa3c20a,openproj_core/src/com/projity/pm/assignment/HasRequestDemandType.java,ee92b47dbda35ad1fee3ebcea203c4c5c2dff51cdc1c80a9c95213193b8ee15e,0530be227f4a10c5545cce8d3db20ac5a4d76a66,REVIEW_REQUIRED,Unknown,false,REVIEW_REQUIRED,REVIEW_REQUIRED,REVIEW,OpenProj path exists but content differs; perform hunk-level comparison,
modules/microproject_core/src/main/java/com/microproject/pm/assignment/HasTimeDistributedData.java,microproject_core,java,HEAD,f61afac3a62cfa98dce9ed0357ea11d00af43b4d4dd11785ce3f2424945e51e4,d2fa3c20a,openproj_core/src/com/projity/pm/assignment/HasTimeDistributedData.java,d4e96d4e5be129d48a69bd0337dfc85b877e3925fd4c03d5eb2697577b7b85c9,0530be227f4a10c5545cce8d3db20ac5a4d76a66,REVIEW_REQUIRED,Unknown,false,REVIEW_REQUIRED,REVIEW_REQUIRED,REVIEW,OpenProj path exists but content differs; perform hunk-level comparison,
modules/microproject_core/src/main/java/com/microproject/pm/assignment/RequestDemandType.java,microproject_core,java,HEAD,987dfd30156981d836881feb0e8dc991e784847a27ea78d247d0405eed53bd3c,d2fa3c20a,openproj_core/src/com/projity/pm/assignment/RequestDemandType.java,239349ea6c42d6ef3ccec67dcf782cbead85926b22187eea3b2768b1679bb118,0530be227f4a10c5545cce8d3db20ac5a4d76a66,REVIEW_REQUIRED,Unknown,false,REVIEW_REQUIRED,REVIEW_REQUIRED,REVIEW,OpenProj path exists but content differs; perform hunk-level comparison,
modules/microproject_core/src/main/java/com/microproject/pm/assignment/TimeDistributedConstants.java,microproject_core,java,HEAD,f901005e8df796174be492a40661ef42fe11fb13bcceb548cf9e3843775129cf,d2fa3c20a,openproj_core/src/com/projity/pm/assignment/TimeDistributedConstants.java,38e5c25baf6d32005cb40afe3de9b97faf2902ba90f297703edec413ba241434,0530be227f4a10c5545cce8d3db20ac5a4d76a66,REVIEW_REQUIRED,Unknown,true,REVIEW_REQUIRED,REVIEW_REQUIRED,KEEP_OPENPROJ,normalized content matches OpenProj baseline,
modules/microproject_core/src/main/java/com/microproject/pm/assignment/TimeDistributedDataConsolidator.java,microproject_core,java,HEAD,f7321ea76a31f9b698e6844343954acbb65c738d11c7f2296e2fea7ae43a0bd6,d2fa3c20a,openproj_core/src/com/projity/pm/assignment/TimeDistributedDataConsolidator.java,0a489832dcbbb1b3ac1e69c1535876102036e84ea0add6d1f96bf91c9af22bdc,0530be227f4a10c5545cce8d3db20ac5a4d76a66,REVIEW_REQUIRED,Unknown,false,REVIEW_REQUIRED,REVIEW_REQUIRED,REVIEW,OpenProj path exists but content differs; perform hunk-level comparison,
modules/microproject_core/src/main/java/com/microproject/pm/assignment/TimeDistributedFields.java,microproject_core,java,HEAD,c878b901afc18e78c3537f3d6661817c79dcdeb5066f8843157ef45c6e409ba1,d2fa3c20a,openproj_core/src/com/projity/pm/assignment/TimeDistributedFields.java,8d8ef26e4cda0597b31d3328a2598ca90b875d7b0f14381358a599d59d8dbed8,0530be227f4a10c5545cce8d3db20ac5a4d76a66,REVIEW_REQUIRED,Unknown,true,REVIEW_REQUIRED,REVIEW_REQUIRED,KEEP_OPENPROJ,normalized content matches OpenProj baseline,
modules/microproject_core/src/main/java/com/microproject/pm/assignment/TimeDistributedHelper.java,microproject_core,java,HEAD,6a4cf3aafa8df31862445c3abc1fb721114dcf14ccc7110f30d5a7d33d228804,d2fa3c20a,openproj_core/src/com/projity/pm/assignment/TimeDistributedHelper.java,f2786f07d7b2672eacc7b20585a5972a697416e5994e76fa29246f7d6a895496,0530be227f4a10c5545cce8d3db20ac5a4d76a66,REVIEW_REQUIRED,Unknown,false,REVIEW_REQUIRED,REVIEW_REQUIRED,REVIEW,OpenProj path exists but content differs; perform hunk-level comparison,
modules/microproject_core/src/main/java/com/microproject/pm/assignment/contour/AbstractContour.java,microproject_core,java,HEAD,2dc1b86daac6ad05f155f2fd54522a8e86c5a476ea9c0df82f6b1abf1c02eef1,d2fa3c20a,openproj_core/src/com/projity/pm/assignment/contour/AbstractContour.java,cb0674b797696a205ce42babe372507deb0b81d5c65e4234ae52eb3b3563a53b,0530be227f4a10c5545cce8d3db20ac5a4d76a66,REVIEW_REQUIRED,Unknown,false,REVIEW_REQUIRED,REVIEW_REQUIRED,REVIEW,OpenProj path exists but content differs; perform hunk-level comparison,
modules/microproject_core/src/main/java/com/microproject/pm/assignment/contour/AbstractContourBucket.java,microproject_core,java,HEAD,febb9dbee8946b79ab0bb9d3c49364d47cd31947829c166aab5822ac2880811f,d2fa3c20a,openproj_core/src/com/projity/pm/assignment/contour/AbstractContourBucket.java,ff36d0ea7444f3139024feb8c566a52e2aaeb88dc6237b6db5c341304d5ff484,0530be227f4a10c5545cce8d3db20ac5a4d76a66,REVIEW_REQUIRED,Unknown,true,REVIEW_REQUIRED,REVIEW_REQUIRED,KEEP_OPENPROJ,normalized content matches OpenProj baseline,
modules/microproject_core/src/main/java/com/microproject/pm/assignment/contour/ContourBucketIntervalGenerator.java,microproject_core,java,HEAD,986f3f03f6e2dadcd01a88960e158f6d838cceafed4ef630c85bbc3fbb7306ef,d2fa3c20a,openproj_core/src/com/projity/pm/assignment/contour/ContourBucketIntervalGenerator.java,bdb5e96bf0b1c158c636251e53b9c69cec9f669f4a9be0d8592846ca73dd8d79,0530be227f4a10c5545cce8d3db20ac5a4d76a66,REVIEW_REQUIRED,Unknown,false,REVIEW_REQUIRED,REVIEW_REQUIRED,REVIEW,OpenProj path exists but content differs; perform hunk-level comparison,
modules/microproject_core/src/main/java/com/microproject/pm/assignment/contour/ContourFactory.java,microproject_core,java,HEAD,ba2b1058f0fb9699aad1c462711a9f29b9a076a717bfc28d100a020427a15bd0,d2fa3c20a,openproj_core/src/com/projity/pm/assignment/contour/ContourFactory.java,88730ca2e13118a2f81d1c53670535dc664e356ee6ef7a9a273faf9742c5369f,0530be227f4a10c5545cce8d3db20ac5a4d76a66,REVIEW_REQUIRED,Unknown,false,REVIEW_REQUIRED,REVIEW_REQUIRED,REVIEW,OpenProj path exists but content differs; perform hunk-level comparison,
modules/microproject_core/src/main/java/com/microproject/pm/assignment/contour/ContourTypes.java,microproject_core,java,HEAD,e7da41b08d2d308adf4bc1da22192cbd0c587f9ac1f5aa128fa47089b12b48e4,d2fa3c20a,openproj_core/src/com/projity/pm/assignment/contour/ContourTypes.java,8aff344a5bc026518f2f5edceaea6487248f9dcc8b8d11fbd70d71e329a39934,0530be227f4a10c5545cce8d3db20ac5a4d76a66,REVIEW_REQUIRED,Unknown,false,REVIEW_REQUIRED,REVIEW_REQUIRED,REVIEW,OpenProj path exists but content differs; perform hunk-level comparison,
modules/microproject_core/src/main/java/com/microproject/pm/assignment/contour/FillerContourBucket.java,microproject_core,java,HEAD,5ae48cab0bd480bbfb2adcbb9245f1dfa757d3029f0980b30d112b6597eeaafe,d2fa3c20a,openproj_core/src/com/projity/pm/assignment/contour/FillerContourBucket.java,99a072eed375aa58fe92f4578a5f0394ab463b413f3f2ecda9a352b5d564a7f8,0530be227f4a10c5545cce8d3db20ac5a4d76a66,REVIEW_REQUIRED,Unknown,false,REVIEW_REQUIRED,REVIEW_REQUIRED,REVIEW,OpenProj path exists but content differs; perform hunk-level comparison,
modules/microproject_core/src/main/java/com/microproject/pm/assignment/contour/PersonalContour.java,microproject_core,java,HEAD,d9e6a804523bc6baed683577acf77cf17835da8458716b3e356ab0b580e596f6,d2fa3c20a,openproj_core/src/com/projity/pm/assignment/contour/PersonalContour.java,c0a71e0e0f2407c628bbafed8734e4e4faaa3455c6a1affda972c67bcaf82f2c,0530be227f4a10c5545cce8d3db20ac5a4d76a66,REVIEW_REQUIRED,Unknown,false,REVIEW_REQUIRED,REVIEW_REQUIRED,REVIEW,OpenProj path exists but content differs; perform hunk-level comparison,
modules/microproject_core/src/main/java/com/microproject/pm/assignment/contour/PersonalContourBucket.java,microproject_core,java,HEAD,9462adc736dfdfa4e92395d908bf8106bf9e9bdff985edce1cba9fd2fe156625,d2fa3c20a,openproj_core/src/com/projity/pm/assignment/contour/PersonalContourBucket.java,0c51bdc283dc8ba19919d717c00ff6bc0e10036b452a2da6d6cf07b8cb54e1d8,0530be227f4a10c5545cce8d3db20ac5a4d76a66,REVIEW_REQUIRED,Unknown,false,REVIEW_REQUIRED,REVIEW_REQUIRED,REVIEW,OpenProj path exists but content differs; perform hunk-level comparison,
modules/microproject_core/src/main/java/com/microproject/pm/assignment/contour/StandardContour.java,microproject_core,java,HEAD,18eab714c1f03f553eb22a635a5ff2a5fef81abfd410f8785448acefad2556a2,d2fa3c20a,openproj_core/src/com/projity/pm/assignment/contour/StandardContour.java,48f1b2ffe31cc79fbcf47d3e8310fe4fa317925a546f631880239f8de1ca8b68,0530be227f4a10c5545cce8d3db20ac5a4d76a66,REVIEW_REQUIRED,Unknown,false,REVIEW_REQUIRED,REVIEW_REQUIRED,REVIEW,OpenProj path exists but content differs; perform hunk-level comparison,
modules/microproject_core/src/main/java/com/microproject/pm/assignment/contour/StandardContourBucket.java,microproject_core,java,HEAD,0e8221a4bd1bb1f4cc65b63dfac8d14a72b4fdcb4dd715e7b786e45a591f9cea,d2fa3c20a,openproj_core/src/com/projity/pm/assignment/contour/StandardContourBucket.java,077ad00c1f707582787af034b0bacfde772b466c36cadf0fc27405af306c0659,0530be227f4a10c5545cce8d3db20ac5a4d76a66,REVIEW_REQUIRED,Unknown,true,REVIEW_REQUIRED,REVIEW_REQUIRED,KEEP_OPENPROJ,normalized content matches OpenProj baseline,
modules/microproject_core/src/main/java/com/microproject/pm/assignment/functor/AssignmentFieldClosureCollection.java,microproject_core,java,HEAD,557be648b5b3163dc879cfc0d0b6ae1e2586f4d35807981db73065b8df96de5e,d2fa3c20a,openproj_core/src/com/projity/pm/assignment/functor/AssignmentFieldClosureCollection.java,133a66282b583a8c98a00189a893042006df6672415cc998e1c959196e3376a5,0530be227f4a10c5545cce8d3db20ac5a4d76a66,REVIEW_REQUIRED,Unknown,false,REVIEW_REQUIRED,REVIEW_REQUIRED,REVIEW,OpenProj path exists but content differs; perform hunk-level comparison,
modules/microproject_core/src/main/java/com/microproject/pm/assignment/functor/AssignmentFieldFunctor.java,microproject_core,java,HEAD,a13646b71628f2f9da455013e55d5d713e96bd9c0c99a090dde9c1a7e3178f02,d2fa3c20a,openproj_core/src/com/projity/pm/assignment/functor/AssignmentFieldFunctor.java,ea81a7fe072959ad5a66454dc60840d2dd4b12beb32409ac61e06aa1429adb1e,0530be227f4a10c5545cce8d3db20ac5a4d76a66,REVIEW_REQUIRED,Unknown,false,REVIEW_REQUIRED,REVIEW_REQUIRED,REVIEW,OpenProj path exists but content differs; perform hunk-level comparison,
modules/microproject_core/src/main/java/com/microproject/pm/assignment/functor/AssignmentFieldOvertimeFunctor.java,microproject_core,java,HEAD,841373743c2f1abd17539b43df1ed359ba628d2d5c5729cc1ff5d752560f3b7f,d2fa3c20a,openproj_core/src/com/projity/pm/assignment/functor/AssignmentFieldOvertimeFunctor.java,9c8a0d966ab4a90ceaf4c313a7c55d180b184583653e81a4bd0d0cc1494f3ddb,0530be227f4a10c5545cce8d3db20ac5a4d76a66,REVIEW_REQUIRED,Unknown,false,REVIEW_REQUIRED,REVIEW_REQUIRED,REVIEW,OpenProj path exists but content differs; perform hunk-level comparison,
modules/microproject_core/src/main/java/com/microproject/pm/assignment/functor/CalculatedValuesFunctor.java,microproject_core,java,HEAD,0c5a989baca6fcf5db465a0dd37d95449372a888b489c2b50d502748d24988a0,d2fa3c20a,openproj_core/src/com/projity/pm/assignment/functor/CalculatedValuesFunctor.java,3489f42499dc0e7249dbbc87a22513b802303779d19118c177e81df38c71d183,0530be227f4a10c5545cce8d3db20ac5a4d76a66,REVIEW_REQUIRED,Unknown,false,REVIEW_REQUIRED,REVIEW_REQUIRED,REVIEW,OpenProj path exists but content differs; perform hunk-level comparison,
modules/microproject_core/src/main/java/com/microproject/pm/assignment/functor/ClosureCollectionSum.java,microproject_core,java,HEAD,6f9b4e5aa37e120aed17db3ac86615ac29daab553d588e1ff8a710ea278c3e2f,d2fa3c20a,openproj_core/src/com/projity/pm/assignment/functor/ClosureCollectionSum.java,1de165de8f9af2d2e6f114a64c85b3028651acfe320330a45b1c143060ef4724,0530be227f4a10c5545cce8d3db20ac5a4d76a66,REVIEW_REQUIRED,Unknown,false,REVIEW_REQUIRED,REVIEW_REQUIRED,REVIEW,OpenProj path exists but content differs; perform hunk-level comparison,
modules/microproject_core/src/main/java/com/microproject/pm/assignment/functor/CostFunctor.java,microproject_core,java,HEAD,d63980d76434a23ef5e0057f3dfc12c824a7f3fdc5f9697882199b34a09122e7,d2fa3c20a,openproj_core/src/com/projity/pm/assignment/functor/CostFunctor.java,1059742c80c1227b9b61faa9fe3b52925548876d2a6ea7679181e7fa758e2354,0530be227f4a10c5545cce8d3db20ac5a4d76a66,REVIEW_REQUIRED,Unknown,false,REVIEW_REQUIRED,REVIEW_REQUIRED,REVIEW,OpenProj path exists but content differs; perform hunk-level comparison,
modules/microproject_core/src/main/java/com/microproject/pm/assignment/functor/DateAtValueFunctor.java,microproject_core,java,HEAD,502373d8d00cfe8641a830d52fa767f26cf12787f96d559b7f99999a31dbda08,d2fa3c20a,openproj_core/src/com/projity/pm/assignment/functor/DateAtValueFunctor.java,f06bcef50c051c2281b859e1dd65c4aee2dee2f387bcf52785aac26cf76d1558,0530be227f4a10c5545cce8d3db20ac5a4d76a66,REVIEW_REQUIRED,Unknown,false,REVIEW_REQUIRED,REVIEW_REQUIRED,REVIEW,OpenProj path exists but content differs; perform hunk-level comparison,
modules/microproject_core/src/main/java/com/microproject/pm/assignment/functor/FixedCostFunctor.java,microproject_core,java,HEAD,328a8df2f5c0a5e346794c124cf04848579c40574e9d2a96ae331510632f2bbc,d2fa3c20a,openproj_core/src/com/projity/pm/assignment/functor/FixedCostFunctor.java,df6384003c5fddee30f5c52ac74038c59dc2ca04ab2b6527055108e9c3e26192,0530be227f4a10c5545cce8d3db20ac5a4d76a66,REVIEW_REQUIRED,Unknown,false,REVIEW_REQUIRED,REVIEW_REQUIRED,REVIEW,OpenProj path exists but content differs; perform hunk-level comparison,
modules/microproject_core/src/main/java/com/microproject/pm/assignment/functor/PercentAllocFunctor.java,microproject_core,java,HEAD,e3491b7277433f65d7641b9a2c1612fafe2a23a359aac7255e0afbab46b27c95,d2fa3c20a,openproj_core/src/com/projity/pm/assignment/functor/PercentAllocFunctor.java,1d8ef415445c1bd22a92d0b98aab87fb1e347e9a67c87b1afe4638ce4546a898,0530be227f4a10c5545cce8d3db20ac5a4d76a66,REVIEW_REQUIRED,Unknown,false,REVIEW_REQUIRED,REVIEW_REQUIRED,REVIEW,OpenProj path exists but content differs; perform hunk-level comparison,
modules/microproject_core/src/main/java/com/microproject/pm/assignment/functor/PersonalContourBuilderFunctor.java,microproject_core,java,HEAD,46aab88b56bc8981ff7b9862a3349e08c2a7245db833678f7b21527054eee35c,d2fa3c20a,openproj_core/src/com/projity/pm/assignment/functor/PersonalContourBuilderFunctor.java,3ccb00661d2e9d0cb9eca08301581bd87a58fc87be377616f6070d305de809b8,0530be227f4a10c5545cce8d3db20ac5a4d76a66,REVIEW_REQUIRED,Unknown,false,REVIEW_REQUIRED,REVIEW_REQUIRED,REVIEW,OpenProj path exists but content differs; perform hunk-level comparison,
modules/microproject_core/src/main/java/com/microproject/pm/assignment/functor/PersonalContourFactoryVisitor.java,microproject_core,java,HEAD,693e72571dbef66d693fc23b4304261dbc363c03eb64bd2a1e94a634b920b4a6,d2fa3c20a,openproj_core/src/com/projity/pm/assignment/functor/PersonalContourFactoryVisitor.java,5453b8ed5d4a61b2fe9fddc2c2b55c7e2b5a847676bb6be0128dc0eebd18f72b,0530be227f4a10c5545cce8d3db20ac5a4d76a66,REVIEW_REQUIRED,Unknown,false,REVIEW_REQUIRED,REVIEW_REQUIRED,REVIEW,OpenProj path exists but content differs; perform hunk-level comparison,
modules/microproject_core/src/main/java/com/microproject/pm/assignment/functor/PersonalContourMaker.java,microproject_core,java,HEAD,202182fd63d64cb880d6ec5ab65743239dc4d13194219ee3b0acc58f6e8aa0fe,d2fa3c20a,openproj_core/src/com/projity/pm/assignment/functor/PersonalContourMaker.java,8be503c4a8f70af85d73bba8e3cf3b00cd141089abd4000375248412f9e9c2bc,0530be227f4a10c5545cce8d3db20ac5a4d76a66,REVIEW_REQUIRED,Unknown,false,REVIEW_REQUIRED,REVIEW_REQUIRED,REVIEW,OpenProj path exists but content differs; perform hunk-level comparison,
modules/microproject_core/src/main/java/com/microproject/pm/assignment/functor/PrintValueFunctor.java,microproject_core,java,HEAD,c94ca34d2501a1f87526796c48387d539adf4bc9a348079f0a6fe15837f053d3,d2fa3c20a,openproj_core/src/com/projity/pm/assignment/functor/PrintValueFunctor.java,c83a30a48fb6e8d58c373547f8ac4a8bf8a5f5290f4071ca9742a671f9127ada,0530be227f4a10c5545cce8d3db20ac5a4d76a66,REVIEW_REQUIRED,Unknown,false,REVIEW_REQUIRED,REVIEW_REQUIRED,REVIEW,OpenProj path exists but content differs; perform hunk-level comparison,
modules/microproject_core/src/main/java/com/microproject/pm/assignment/functor/ResourceAvailabilityFunctor.java,microproject_core,java,HEAD,509c328bbb6887e24deb1e45ef2e75f6c444fa37eced592fabdd432abfec41ab,d2fa3c20a,openproj_core/src/com/projity/pm/assignment/functor/ResourceAvailabilityFunctor.java,2201c3f5eaf348aa8920f11a89a52067f1dceadb80375bc6288ed77c0ee1a9dd,0530be227f4a10c5545cce8d3db20ac5a4d76a66,REVIEW_REQUIRED,Unknown,false,REVIEW_REQUIRED,REVIEW_REQUIRED,REVIEW,OpenProj path exists but content differs; perform hunk-level comparison,
modules/microproject_core/src/main/java/com/microproject/pm/assignment/functor/SimpleCalculatedValuesFunctor.java,microproject_core,java,HEAD,4bd244b6d7bcc948483dd5c21821d5c6fc67cda5d981f402ed379940bc261f2e,d2fa3c20a,openproj_core/src/com/projity/pm/assignment/functor/SimpleCalculatedValuesFunctor.java,1bca00cdce52cdb58cead91740d04218b56ccf365a898ba525cae28a8537de1d,0530be227f4a10c5545cce8d3db20ac5a4d76a66,REVIEW_REQUIRED,Unknown,false,REVIEW_REQUIRED,REVIEW_REQUIRED,REVIEW,OpenProj path exists but content differs; perform hunk-level comparison,
modules/microproject_core/src/main/java/com/microproject/pm/assignment/functor/ValueAtInstant.java,microproject_core,java,HEAD,7d0c19f35abee922d237affe9100cf9d2242f76e78ad5eef43ca28ad1a64d565,d2fa3c20a,openproj_core/src/com/projity/pm/assignment/functor/ValueAtInstant.java,e8005f2397a1bfcb4922b53b762fee68b97b108b3a0c7dceabb7bda50dbdbf58,0530be227f4a10c5545cce8d3db20ac5a4d76a66,REVIEW_REQUIRED,Unknown,false,REVIEW_REQUIRED,REVIEW_REQUIRED,REVIEW,OpenProj path exists but content differs; perform hunk-level comparison,
modules/microproject_core/src/main/java/com/microproject/pm/assignment/functor/WorkComparator.java,microproject_core,java,HEAD,3c56a2b1de2634faf931fe814f8376a8777f30b469944faa0c17ffb388b06834,d2fa3c20a,openproj_core/src/com/projity/pm/assignment/functor/WorkComparator.java,66ecdd76f4e48e0cd9d8ff10dfbf371efff330248b563cd01cac92d28bba8a94,0530be227f4a10c5545cce8d3db20ac5a4d76a66,REVIEW_REQUIRED,Unknown,false,REVIEW_REQUIRED,REVIEW_REQUIRED,REVIEW,OpenProj path exists but content differs; perform hunk-level comparison,
modules/microproject_core/src/main/java/com/microproject/pm/assignment/functor/WorkFunctor.java,microproject_core,java,HEAD,3fd8561993fcde46530f9f0fdfe08b2b3da8c369dd4c557d6644990c2c7b6a72,d2fa3c20a,openproj_core/src/com/projity/pm/assignment/functor/WorkFunctor.java,ea94d531b520c89087c854f3e33854d9faa873bd6de90ddad39c2fca9283ece2,0530be227f4a10c5545cce8d3db20ac5a4d76a66,REVIEW_REQUIRED,Unknown,false,REVIEW_REQUIRED,REVIEW_REQUIRED,REVIEW,OpenProj path exists but content differs; perform hunk-level comparison,
modules/microproject_core/src/main/java/com/microproject/pm/assignment/functor/ZeroFunctor.java,microproject_core,java,HEAD,7f5fa1a64a498a4e00f3d17f4841090abe44747c0dcbf21889302348a92ff4bb,d2fa3c20a,openproj_core/src/com/projity/pm/assignment/functor/ZeroFunctor.java,2504ab5dedaf1938f9f8b47076d5df3c4b5c88a77e270f47958cc6665f58b645,0530be227f4a10c5545cce8d3db20ac5a4d76a66,REVIEW_REQUIRED,Unknown,false,REVIEW_REQUIRED,REVIEW_REQUIRED,REVIEW,OpenProj path exists but content differs; perform hunk-level comparison,
modules/microproject_core/src/main/java/com/microproject/pm/assignment/timesheet/AssignmentWorkflowState.java,microproject_core,java,HEAD,bb8af3f5bf89bc691b12db765f44b9b5d7bfd18b825d40976b59b99c14420663,d2fa3c20a,openproj_core/src/com/projity/pm/assignment/timesheet/AssignmentWorkflowState.java,c78e269cb91d6d133d57b3f7cb0c284974ad2ad53903126a0f64a0acaecc1f06,0530be227f4a10c5545cce8d3db20ac5a4d76a66,REVIEW_REQUIRED,Unknown,false,REVIEW_REQUIRED,REVIEW_REQUIRED,REVIEW,OpenProj path exists but content differs; perform hunk-level comparison,
modules/microproject_core/src/main/java/com/microproject/pm/assignment/timesheet/TimesheetAssignment.java,microproject_core,java,HEAD,7f594ae08cfe6cde575f36718eb0498a53191c3e8388ae28b0f57063902440af,d2fa3c20a,openproj_core/src/com/projity/pm/assignment/timesheet/TimesheetAssignment.java,51366a41361252d5971154f6eaf746a65aab9a34ea376a846a5d2f9ea00cfb2a,0530be227f4a10c5545cce8d3db20ac5a4d76a66,REVIEW_REQUIRED,Unknown,false,REVIEW_REQUIRED,REVIEW_REQUIRED,REVIEW,OpenProj path exists but content differs; perform hunk-level comparison,
modules/microproject_core/src/main/java/com/microproject/pm/assignment/timesheet/TimesheetHelper.java,microproject_core,java,HEAD,d79e71aec7abd4bf02e450e65d0311fd460314ea7f35986e6d7033e259aee07c,d2fa3c20a,openproj_core/src/com/projity/pm/assignment/timesheet/TimesheetHelper.java,52a1bc299d68ee58e50a4c69925840f93a3dedeb02d7f2e0e6d9e9d58fe52463,0530be227f4a10c5545cce8d3db20ac5a4d76a66,REVIEW_REQUIRED,Unknown,false,REVIEW_REQUIRED,REVIEW_REQUIRED,REVIEW,OpenProj path exists but content differs; perform hunk-level comparison,
modules/microproject_core/src/main/java/com/microproject/pm/assignment/timesheet/TimesheetStatus.java,microproject_core,java,HEAD,d3c61b1decc0413f0ca438be3969f60caeea715a857e54608cd5bde1e4b26400,d2fa3c20a,openproj_core/src/com/projity/pm/assignment/timesheet/TimesheetStatus.java,6198395bc6e4da7cda39dabfcba926a5fdb50cef18053e405a3ebe7dc26f278e,0530be227f4a10c5545cce8d3db20ac5a4d76a66,REVIEW_REQUIRED,Unknown,false,REVIEW_REQUIRED,REVIEW_REQUIRED,REVIEW,OpenProj path exists but content differs; perform hunk-level comparison,
modules/microproject_core/src/main/java/com/microproject/pm/assignment/timesheet/UpdatesFromTimesheet.java,microproject_core,java,HEAD,8e25b17552c51870f4991624e59ae769f0e78f4d1d0b2baa787eaa925a68159b,d2fa3c20a,openproj_core/src/com/projity/pm/assignment/timesheet/UpdatesFromTimesheet.java,2a9f22570a3f8cd7e78ff3f15e902a2d8893732ccaf1316638de902577af1ca7,0530be227f4a10c5545cce8d3db20ac5a4d76a66,REVIEW_REQUIRED,Unknown,false,REVIEW_REQUIRED,REVIEW_REQUIRED,REVIEW,OpenProj path exists but content differs; perform hunk-level comparison,
modules/microproject_core/src/main/java/com/microproject/pm/availability/Availability.java,microproject_core,java,HEAD,75848e246023e6edd25a33fd344a14c5666f442f8e68d8104dc9ee124dcc81cc,d2fa3c20a,openproj_core/src/com/projity/pm/availability/Availability.java,d4e774a129fdb6900d283d97b4ffce5fc36c5a67ce83ee46dc5cabc6778fec04,0530be227f4a10c5545cce8d3db20ac5a4d76a66,REVIEW_REQUIRED,Unknown,false,REVIEW_REQUIRED,REVIEW_REQUIRED,REVIEW,OpenProj path exists but content differs; perform hunk-level comparison,
modules/microproject_core/src/main/java/com/microproject/pm/availability/AvailabilityTable.java,microproject_core,java,HEAD,979b92efee68f9a9e5169606654b708dd0fad1a43571f426e8d524555f714665,d2fa3c20a,openproj_core/src/com/projity/pm/availability/AvailabilityTable.java,1010f07a03abeea1513bcf94cf47ba9cb5c6eb33502371e47dfea0a5d364f30d,0530be227f4a10c5545cce8d3db20ac5a4d76a66,REVIEW_REQUIRED,Unknown,false,REVIEW_REQUIRED,REVIEW_REQUIRED,REVIEW,OpenProj path exists but content differs; perform hunk-level comparison,
modules/microproject_core/src/main/java/com/microproject/pm/availability/HasAvailability.java,microproject_core,java,HEAD,64e11176410302751032e20a96bd0dcd8f84f10f2ebc085096bca68556c91470,d2fa3c20a,openproj_core/src/com/projity/pm/availability/HasAvailability.java,9a6415507992a520c25bab50382a27e1922fd1e260421be432ae5f8598550fd1,0530be227f4a10c5545cce8d3db20ac5a4d76a66,REVIEW_REQUIRED,Unknown,true,REVIEW_REQUIRED,REVIEW_REQUIRED,KEEP_OPENPROJ,normalized content matches OpenProj baseline,
modules/microproject_core/src/main/java/com/microproject/pm/calendar/CalendarCatalog.java,microproject_core,java,HEAD,5c06ea28108eb8d79a40d26796baa3a55b1ac4b3f62682907f10d7c43379c4ed,d2fa3c20a,openproj_core/src/com/projity/pm/calendar/CalendarCatalog.java,2bc925d8b68b925319f4876075b4e15cc45a1bd2be3a31cf3734e8c70d74a2cd,0530be227f4a10c5545cce8d3db20ac5a4d76a66,REVIEW_REQUIRED,Unknown,false,REVIEW_REQUIRED,REVIEW_REQUIRED,REVIEW,OpenProj path exists but content differs; perform hunk-level comparison,
modules/microproject_core/src/main/java/com/microproject/pm/calendar/CalendarDefinition.java,microproject_core,java,HEAD,a0ad971f082de735009bd24e3cd48511bda654c560ad7f0fc7e2239efe22b2d5,d2fa3c20a,openproj_core/src/com/projity/pm/calendar/CalendarDefinition.java,92891eb72b84c2a37276dd4cc7ac7119d225a6cbf24a5c5235e9c96551982b82,0530be227f4a10c5545cce8d3db20ac5a4d76a66,REVIEW_REQUIRED,Unknown,false,REVIEW_REQUIRED,REVIEW_REQUIRED,REVIEW,OpenProj path exists but content differs; perform hunk-level comparison,
modules/microproject_core/src/main/java/com/microproject/pm/calendar/CalendarEvent.java,microproject_core,java,HEAD,fdcc46a7f923244767a983602e5c9a5dc7781962547238dc745866b86b343f7a,d2fa3c20a,openproj_core/src/com/projity/pm/calendar/CalendarEvent.java,0ec3406b25eef110b99cf9f1e5b5a6b1ae7ba854a566a3eeb5803eec43507175,0530be227f4a10c5545cce8d3db20ac5a4d76a66,REVIEW_REQUIRED,Unknown,false,REVIEW_REQUIRED,REVIEW_REQUIRED,REVIEW,OpenProj path exists but content differs; perform hunk-level comparison,
modules/microproject_core/src/main/java/com/microproject/pm/calendar/CalendarExceptionImporter.java,microproject_core,java,HEAD,fbd6edf437ffb71f5b6d1e510d6f06ea576f69fb7bce9a8ad8aa1251bded35ff,d2fa3c20a,,,0530be227f4a10c5545cce8d3db20ac5a4d76a66,REVIEW_REQUIRED,Unknown,false,REVIEW_REQUIRED,REVIEW_REQUIRED,REVIEW,no path match in OpenProj baseline; classify origin manually,
modules/microproject_core/src/main/java/com/microproject/pm/calendar/CalendarOptions.java,microproject_core,java,HEAD,197d81637a58354dc375ec2528c1cd42fd598088c4b7b6017a24b6a658bd0474,d2fa3c20a,,,0530be227f4a10c5545cce8d3db20ac5a4d76a66,REVIEW_REQUIRED,Unknown,false,REVIEW_REQUIRED,REVIEW_REQUIRED,REVIEW,no path match in OpenProj baseline; classify origin manually,
modules/microproject_core/src/main/java/com/microproject/pm/calendar/CalendarRecurrence.java,microproject_core,java,HEAD,7ea3be7f1eb26be42c1d37fece9cd94ab1fdd83678f9a9b3e6aa9042c42663f9,d2fa3c20a,,,0530be227f4a10c5545cce8d3db20ac5a4d76a66,REVIEW_REQUIRED,Unknown,false,REVIEW_REQUIRED,REVIEW_REQUIRED,REVIEW,no path match in OpenProj baseline; classify origin manually,
modules/microproject_core/src/main/java/com/microproject/pm/calendar/CalendarService.java,microproject_core,java,HEAD,0f6c59385e66a73ecf8c5e1a98d95cfa24c8d29adf93740c1c7c9c92ddac46d2,d2fa3c20a,openproj_core/src/com/projity/pm/calendar/CalendarService.java,f4bbd5b4d49de4cdde6fc0e395c868df5fa6215b30623b2aa7bddd1ca1e7688f,0530be227f4a10c5545cce8d3db20ac5a4d76a66,REVIEW_REQUIRED,Unknown,false,REVIEW_REQUIRED,REVIEW_REQUIRED,REVIEW,OpenProj path exists but content differs; perform hunk-level comparison,
modules/microproject_core/src/main/java/com/microproject/pm/calendar/DayDescriptor.java,microproject_core,java,HEAD,58f352f6ce97f00154db0dde73fea526f47dff47ed1ce88077939d7b5154274b,d2fa3c20a,openproj_core/src/com/projity/pm/calendar/DayDescriptor.java,586a45eb34767cb4346497a208290a98ddd724407702da1b2e97399a37998c50,0530be227f4a10c5545cce8d3db20ac5a4d76a66,REVIEW_REQUIRED,Unknown,true,REVIEW_REQUIRED,REVIEW_REQUIRED,KEEP_OPENPROJ,normalized content matches OpenProj baseline,
modules/microproject_core/src/main/java/com/microproject/pm/calendar/HasBaseCalendar.java,microproject_core,java,HEAD,d8a51fb9394ac7243eb12164e7412523bfcc2447d236fbb31c3d1136692c40ae,d2fa3c20a,openproj_core/src/com/projity/pm/calendar/HasBaseCalendar.java,caef94201da846b2e2a01abc334389829d5ca3404f646d0a45589a61e43c2608,0530be227f4a10c5545cce8d3db20ac5a4d76a66,REVIEW_REQUIRED,Unknown,true,REVIEW_REQUIRED,REVIEW_REQUIRED,KEEP_OPENPROJ,normalized content matches OpenProj baseline,
modules/microproject_core/src/main/java/com/microproject/pm/calendar/HasCalendar.java,microproject_core,java,HEAD,05cd1710a0a023c2272cf1e0c7626f2d5df0c053add2178c80ec0b4b875ffce0,d2fa3c20a,openproj_core/src/com/projity/pm/calendar/HasCalendar.java,67bb89a68a31d560a45ca7d7644d86149f626f16ba220716ad9c52b568fb020e,0530be227f4a10c5545cce8d3db20ac5a4d76a66,REVIEW_REQUIRED,Unknown,true,REVIEW_REQUIRED,REVIEW_REQUIRED,KEEP_OPENPROJ,normalized content matches OpenProj baseline,
modules/microproject_core/src/main/java/com/microproject/pm/calendar/HasCalendarRef.java,microproject_core,java,HEAD,2c9ef93c43e7e3962fb1567ce6619f507958208eba71d960434cf5cf1dcc382f,d2fa3c20a,openproj_core/src/com/projity/pm/calendar/HasCalendarRef.java,f069392459b19e102ffb401a0cb8c7360de8a7801314e75bd35644d98e4edc8a,0530be227f4a10c5545cce8d3db20ac5a4d76a66,REVIEW_REQUIRED,Unknown,true,REVIEW_REQUIRED,REVIEW_REQUIRED,KEEP_OPENPROJ,normalized content matches OpenProj baseline,
modules/microproject_core/src/main/java/com/microproject/pm/calendar/InvalidCalendarError.java,microproject_core,java,HEAD,c52fa79461b9c6d0f316ec2ff9538ffc59ecd61348287a039b4f1e06bb31ea46,d2fa3c20a,openproj_core/src/com/projity/pm/calendar/InvalidCalendarError.java,9a752cae3e6256a751ec98e9967f101af2c1c6c30449e3971f0b60d778d9c55c,0530be227f4a10c5545cce8d3db20ac5a4d76a66,REVIEW_REQUIRED,Unknown,false,REVIEW_REQUIRED,REVIEW_REQUIRED,REVIEW,OpenProj path exists but content differs; perform hunk-level comparison,
modules/microproject_core/src/main/java/com/microproject/pm/calendar/InvalidCalendarException.java,microproject_core,java,HEAD,8d0aad6389c1ad5c8607b49c926413e90bceb33ef2c688bbd5aba4e2f64e281b,d2fa3c20a,openproj_core/src/com/projity/pm/calendar/InvalidCalendarException.java,a93dfbffae5891f73d9f7178cd83cd57c773ff123f7699240affbc25d0d4d892,0530be227f4a10c5545cce8d3db20ac5a4d76a66,REVIEW_REQUIRED,Unknown,false,REVIEW_REQUIRED,REVIEW_REQUIRED,REVIEW,OpenProj path exists but content differs; perform hunk-level comparison,
modules/microproject_core/src/main/java/com/microproject/pm/calendar/InvalidCalendarIntersectionException.java,microproject_core,java,HEAD,e225ffdb26d68d8c034c4aec4dafe0dddc4b74778123c41ce4cc67be3f81395d,d2fa3c20a,openproj_core/src/com/projity/pm/calendar/InvalidCalendarIntersectionException.java,73029de650eadf86d0542f374ce6e1d42d08c506891330778f5769b2d4f6cbfd,0530be227f4a10c5545cce8d3db20ac5a4d76a66,REVIEW_REQUIRED,Unknown,false,REVIEW_REQUIRED,REVIEW_REQUIRED,REVIEW,OpenProj path exists but content differs; perform hunk-level comparison,
modules/microproject_core/src/main/java/com/microproject/pm/calendar/RecurringCalendarException.java,microproject_core,java,HEAD,ab7bafb8a5a0111e5ef41552273a46de0bff1d7b8895e266fabe9721967dff48,d2fa3c20a,,,0530be227f4a10c5545cce8d3db20ac5a4d76a66,REVIEW_REQUIRED,Unknown,false,REVIEW_REQUIRED,REVIEW_REQUIRED,REVIEW,no path match in OpenProj baseline; classify origin manually,
modules/microproject_core/src/main/java/com/microproject/pm/calendar/WorkCalendar.java,microproject_core,java,HEAD,21f23a1a0c86d48103a3ce65f18922563d2d66da75d667961b7a16f752b1e58c,d2fa3c20a,openproj_core/src/com/projity/pm/calendar/WorkCalendar.java,e6f8b9baaafdae3b913c76ac54992d5ec3198f46b78601ee5ee8d91c0e418cef,0530be227f4a10c5545cce8d3db20ac5a4d76a66,REVIEW_REQUIRED,Unknown,true,REVIEW_REQUIRED,REVIEW_REQUIRED,KEEP_OPENPROJ,normalized content matches OpenProj baseline,
modules/microproject_core/src/main/java/com/microproject/pm/calendar/WorkDay.java,microproject_core,java,HEAD,37e93dade5ee22fa6b18d3333963a4d3c4bf41638be7728b7ffc70b2c659e278,d2fa3c20a,openproj_core/src/com/projity/pm/calendar/WorkDay.java,94150cd431f4987949441563fb9be7e13b2e57214d05fd1bd3184a716e7c68a6,0530be227f4a10c5545cce8d3db20ac5a4d76a66,REVIEW_REQUIRED,Unknown,false,REVIEW_REQUIRED,REVIEW_REQUIRED,REVIEW,OpenProj path exists but content differs; perform hunk-level comparison,
modules/microproject_core/src/main/java/com/microproject/pm/calendar/WorkRange.java,microproject_core,java,HEAD,ecc2de251e34995f38379b91730094057b25d495d837b14ede495ebba9167ed1,d2fa3c20a,openproj_core/src/com/projity/pm/calendar/WorkRange.java,b96514434c0a23626751385797823ef53e8eed3c4442fe2f3046984d53b8b865,0530be227f4a10c5545cce8d3db20ac5a4d76a66,REVIEW_REQUIRED,Unknown,false,REVIEW_REQUIRED,REVIEW_REQUIRED,REVIEW,OpenProj path exists but content differs; perform hunk-level comparison,
modules/microproject_core/src/main/java/com/microproject/pm/calendar/WorkRangeException.java,microproject_core,java,HEAD,addf94a1ad0a5a54d8e2936207d83bc21f227469900109b8acd1a61597a83daa,d2fa3c20a,openproj_core/src/com/projity/pm/calendar/WorkRangeException.java,c70b604661c7e6abb7d82e1b99084710ad471fec7d16d1f39bc1e0d279401076,0530be227f4a10c5545cce8d3db20ac5a4d76a66,REVIEW_REQUIRED,Unknown,true,REVIEW_REQUIRED,REVIEW_REQUIRED,KEEP_OPENPROJ,normalized content matches OpenProj baseline,
modules/microproject_core/src/main/java/com/microproject/pm/calendar/WorkWeek.java,microproject_core,java,HEAD,a21bd10eb92da5a48ab0e3e5a9712f696cce218c99dd3f2d59843e8339ed8742,d2fa3c20a,openproj_core/src/com/projity/pm/calendar/WorkWeek.java,0f1ebc14af378e43f8f35be628c50ad7c73a083c392d0de528d5990ad0b17a45,0530be227f4a10c5545cce8d3db20ac5a4d76a66,REVIEW_REQUIRED,Unknown,false,REVIEW_REQUIRED,REVIEW_REQUIRED,REVIEW,OpenProj path exists but content differs; perform hunk-level comparison,
modules/microproject_core/src/main/java/com/microproject/pm/calendar/WorkWeekPeriod.java,microproject_core,java,HEAD,e92a93e0ca3f35ae01290f279460d2ef44952e96d07dd5dcae2fbbc0b5229033,d2fa3c20a,,,0530be227f4a10c5545cce8d3db20ac5a4d76a66,REVIEW_REQUIRED,Unknown,false,REVIEW_REQUIRED,REVIEW_REQUIRED,REVIEW,no path match in OpenProj baseline; classify origin manually,
modules/microproject_core/src/main/java/com/microproject/pm/calendar/WorkingCalendar.java,microproject_core,java,HEAD,28d802c19535ad6373ea0342729372376e2882bff53f684e5748a148f23a9081,d2fa3c20a,openproj_core/src/com/projity/pm/calendar/WorkingCalendar.java,dc86fde7d8c8b56d5af2cd2a3a72ebbb7f45ea7799bfe39f965ac8a4f626ee05,0530be227f4a10c5545cce8d3db20ac5a4d76a66,REVIEW_REQUIRED,Unknown,false,REVIEW_REQUIRED,REVIEW_REQUIRED,REVIEW,OpenProj path exists but content differs; perform hunk-level comparison,
modules/microproject_core/src/main/java/com/microproject/pm/calendar/WorkingHours.java,microproject_core,java,HEAD,b35aa03c232a248111f8e57c20e0ab591996dce9ad34646cd825c4d7a893a7b5,d2fa3c20a,openproj_core/src/com/projity/pm/calendar/WorkingHours.java,50eb00e4c995b9ab21065945b20a92db2ebc5de38a63e692882d09b594d362c6,0530be227f4a10c5545cce8d3db20ac5a4d76a66,REVIEW_REQUIRED,Unknown,false,REVIEW_REQUIRED,REVIEW_REQUIRED,REVIEW,OpenProj path exists but content differs; perform hunk-level comparison,
modules/microproject_core/src/main/java/com/microproject/pm/ccpm/CriticalChainBufferHistory.java,microproject_core,java,HEAD,bd6d8e5bf2d53cc77ee589bc1894d14281ce45d099a2902c332ceba7f0a28471,d2fa3c20a,,,0530be227f4a10c5545cce8d3db20ac5a4d76a66,REVIEW_REQUIRED,Unknown,false,REVIEW_REQUIRED,REVIEW_REQUIRED,REVIEW,no path match in OpenProj baseline; classify origin manually,
modules/microproject_core/src/main/java/com/microproject/pm/ccpm/CriticalChainBufferHistoryService.java,microproject_core,java,HEAD,3bae7f8b7bf37fc5c4b589ee8d2970c3895182b238707e08e79342c5bfea1005,d2fa3c20a,,,0530be227f4a10c5545cce8d3db20ac5a4d76a66,REVIEW_REQUIRED,Unknown,false,REVIEW_REQUIRED,REVIEW_REQUIRED,REVIEW,no path match in OpenProj baseline; classify origin manually,
modules/microproject_core/src/main/java/com/microproject/pm/ccpm/CriticalChainReportService.java,microproject_core,java,HEAD,f7687f51e05c67ccb5040a64b2a4c5c9a841bd4d56aae6cb3dd9f74b37fb82d1,d2fa3c20a,,,0530be227f4a10c5545cce8d3db20ac5a4d76a66,REVIEW_REQUIRED,Unknown,false,REVIEW_REQUIRED,REVIEW_REQUIRED,REVIEW,no path match in OpenProj baseline; classify origin manually,
modules/microproject_core/src/main/java/com/microproject/pm/ccpm/CriticalChainService.java,microproject_core,java,HEAD,50e748c0968092d5c5b7933b75ebb8daaf6af3b57d59502f7e10d534c7594076,d2fa3c20a,,,0530be227f4a10c5545cce8d3db20ac5a4d76a66,REVIEW_REQUIRED,Unknown,false,REVIEW_REQUIRED,REVIEW_REQUIRED,REVIEW,no path match in OpenProj baseline; classify origin manually,
modules/microproject_core/src/main/java/com/microproject/pm/costing/Accrual.java,microproject_core,java,HEAD,863ac91b95d863fdef2582ea1b34f51811a7784b9720070f2243165276014b5c,d2fa3c20a,openproj_core/src/com/projity/pm/costing/Accrual.java,ee4b1ecedfcb1a65a02d0640f8834575feda36ae9692c38e7b64c80ca2b1d20a,0530be227f4a10c5545cce8d3db20ac5a4d76a66,REVIEW_REQUIRED,Unknown,false,REVIEW_REQUIRED,REVIEW_REQUIRED,REVIEW,OpenProj path exists but content differs; perform hunk-level comparison,
modules/microproject_core/src/main/java/com/microproject/pm/costing/BasicEarnedValueFields.java,microproject_core,java,HEAD,4a053101e92bc2048669d9f0d71b7d72defd03ece388865d30f6fae5a51cbcdd,d2fa3c20a,openproj_core/src/com/projity/pm/costing/BasicEarnedValueFields.java,0dac3945716ab24b361785298ba3e577db40fb610b6012f1a2defb437c34eb1a,0530be227f4a10c5545cce8d3db20ac5a4d76a66,REVIEW_REQUIRED,Unknown,true,REVIEW_REQUIRED,REVIEW_REQUIRED,KEEP_OPENPROJ,normalized content matches OpenProj baseline,
modules/microproject_core/src/main/java/com/microproject/pm/costing/Cost.java,microproject_core,java,HEAD,90969768f157b5e45d05550577b2e78e50c82dc4ca632882690ad409a7b2bd37,d2fa3c20a,openproj_core/src/com/projity/pm/costing/Cost.java,2e5915659b9351bc736994d2bf5e38ebdd46ddb0cbed543d8f804492953f6a28,0530be227f4a10c5545cce8d3db20ac5a4d76a66,REVIEW_REQUIRED,Unknown,true,REVIEW_REQUIRED,REVIEW_REQUIRED,KEEP_OPENPROJ,normalized content matches OpenProj baseline,
modules/microproject_core/src/main/java/com/microproject/pm/costing/CostFields.java,microproject_core,java,HEAD,6f8fdab9d936dc03e06606d76436122cdd9237cc4eda816f2220cfa5ba1b0e2c,d2fa3c20a,openproj_core/src/com/projity/pm/costing/CostFields.java,5d2e77f84fb933ca5118291e30fd650cc90528962a42739825e4c78973a59e75,0530be227f4a10c5545cce8d3db20ac5a4d76a66,REVIEW_REQUIRED,Unknown,true,REVIEW_REQUIRED,REVIEW_REQUIRED,KEEP_OPENPROJ,normalized content matches OpenProj baseline,
modules/microproject_core/src/main/java/com/microproject/pm/costing/CostRate.java,microproject_core,java,HEAD,eee8b5577199483b36bc2020ca1679d453f96fa4aceabe67d825b9fe8ce274e9,d2fa3c20a,openproj_core/src/com/projity/pm/costing/CostRate.java,91d14488d25f53a7a8e37ed97cf7071c715975d07e603b3993fbc73628ced1ad,0530be227f4a10c5545cce8d3db20ac5a4d76a66,REVIEW_REQUIRED,Unknown,false,REVIEW_REQUIRED,REVIEW_REQUIRED,REVIEW,OpenProj path exists but content differs; perform hunk-level comparison,
modules/microproject_core/src/main/java/com/microproject/pm/costing/CostRateIndex.java,microproject_core,java,HEAD,e0818d86c36789db0f57265ad6332bea76a12ec936cb1c645ec44a49262c65e9,d2fa3c20a,openproj_core/src/com/projity/pm/costing/CostRateIndex.java,5f75831a8b39ee943e656b56770d463863a5df92b6c5751f235595b091e8225e,0530be227f4a10c5545cce8d3db20ac5a4d76a66,REVIEW_REQUIRED,Unknown,false,REVIEW_REQUIRED,REVIEW_REQUIRED,REVIEW,OpenProj path exists but content differs; perform hunk-level comparison,
modules/microproject_core/src/main/java/com/microproject/pm/costing/CostRateTable.java,microproject_core,java,HEAD,16271894bd144493e32055369c427037389ba94167a251389cfb52bd10746cfa,d2fa3c20a,openproj_core/src/com/projity/pm/costing/CostRateTable.java,10c3f467535667d67004e9d00ae671985119e5730364c28caaa9949f3dc9e969,0530be227f4a10c5545cce8d3db20ac5a4d76a66,REVIEW_REQUIRED,Unknown,false,REVIEW_REQUIRED,REVIEW_REQUIRED,REVIEW,OpenProj path exists but content differs; perform hunk-level comparison,
modules/microproject_core/src/main/java/com/microproject/pm/costing/CostRateTables.java,microproject_core,java,HEAD,c3bf91e13905f9e5d9bb0cd8420168312d245ba7ae2bbfb16df0dcdcd18d6443,d2fa3c20a,openproj_core/src/com/projity/pm/costing/CostRateTables.java,49c24c8cb0c5ba537955214f0d77811c895ffc64e21b9b1ecd9a86b0c295f5c0,0530be227f4a10c5545cce8d3db20ac5a4d76a66,REVIEW_REQUIRED,Unknown,false,REVIEW_REQUIRED,REVIEW_REQUIRED,REVIEW,OpenProj path exists but content differs; perform hunk-level comparison,
modules/microproject_core/src/main/java/com/microproject/pm/costing/EarnedValueCalculator.java,microproject_core,java,HEAD,21a486a723a4581d5d3040f5952a0a2cc39c65d4503d683d09a98490a9d7e582,d2fa3c20a,openproj_core/src/com/projity/pm/costing/EarnedValueCalculator.java,a050909894bd0eb6a8149e80b09177fe6a932014b6e7542b522083141013bc1d,0530be227f4a10c5545cce8d3db20ac5a4d76a66,REVIEW_REQUIRED,Unknown,false,REVIEW_REQUIRED,REVIEW_REQUIRED,REVIEW,OpenProj path exists but content differs; perform hunk-level comparison,
modules/microproject_core/src/main/java/com/microproject/pm/costing/EarnedValueFields.java,microproject_core,java,HEAD,c9d0188fa2e2d1b0c135454045d0c5c4f6facecfabca62fd64de681a8ed9140c,d2fa3c20a,openproj_core/src/com/projity/pm/costing/EarnedValueFields.java,473d95ff1ab030f657294a4a80ae238fbc87f67feab83f10476fb9eb35efcaab,0530be227f4a10c5545cce8d3db20ac5a4d76a66,REVIEW_REQUIRED,Unknown,true,REVIEW_REQUIRED,REVIEW_REQUIRED,KEEP_OPENPROJ,normalized content matches OpenProj baseline,
modules/microproject_core/src/main/java/com/microproject/pm/costing/EarnedValueIndicatorFields.java,microproject_core,java,HEAD,62baf2ae112a8809b40f4f24ce5983a911ad89f76e2e9d43b5c42e78a9da7691,d2fa3c20a,openproj_core/src/com/projity/pm/costing/EarnedValueIndicatorFields.java,393d512f37536f5319a175e436a47d706367d02675cc600b25026a434abed213,0530be227f4a10c5545cce8d3db20ac5a4d76a66,REVIEW_REQUIRED,Unknown,true,REVIEW_REQUIRED,REVIEW_REQUIRED,KEEP_OPENPROJ,normalized content matches OpenProj baseline,
modules/microproject_core/src/main/java/com/microproject/pm/costing/EarnedValueMethodType.java,microproject_core,java,HEAD,b0a7e0e47c1647f3cd2ca79b5e170841732ffca4994009300718b44e1dc74bfa,d2fa3c20a,openproj_core/src/com/projity/pm/costing/EarnedValueMethodType.java,940bc4f79b7746e9f65a604e78f0199b5665655dd92c8fcadefdcccd856075d5,0530be227f4a10c5545cce8d3db20ac5a4d76a66,REVIEW_REQUIRED,Unknown,false,REVIEW_REQUIRED,REVIEW_REQUIRED,REVIEW,OpenProj path exists but content differs; perform hunk-level comparison,
modules/microproject_core/src/main/java/com/microproject/pm/costing/EarnedValueTaskSpecific.java,microproject_core,java,HEAD,8185c035990f4401484b4b20207cc4d6769ab2cdc632f42a8b1eaede19234415,d2fa3c20a,openproj_core/src/com/projity/pm/costing/EarnedValueTaskSpecific.java,8a3bd64a8e153d41ad44d07f8064c2f733a53e6c742deb95fc4ac255622a1ac2,0530be227f4a10c5545cce8d3db20ac5a4d76a66,REVIEW_REQUIRED,Unknown,true,REVIEW_REQUIRED,REVIEW_REQUIRED,KEEP_OPENPROJ,normalized content matches OpenProj baseline,
modules/microproject_core/src/main/java/com/microproject/pm/costing/EarnedValueValues.java,microproject_core,java,HEAD,dc98b18c8683816b4f1cecd4ff213fe5ae910b485606bf61d325c3120d233dd6,d2fa3c20a,openproj_core/src/com/projity/pm/costing/EarnedValueValues.java,5e9e7cf88b7204e0260186c871c92a509f965b524d8883eda65c733a49971c25,0530be227f4a10c5545cce8d3db20ac5a4d76a66,REVIEW_REQUIRED,Unknown,true,REVIEW_REQUIRED,REVIEW_REQUIRED,KEEP_OPENPROJ,normalized content matches OpenProj baseline,
modules/microproject_core/src/main/java/com/microproject/pm/costing/ExpenseType.java,microproject_core,java,HEAD,12d4852a2473cab88570050a074d94e8aedacf0934ce438d9f7d1ce8320087d4,d2fa3c20a,openproj_core/src/com/projity/pm/costing/ExpenseType.java,e2fb7e43bee0c361bdbdc4d9b46d3d53edec4a893ab1166bbf236435db28312f,0530be227f4a10c5545cce8d3db20ac5a4d76a66,REVIEW_REQUIRED,Unknown,false,REVIEW_REQUIRED,REVIEW_REQUIRED,REVIEW,OpenProj path exists but content differs; perform hunk-level comparison,
modules/microproject_core/src/main/java/com/microproject/pm/costing/HasCostRateIndex.java,microproject_core,java,HEAD,6cf8d72f9b9739b5f84f938dba2df0cd5d93e160d4212d6cdbd09e42f70a8953,d2fa3c20a,openproj_core/src/com/projity/pm/costing/HasCostRateIndex.java,240b03024de0ef41b6591a5c009da4d6edb969bf3c982f17ff9fa8d4e2c7e2df,0530be227f4a10c5545cce8d3db20ac5a4d76a66,REVIEW_REQUIRED,Unknown,false,REVIEW_REQUIRED,REVIEW_REQUIRED,REVIEW,OpenProj path exists but content differs; perform hunk-level comparison,
modules/microproject_core/src/main/java/com/microproject/pm/costing/HasExpenseType.java,microproject_core,java,HEAD,1753b5af1321de9f73fa21bf2ab9098fc9358288bbf308bda0465b584c52824b,d2fa3c20a,openproj_core/src/com/projity/pm/costing/HasExpenseType.java,867be04347114966d9cd0a42d9853eb07eb4ea5f60252424858dcbeed17dc8fa,0530be227f4a10c5545cce8d3db20ac5a4d76a66,REVIEW_REQUIRED,Unknown,false,REVIEW_REQUIRED,REVIEW_REQUIRED,REVIEW,OpenProj path exists but content differs; perform hunk-level comparison,
modules/microproject_core/src/main/java/com/microproject/pm/criticalpath/CriticalPath.java,microproject_core,java,HEAD,f08c42ee163d9e7dc67f46e578a31ebeb1e63ae78105d592285fcdf93f626074,d2fa3c20a,openproj_core/src/com/projity/pm/criticalpath/CriticalPath.java,7e45f8dfdaad8d368fa4ecf03a1b4b1d6088174e099a279a7348d494330f52e2,0530be227f4a10c5545cce8d3db20ac5a4d76a66,REVIEW_REQUIRED,Unknown,false,REVIEW_REQUIRED,REVIEW_REQUIRED,REVIEW,OpenProj path exists but content differs; perform hunk-level comparison,
modules/microproject_core/src/main/java/com/microproject/pm/criticalpath/CriticalPathFields.java,microproject_core,java,HEAD,2c886c9b34cf6f429881db55373088d887287a26a9028295dd4690f07e53ba5a,d2fa3c20a,openproj_core/src/com/projity/pm/criticalpath/CriticalPathFields.java,5ddcb36b1ac36af1f08d9377c600c425bc88fdf7c298b249840a69ea6b36381f,0530be227f4a10c5545cce8d3db20ac5a4d76a66,REVIEW_REQUIRED,Unknown,false,REVIEW_REQUIRED,REVIEW_REQUIRED,REVIEW,OpenProj path exists but content differs; perform hunk-level comparison,
modules/microproject_core/src/main/java/com/microproject/pm/criticalpath/HasSentinels.java,microproject_core,java,HEAD,f38f05c6d91fbb259904f783594a57f861d4f3eed15a86d3fbb59174b7bdbd0d,d2fa3c20a,openproj_core/src/com/projity/pm/criticalpath/HasSentinels.java,087127a5cb7b64f1327eb8ec27a08fd01ab6cf4d7186b103a6ae131525770e09,0530be227f4a10c5545cce8d3db20ac5a4d76a66,REVIEW_REQUIRED,Unknown,true,REVIEW_REQUIRED,REVIEW_REQUIRED,KEEP_OPENPROJ,normalized content matches OpenProj baseline,
modules/microproject_core/src/main/java/com/microproject/pm/criticalpath/PredecessorTaskList.java,microproject_core,java,HEAD,5626e1e2628da2a1035ec9e1a241ce675ec5a00ba9adb122f286a038dfed5610,d2fa3c20a,openproj_core/src/com/projity/pm/criticalpath/PredecessorTaskList.java,9a734cd91c5c3150e5fb39b813bdf14b1a3678fd36d4645b77ca151506a77ffa,0530be227f4a10c5545cce8d3db20ac5a4d76a66,REVIEW_REQUIRED,Unknown,false,REVIEW_REQUIRED,REVIEW_REQUIRED,REVIEW,OpenProj path exists but content differs; perform hunk-level comparison,
modules/microproject_core/src/main/java/com/microproject/pm/criticalpath/PredecessorTaskTree.java,microproject_core,java,HEAD,c2efe3267b50a7eb646cd858a0d08d49231685215a94f8c1d29f4194aa6c67a0,d2fa3c20a,openproj_core/src/com/projity/pm/criticalpath/PredecessorTaskTree.java,4a31b290504e4a535f7c40c2644ad26be1308364427f0402d3751b9d566d171a,0530be227f4a10c5545cce8d3db20ac5a4d76a66,REVIEW_REQUIRED,Unknown,false,REVIEW_REQUIRED,REVIEW_REQUIRED,REVIEW,OpenProj path exists but content differs; perform hunk-level comparison,
modules/microproject_core/src/main/java/com/microproject/pm/criticalpath/ScheduleWindow.java,microproject_core,java,HEAD,aa2472756f2b06db70fe3dbdc6c25fed9f35bd56fde6be1057e3cdcc3c14bc96,d2fa3c20a,openproj_core/src/com/projity/pm/criticalpath/ScheduleWindow.java,8adecb31a5ae7ca612e2194fa0890c54f144a3ad8dee969c1f101e8733f2e5d6,0530be227f4a10c5545cce8d3db20ac5a4d76a66,REVIEW_REQUIRED,Unknown,true,REVIEW_REQUIRED,REVIEW_REQUIRED,KEEP_OPENPROJ,normalized content matches OpenProj baseline,
modules/microproject_core/src/main/java/com/microproject/pm/criticalpath/SchedulingAlgorithm.java,microproject_core,java,HEAD,d1fb226e0a88d1d102ae38b925fc8bbf65cce5c7de572ab69a734f4a6467f068,d2fa3c20a,openproj_core/src/com/projity/pm/criticalpath/SchedulingAlgorithm.java,75b3845a470d2c79344fb47ac64023819d7dc4c1fd21380578af31c20c67b755,0530be227f4a10c5545cce8d3db20ac5a4d76a66,REVIEW_REQUIRED,Unknown,false,REVIEW_REQUIRED,REVIEW_REQUIRED,REVIEW,OpenProj path exists but content differs; perform hunk-level comparison,
modules/microproject_core/src/main/java/com/microproject/pm/criticalpath/TaskSchedule.java,microproject_core,java,HEAD,08d4d2a9596a80a8723598dd900b2581d40409c1751925af20ffca19ffbdb69b,d2fa3c20a,openproj_core/src/com/projity/pm/criticalpath/TaskSchedule.java,f51220c58f1a9fc359c7fd5382df6c9e0d2842dd371e9d0aa2b9d9b565be33d7,0530be227f4a10c5545cce8d3db20ac5a4d76a66,REVIEW_REQUIRED,Unknown,false,REVIEW_REQUIRED,REVIEW_REQUIRED,REVIEW,OpenProj path exists but content differs; perform hunk-level comparison,
modules/microproject_core/src/main/java/com/microproject/pm/dependency/Dependency.java,microproject_core,java,HEAD,b26558f178f3b723813c7f7de0eb8a0deda2b038c1559cf7d486074b561bf6d3,d2fa3c20a,openproj_core/src/com/projity/pm/dependency/Dependency.java,f10f0652e09318491f4415caaa1b4e2aafba19e2d10564a5661eaa94e48bd875,0530be227f4a10c5545cce8d3db20ac5a4d76a66,REVIEW_REQUIRED,Unknown,false,REVIEW_REQUIRED,REVIEW_REQUIRED,REVIEW,OpenProj path exists but content differs; perform hunk-level comparison,
modules/microproject_core/src/main/java/com/microproject/pm/dependency/DependencyFormat.java,microproject_core,java,HEAD,d73c1e8b6a3b1abc97bd8e8fd8c98deca16d478dfe8bbafb184240eb7fd5c6b5,d2fa3c20a,openproj_core/src/com/projity/pm/dependency/DependencyFormat.java,3320375b152e2d58d0dfa7cae4fed7544ba2b33b4287c681f30bd8897550ad1b,0530be227f4a10c5545cce8d3db20ac5a4d76a66,REVIEW_REQUIRED,Unknown,false,REVIEW_REQUIRED,REVIEW_REQUIRED,REVIEW,OpenProj path exists but content differs; perform hunk-level comparison,
modules/microproject_core/src/main/java/com/microproject/pm/dependency/DependencyNodeModelDataFactory.java,microproject_core,java,HEAD,205b599cffeedccaff9be0f52ae554ab15474672b2665e5cb3c25264a7a45b50,d2fa3c20a,openproj_core/src/com/projity/pm/dependency/DependencyNodeModelDataFactory.java,cb3f0c3616c244dcb0a486eeb88be09dee7cca2e553712cd02da1a37bea1808b,0530be227f4a10c5545cce8d3db20ac5a4d76a66,REVIEW_REQUIRED,Unknown,false,REVIEW_REQUIRED,REVIEW_REQUIRED,REVIEW,OpenProj path exists but content differs; perform hunk-level comparison,
modules/microproject_core/src/main/java/com/microproject/pm/dependency/DependencyService.java,microproject_core,java,HEAD,c41ffc7f624be534348f0810fbbd1bb24618da2c2fd890c9a78ddda1a4e862a5,d2fa3c20a,openproj_core/src/com/projity/pm/dependency/DependencyService.java,38a10b36a02e75cae0bf32ffc49fe09c3770936fc09c01ea3a923e19e7775de5,0530be227f4a10c5545cce8d3db20ac5a4d76a66,REVIEW_REQUIRED,Unknown,false,REVIEW_REQUIRED,REVIEW_REQUIRED,REVIEW,OpenProj path exists but content differs; perform hunk-level comparison,
modules/microproject_core/src/main/java/com/microproject/pm/dependency/DependencyType.java,microproject_core,java,HEAD,bbda8039ea2989fbdaf39d7d71f6c43f6b61c00e179944849390aa0cafa33616,d2fa3c20a,openproj_core/src/com/projity/pm/dependency/DependencyType.java,184ee77c0c4060c4f23578ed67419b8def9858174acb4d3c8ca262aa1cbb2d8c,0530be227f4a10c5545cce8d3db20ac5a4d76a66,REVIEW_REQUIRED,Unknown,false,REVIEW_REQUIRED,REVIEW_REQUIRED,REVIEW,OpenProj path exists but content differs; perform hunk-level comparison,
modules/microproject_core/src/main/java/com/microproject/pm/dependency/HasDependencies.java,microproject_core,java,HEAD,44c84f5e349d32da6bac67bd5236fe03c2c90a6a9d791db0d6836648e197ab41,d2fa3c20a,openproj_core/src/com/projity/pm/dependency/HasDependencies.java,bdc3db88d95188a4a84b9fbcdefce7bd1f8b18e88efce8dc17e9bdcdceb2e28e,0530be227f4a10c5545cce8d3db20ac5a4d76a66,REVIEW_REQUIRED,Unknown,false,REVIEW_REQUIRED,REVIEW_REQUIRED,REVIEW,OpenProj path exists but content differs; perform hunk-level comparison,
modules/microproject_core/src/main/java/com/microproject/pm/dependency/HasDependenciesImpl.java,microproject_core,java,HEAD,be313857594b981168ef94fdeaa1f2d81f16919bb23ba64806ba012d39fdf690,d2fa3c20a,openproj_core/src/com/projity/pm/dependency/HasDependenciesImpl.java,c3c008ea6ee0930cadfa09b5276a7e432985addeba6e88022323c09332715e8c,0530be227f4a10c5545cce8d3db20ac5a4d76a66,REVIEW_REQUIRED,Unknown,false,REVIEW_REQUIRED,REVIEW_REQUIRED,REVIEW,OpenProj path exists but content differs; perform hunk-level comparison,
modules/microproject_core/src/main/java/com/microproject/pm/key/HasCommonKeyImpl.java,microproject_core,java,HEAD,b9ed5c61680f9dc208bbf10475c39fc02ba4a717047b96afcded6aff7e041f7a,d2fa3c20a,openproj_core/src/com/projity/pm/key/HasCommonKeyImpl.java,482c4235d4406b0e1d2b6775b2e5ffab50128091b957a9f097f7972e2bdf9c0e,0530be227f4a10c5545cce8d3db20ac5a4d76a66,REVIEW_REQUIRED,Unknown,false,REVIEW_REQUIRED,REVIEW_REQUIRED,REVIEW,OpenProj path exists but content differs; perform hunk-level comparison,
modules/microproject_core/src/main/java/com/microproject/pm/key/HasId.java,microproject_core,java,HEAD,283d8abc056ed7bf81c1a1c34609e5d24b4ec2604632cabc742fd02c5c3d5c1e,d2fa3c20a,openproj_core/src/com/projity/pm/key/HasId.java,d6fa5c1b3c1ec7cd5b29d583634160971f5199093c9e04fd298b8f8017ce3b73,0530be227f4a10c5545cce8d3db20ac5a4d76a66,REVIEW_REQUIRED,Unknown,false,REVIEW_REQUIRED,REVIEW_REQUIRED,REVIEW,OpenProj path exists but content differs; perform hunk-level comparison,
modules/microproject_core/src/main/java/com/microproject/pm/key/HasKey.java,microproject_core,java,HEAD,a2f89fd05304c4da8861c13178e8bac1f6825da6e65ac4fc8df7dfad563f4d47,d2fa3c20a,openproj_core/src/com/projity/pm/key/HasKey.java,58875f92f62626a86d39f96311086df90e4dc664451c7aa12f4862750d49082e,0530be227f4a10c5545cce8d3db20ac5a4d76a66,REVIEW_REQUIRED,Unknown,true,REVIEW_REQUIRED,REVIEW_REQUIRED,KEEP_OPENPROJ,normalized content matches OpenProj baseline,
modules/microproject_core/src/main/java/com/microproject/pm/key/HasKeyImpl.java,microproject_core,java,HEAD,f6641e1854cfd436c7a9d064f7f5c8048fb82e7aa61ad46d4ee9d9fd62f39235,d2fa3c20a,openproj_core/src/com/projity/pm/key/HasKeyImpl.java,22eb870a93c328c976ca346eb8fec29af05f1540644726169993e6e12216997c,0530be227f4a10c5545cce8d3db20ac5a4d76a66,REVIEW_REQUIRED,Unknown,false,REVIEW_REQUIRED,REVIEW_REQUIRED,REVIEW,OpenProj path exists but content differs; perform hunk-level comparison,
modules/microproject_core/src/main/java/com/microproject/pm/key/HasName.java,microproject_core,java,HEAD,1b3ee7799944bfa4e61c5936342413d7144a98fa52f7c83bef423a6ac218b6b5,d2fa3c20a,openproj_core/src/com/projity/pm/key/HasName.java,b1d96e93328c55562078ae15b707194fde6c2791384492b6b76ee74757c972e3,0530be227f4a10c5545cce8d3db20ac5a4d76a66,REVIEW_REQUIRED,Unknown,true,REVIEW_REQUIRED,REVIEW_REQUIRED,KEEP_OPENPROJ,normalized content matches OpenProj baseline,
modules/microproject_core/src/main/java/com/microproject/pm/key/HasUniqueIdImpl.java,microproject_core,java,HEAD,8f7415cbec83d6624a809643ca57d84033665e9c9f89a7893743d57edc52a4f5,d2fa3c20a,openproj_core/src/com/projity/pm/key/HasUniqueIdImpl.java,c42600fec946ae6ec6c0c185f7edc3be704a9105be13bf29959d02b0907c4ae1,0530be227f4a10c5545cce8d3db20ac5a4d76a66,REVIEW_REQUIRED,Unknown,false,REVIEW_REQUIRED,REVIEW_REQUIRED,REVIEW,OpenProj path exists but content differs; perform hunk-level comparison,
modules/microproject_core/src/main/java/com/microproject/pm/key/uniqueid/UniqueIdException.java,microproject_core,java,HEAD,081e3e3c656e97e08dcf13a63d13f167c532130aba4b363a30f88899085beeb4,d2fa3c20a,openproj_core/src/com/projity/pm/key/uniqueid/UniqueIdException.java,8ab195adfd60bb121b030e98f3ba5bafcef031fb08acd35aad4ba893e2988420,0530be227f4a10c5545cce8d3db20ac5a4d76a66,REVIEW_REQUIRED,Unknown,false,REVIEW_REQUIRED,REVIEW_REQUIRED,REVIEW,OpenProj path exists but content differs; perform hunk-level comparison,
modules/microproject_core/src/main/java/com/microproject/pm/key/uniqueid/UniqueIdPool.java,microproject_core,java,HEAD,57ade4f29686e04c4066e9595c90cd3b3517cb26d1e0b84b90ff0cce6cde5f1e,d2fa3c20a,openproj_core/src/com/projity/pm/key/uniqueid/UniqueIdPool.java,03e9ad5f380cd0e27b181b5b31f5b4a5fa13e50a70569b1c011bfe474b5a6165,0530be227f4a10c5545cce8d3db20ac5a4d76a66,REVIEW_REQUIRED,Unknown,false,REVIEW_REQUIRED,REVIEW_REQUIRED,REVIEW,OpenProj path exists but content differs; perform hunk-level comparison,
modules/microproject_core/src/main/java/com/microproject/pm/resource/BookingType.java,microproject_core,java,HEAD,2370b87faf11b96f470ac643ccdf2bfbdbab557b36a31ebf7f52df0d01f42080,d2fa3c20a,openproj_core/src/com/projity/pm/resource/BookingType.java,04197a6a6e247bda83b43601a65c176be7dfb28b5b580f0e62ea08ac3a652a0c,0530be227f4a10c5545cce8d3db20ac5a4d76a66,REVIEW_REQUIRED,Unknown,false,REVIEW_REQUIRED,REVIEW_REQUIRED,REVIEW,OpenProj path exists but content differs; perform hunk-level comparison,
modules/microproject_core/src/main/java/com/microproject/pm/resource/EnterpriseResource.java,microproject_core,java,HEAD,e1afb533da2f8be98c295df987ccdb571d32548cd95eca0bce79f53f493b47dc,d2fa3c20a,openproj_core/src/com/projity/pm/resource/EnterpriseResource.java,62a56e91f70e9f20da1cea4f2fb16d7b0e35026438f9b88c6a7facfa4dff942b,0530be227f4a10c5545cce8d3db20ac5a4d76a66,REVIEW_REQUIRED,Unknown,false,REVIEW_REQUIRED,REVIEW_REQUIRED,REVIEW,OpenProj path exists but content differs; perform hunk-level comparison,
modules/microproject_core/src/main/java/com/microproject/pm/resource/EnterpriseResourcePool.java,microproject_core,java,HEAD,8c29ea7195e8cb5006b6bf3f1e54d36e4712ea85a7e706e42d970a4bee708fbf,d2fa3c20a,openproj_core/src/com/projity/pm/resource/EnterpriseResourcePool.java,d59334d42a1e5ac1dc2637209d511e6fa615b58b3bb3bb8cae604ca8f480cab9,0530be227f4a10c5545cce8d3db20ac5a4d76a66,REVIEW_REQUIRED,Unknown,true,REVIEW_REQUIRED,REVIEW_REQUIRED,KEEP_OPENPROJ,normalized content matches OpenProj baseline,
modules/microproject_core/src/main/java/com/microproject/pm/resource/Resource.java,microproject_core,java,HEAD,68dc07308765880cdb9f5ad087a9ada461d90b721826a4f7e24c39f834e05fb8,d2fa3c20a,openproj_core/src/com/projity/pm/resource/Resource.java,de80caff9123edf2e2035d3a2c34dfee7bdc7a8d2c3503a6928e1ccaa188322e,0530be227f4a10c5545cce8d3db20ac5a4d76a66,REVIEW_REQUIRED,Unknown,false,REVIEW_REQUIRED,REVIEW_REQUIRED,REVIEW,OpenProj path exists but content differs; perform hunk-level comparison,
modules/microproject_core/src/main/java/com/microproject/pm/resource/ResourceImpl.java,microproject_core,java,HEAD,6c8f80b3baa03b14094eeabab4b9380daef799e9b565a990d815b2d855b4bcf3,d2fa3c20a,openproj_core/src/com/projity/pm/resource/ResourceImpl.java,6a2b62f13c8a21490ddb674bc7071c968cabfdcb346198798386521ddf486d41,0530be227f4a10c5545cce8d3db20ac5a4d76a66,REVIEW_REQUIRED,Unknown,false,REVIEW_REQUIRED,REVIEW_REQUIRED,REVIEW,OpenProj path exists but content differs; perform hunk-level comparison,
modules/microproject_core/src/main/java/com/microproject/pm/resource/ResourceLevelingService.java,microproject_core,java,HEAD,0b330c89d51cfb147a9b6a963037e437796452d245d43a9c5e807ecbaed8fa6a,d2fa3c20a,,,0530be227f4a10c5545cce8d3db20ac5a4d76a66,REVIEW_REQUIRED,Unknown,false,REVIEW_REQUIRED,REVIEW_REQUIRED,REVIEW,no path match in OpenProj baseline; classify origin manually,
modules/microproject_core/src/main/java/com/microproject/pm/resource/ResourcePool.java,microproject_core,java,HEAD,eeee48d85c3593d4be24b52af86622b54b789d57c0fbb4d56959431562563234,d2fa3c20a,openproj_core/src/com/projity/pm/resource/ResourcePool.java,9cb49e0dd699e0ebf833e2dec0bb6008e52ee1b3b6b291d512259ba829b670eb,0530be227f4a10c5545cce8d3db20ac5a4d76a66,REVIEW_REQUIRED,Unknown,false,REVIEW_REQUIRED,REVIEW_REQUIRED,REVIEW,OpenProj path exists but content differs; perform hunk-level comparison,
modules/microproject_core/src/main/java/com/microproject/pm/resource/ResourcePoolFactory.java,microproject_core,java,HEAD,f806c6e38ff52b371401904abcf7501bc09a8f8371c9365eaca7f692578cea7c,d2fa3c20a,openproj_core/src/com/projity/pm/resource/ResourcePoolFactory.java,52a3ccf4e5f656a115b581df46bda93bfb1a9463024d00ae3f3ade878cf32012,0530be227f4a10c5545cce8d3db20ac5a4d76a66,REVIEW_REQUIRED,Unknown,false,REVIEW_REQUIRED,REVIEW_REQUIRED,REVIEW,OpenProj path exists but content differs; perform hunk-level comparison,
modules/microproject_core/src/main/java/com/microproject/pm/resource/ResourceSpecificFields.java,microproject_core,java,HEAD,4b917634a71493060d32945b112ca763793ff200e1e44dba55c5d36523d74ce3,d2fa3c20a,openproj_core/src/com/projity/pm/resource/ResourceSpecificFields.java,14228fbbff742a39b49713f0ea69ba79f534700c4e4c96999924ce74c1e99f90,0530be227f4a10c5545cce8d3db20ac5a4d76a66,REVIEW_REQUIRED,Unknown,false,REVIEW_REQUIRED,REVIEW_REQUIRED,REVIEW,OpenProj path exists but content differs; perform hunk-level comparison,
modules/microproject_core/src/main/java/com/microproject/pm/resource/ResourceType.java,microproject_core,java,HEAD,f4c19163f387333a6cf462936228d6ed52ca3daaabe1b7838ef98da8138bfdb5,d2fa3c20a,openproj_core/src/com/projity/pm/resource/ResourceType.java,f886afd9e87220d25f23ac56230941b94c1cafcad74cc2f58dc2803e0875e87f,0530be227f4a10c5545cce8d3db20ac5a4d76a66,REVIEW_REQUIRED,Unknown,false,REVIEW_REQUIRED,REVIEW_REQUIRED,REVIEW,OpenProj path exists but content differs; perform hunk-level comparison,
modules/microproject_core/src/main/java/com/microproject/pm/resource/SharedResourcePoolService.java,microproject_core,java,HEAD,a263c62895b73f1680200818adf091f56f04020c4599d793cbbd3edc193e5dfc,d2fa3c20a,,,0530be227f4a10c5545cce8d3db20ac5a4d76a66,REVIEW_REQUIRED,Unknown,false,REVIEW_REQUIRED,REVIEW_REQUIRED,REVIEW,no path match in OpenProj baseline; classify origin manually,
modules/microproject_core/src/main/java/com/microproject/pm/resource/TeamPlannerService.java,microproject_core,java,HEAD,29018a20829bedbbc137f9eaab839df3b6a24bebd025b6afd3a352ceea145e72,d2fa3c20a,,,0530be227f4a10c5545cce8d3db20ac5a4d76a66,REVIEW_REQUIRED,Unknown,false,REVIEW_REQUIRED,REVIEW_REQUIRED,REVIEW,no path match in OpenProj baseline; classify origin manually,
modules/microproject_core/src/main/java/com/microproject/pm/scheduling/BarClosure.java,microproject_core,java,HEAD,70e5c1e708a036951593ec9b0b7a896682b13e68dbe4dbfa15f92dc5c5543f37,d2fa3c20a,openproj_core/src/com/projity/pm/scheduling/BarClosure.java,9abab6e0480000807ae2e0dbd9393692829685e4b9adae2c8070448e6a6be5ac,0530be227f4a10c5545cce8d3db20ac5a4d76a66,REVIEW_REQUIRED,Unknown,false,REVIEW_REQUIRED,REVIEW_REQUIRED,REVIEW,OpenProj path exists but content differs; perform hunk-level comparison,
modules/microproject_core/src/main/java/com/microproject/pm/scheduling/CanBeLeveled.java,microproject_core,java,HEAD,9de0438a9800b2affe97012702d9137c4dc3726fcc9da96e9f4feaf212cac401,d2fa3c20a,openproj_core/src/com/projity/pm/scheduling/CanBeLeveled.java,ffb0b4380b50c17a9a36744bd4f375e840635f1c0b3d6b49b125fc6f41b219ae,0530be227f4a10c5545cce8d3db20ac5a4d76a66,REVIEW_REQUIRED,Unknown,true,REVIEW_REQUIRED,REVIEW_REQUIRED,KEEP_OPENPROJ,normalized content matches OpenProj baseline,
modules/microproject_core/src/main/java/com/microproject/pm/scheduling/ConstraintType.java,microproject_core,java,HEAD,a377c12d288f9166f34baa4c79159b6872995b23cfcfe55c7ddafe9e310b343b,d2fa3c20a,openproj_core/src/com/projity/pm/scheduling/ConstraintType.java,08c47f9a6cd6be7e507501c58e1b78278f4263bc13f45e624ca93224c5d48271,0530be227f4a10c5545cce8d3db20ac5a4d76a66,REVIEW_REQUIRED,Unknown,false,REVIEW_REQUIRED,REVIEW_REQUIRED,REVIEW,OpenProj path exists but content differs; perform hunk-level comparison,
modules/microproject_core/src/main/java/com/microproject/pm/scheduling/Delayable.java,microproject_core,java,HEAD,1d9d96cd4fd46fa14b1cfb6d8e6c40161222cde7d4cd981c1a5d10f251a56a16,d2fa3c20a,openproj_core/src/com/projity/pm/scheduling/Delayable.java,6dd5853895785cad5f6bc9f428277869a4fb992fe7b2270877f95e02b88f8418,0530be227f4a10c5545cce8d3db20ac5a4d76a66,REVIEW_REQUIRED,Unknown,true,REVIEW_REQUIRED,REVIEW_REQUIRED,KEEP_OPENPROJ,normalized content matches OpenProj baseline,
modules/microproject_core/src/main/java/com/microproject/pm/scheduling/DelayableImpl.java,microproject_core,java,HEAD,cf06b01a05da447666af005f2998e6f16b7691ef2432035721c885d0ac74b7f5,d2fa3c20a,openproj_core/src/com/projity/pm/scheduling/DelayableImpl.java,42dd3d59a30b047d29449d5556e1000e5bcb50e6075b0b2f71572996e4bacadf,0530be227f4a10c5545cce8d3db20ac5a4d76a66,REVIEW_REQUIRED,Unknown,false,REVIEW_REQUIRED,REVIEW_REQUIRED,REVIEW,OpenProj path exists but content differs; perform hunk-level comparison,
modules/microproject_core/src/main/java/com/microproject/pm/scheduling/FixedDuration.java,microproject_core,java,HEAD,ef3a6e2489c0c0461c297faa9f41cbdf6b90132e8128b28760493e6f6cff668b,d2fa3c20a,openproj_core/src/com/projity/pm/scheduling/FixedDuration.java,1322573056e49bf738ae6a3277166c145f709011154a8b2c2cc12f538fbcebcf,0530be227f4a10c5545cce8d3db20ac5a4d76a66,REVIEW_REQUIRED,Unknown,true,REVIEW_REQUIRED,REVIEW_REQUIRED,KEEP_OPENPROJ,normalized content matches OpenProj baseline,
modules/microproject_core/src/main/java/com/microproject/pm/scheduling/FixedUnits.java,microproject_core,java,HEAD,d895797bc078615b1866f1086194a4195c456a58936b7f7b9e0d9df18c841f60,d2fa3c20a,openproj_core/src/com/projity/pm/scheduling/FixedUnits.java,4f5adab6caeb5b36052c91598665108d10e2edf1ceeea750da38730ee38777a7,0530be227f4a10c5545cce8d3db20ac5a4d76a66,REVIEW_REQUIRED,Unknown,true,REVIEW_REQUIRED,REVIEW_REQUIRED,KEEP_OPENPROJ,normalized content matches OpenProj baseline,
modules/microproject_core/src/main/java/com/microproject/pm/scheduling/FixedWork.java,microproject_core,java,HEAD,66961bde616f782e619f71308a0535f0890a5ae4e5054bff528df68d1eec6381,d2fa3c20a,openproj_core/src/com/projity/pm/scheduling/FixedWork.java,b72b9178873f37d7f82e5d87b407423990df895358802966b3cb24501d07ab35,0530be227f4a10c5545cce8d3db20ac5a4d76a66,REVIEW_REQUIRED,Unknown,false,REVIEW_REQUIRED,REVIEW_REQUIRED,REVIEW,OpenProj path exists but content differs; perform hunk-level comparison,
modules/microproject_core/src/main/java/com/microproject/pm/scheduling/IntervalConsumer.java,microproject_core,java,HEAD,23ceb97ee40ce25f106488a041720993f45e36fb6885090010f9698d5a425dc1,d2fa3c20a,,,0530be227f4a10c5545cce8d3db20ac5a4d76a66,REVIEW_REQUIRED,Unknown,false,REVIEW_REQUIRED,REVIEW_REQUIRED,REVIEW,no path match in OpenProj baseline; classify origin manually,
modules/microproject_core/src/main/java/com/microproject/pm/scheduling/Schedule.java,microproject_core,java,HEAD,91188c41edd8835d1dde268b1dfc9d13c568865617bea6b2efe591125257520d,d2fa3c20a,openproj_core/src/com/projity/pm/scheduling/Schedule.java,2c81010d8f131bdc2e956976638bb7dd467297a5ecb9890973d94b2e93a81a69,0530be227f4a10c5545cce8d3db20ac5a4d76a66,REVIEW_REQUIRED,Unknown,false,REVIEW_REQUIRED,REVIEW_REQUIRED,REVIEW,OpenProj path exists but content differs; perform hunk-level comparison,
modules/microproject_core/src/main/java/com/microproject/pm/scheduling/ScheduleEvent.java,microproject_core,java,HEAD,35604ec624aa4ede4e43e851d88efb7665b15e21744668bcd1c1e5bd4539c48b,d2fa3c20a,openproj_core/src/com/projity/pm/scheduling/ScheduleEvent.java,dd243350eae79689ac99c97fdc89c1e4c25ac6aac341db144bb56b3b16329813,0530be227f4a10c5545cce8d3db20ac5a4d76a66,REVIEW_REQUIRED,Unknown,false,REVIEW_REQUIRED,REVIEW_REQUIRED,REVIEW,OpenProj path exists but content differs; perform hunk-level comparison,
modules/microproject_core/src/main/java/com/microproject/pm/scheduling/ScheduleEventListener.java,microproject_core,java,HEAD,c7e004e79a579c471e27e7515fe369682536b956f03c3b27177ea9da054931e9,d2fa3c20a,openproj_core/src/com/projity/pm/scheduling/ScheduleEventListener.java,23990c8bdb5c8b734b9a288484d850b87da6e4108f3d7fb4d6fb6dae0093cc54,0530be227f4a10c5545cce8d3db20ac5a4d76a66,REVIEW_REQUIRED,Unknown,true,REVIEW_REQUIRED,REVIEW_REQUIRED,KEEP_OPENPROJ,normalized content matches OpenProj baseline,
modules/microproject_core/src/main/java/com/microproject/pm/scheduling/ScheduleEventManager.java,microproject_core,java,HEAD,bd8674ec5f649ce899e7f74f6abed32f72a416a82d21ce9637370bd293536f6e,d2fa3c20a,openproj_core/src/com/projity/pm/scheduling/ScheduleEventManager.java,3054781efc3a51164c35aec53566449ab7069e5043ec2c93011fd69e6952186c,0530be227f4a10c5545cce8d3db20ac5a4d76a66,REVIEW_REQUIRED,Unknown,true,REVIEW_REQUIRED,REVIEW_REQUIRED,KEEP_OPENPROJ,normalized content matches OpenProj baseline,
modules/microproject_core/src/main/java/com/microproject/pm/scheduling/ScheduleFrom.java,microproject_core,java,HEAD,34467486998c678a356da830318e227caca6c0529c27d146c9d1301639698bfc,d2fa3c20a,,,0530be227f4a10c5545cce8d3db20ac5a4d76a66,REVIEW_REQUIRED,Unknown,false,REVIEW_REQUIRED,REVIEW_REQUIRED,REVIEW,no path match in OpenProj baseline; classify origin manually,
modules/microproject_core/src/main/java/com/microproject/pm/scheduling/ScheduleInterval.java,microproject_core,java,HEAD,5ca7b17314ecdc22e2983ab8da65f11841cbb831c09d9c29ffaf482b38114b0c,d2fa3c20a,openproj_core/src/com/projity/pm/scheduling/ScheduleInterval.java,232c5ed0b21d961f968ba27a3e7d29ff521d3833708215e27b8019ef1ae00825,0530be227f4a10c5545cce8d3db20ac5a4d76a66,REVIEW_REQUIRED,Unknown,false,REVIEW_REQUIRED,REVIEW_REQUIRED,REVIEW,OpenProj path exists but content differs; perform hunk-level comparison,
modules/microproject_core/src/main/java/com/microproject/pm/scheduling/ScheduleIntervalGenerator.java,microproject_core,java,HEAD,1e1caea11d27cc664073f1c1336d7d70dde3375143451e9d375a158bb0e7cde4,d2fa3c20a,,,0530be227f4a10c5545cce8d3db20ac5a4d76a66,REVIEW_REQUIRED,Unknown,false,REVIEW_REQUIRED,REVIEW_REQUIRED,REVIEW,no path match in OpenProj baseline; classify origin manually,
modules/microproject_core/src/main/java/com/microproject/pm/scheduling/ScheduleService.java,microproject_core,java,HEAD,1b356c52c96b2eafa80b11d9a2c831d84b1f0e91be01f50fe7618e878283a9ea,d2fa3c20a,openproj_core/src/com/projity/pm/scheduling/ScheduleService.java,1d3f0dd8254f5482c114b7c54e2a15346d0a7ea279ed3a1cc5252f3757632e38,0530be227f4a10c5545cce8d3db20ac5a4d76a66,REVIEW_REQUIRED,Unknown,false,REVIEW_REQUIRED,REVIEW_REQUIRED,REVIEW,OpenProj path exists but content differs; perform hunk-level comparison,
modules/microproject_core/src/main/java/com/microproject/pm/scheduling/ScheduleUtil.java,microproject_core,java,HEAD,2a731963715e4051af3c0a5cb0f959a9ed9904b49761ff4ba16df408987425b5,d2fa3c20a,openproj_core/src/com/projity/pm/scheduling/ScheduleUtil.java,a63fca7f60efdd3641bc494b0c05a17af3eb0d2de38a1dd446252709d25a5566,0530be227f4a10c5545cce8d3db20ac5a4d76a66,REVIEW_REQUIRED,Unknown,false,REVIEW_REQUIRED,REVIEW_REQUIRED,REVIEW,OpenProj path exists but content differs; perform hunk-level comparison,
modules/microproject_core/src/main/java/com/microproject/pm/scheduling/SchedulingFields.java,microproject_core,java,HEAD,242c360365ec2576cf1be09ca3c78cf87a9b686db2b8f7da8e457742913ec166,d2fa3c20a,openproj_core/src/com/projity/pm/scheduling/SchedulingFields.java,30d4d0791ee379063a232dc6c6653683381f9b3ad2e6176659cbadcaa9f3ed78,0530be227f4a10c5545cce8d3db20ac5a4d76a66,REVIEW_REQUIRED,Unknown,true,REVIEW_REQUIRED,REVIEW_REQUIRED,KEEP_OPENPROJ,normalized content matches OpenProj baseline,
modules/microproject_core/src/main/java/com/microproject/pm/scheduling/SchedulingRule.java,microproject_core,java,HEAD,7a7d8621fcd284e4caf60fe7b736a0279fd37cfc62656e4d93f35991ffaa284c,d2fa3c20a,openproj_core/src/com/projity/pm/scheduling/SchedulingRule.java,3119169b8cba2c4c8e7a7d77314fe7cc768f1b3c1dd759012e28791078aefabc,0530be227f4a10c5545cce8d3db20ac5a4d76a66,REVIEW_REQUIRED,Unknown,true,REVIEW_REQUIRED,REVIEW_REQUIRED,KEEP_OPENPROJ,normalized content matches OpenProj baseline,
modules/microproject_core/src/main/java/com/microproject/pm/scheduling/SchedulingType.java,microproject_core,java,HEAD,80e37b44fa0d47f739fb4c449ccbf7eea00ab77f4cb815e7f0451f1be67cccdf,d2fa3c20a,openproj_core/src/com/projity/pm/scheduling/SchedulingType.java,fa045943840aebfed8b3234eab33e89e437f85b4c473d0847a809db7b8a36bf3,0530be227f4a10c5545cce8d3db20ac5a4d76a66,REVIEW_REQUIRED,Unknown,false,REVIEW_REQUIRED,REVIEW_REQUIRED,REVIEW,OpenProj path exists but content differs; perform hunk-level comparison,
modules/microproject_core/src/main/java/com/microproject/pm/scheduling/TimeSheetSchedule.java,microproject_core,java,HEAD,5e93dfe57d0fd2aeac789edeef2f8a743f0da6c4533f85e0a935eb28a5997930,d2fa3c20a,openproj_core/src/com/projity/pm/scheduling/TimeSheetSchedule.java,7eafe813fb18eea461e1f486ecb1d7ea70a99ad9d88d69d8599a2d62b5ec83e3,0530be227f4a10c5545cce8d3db20ac5a4d76a66,REVIEW_REQUIRED,Unknown,true,REVIEW_REQUIRED,REVIEW_REQUIRED,KEEP_OPENPROJ,normalized content matches OpenProj baseline,
modules/microproject_core/src/main/java/com/microproject/pm/scheduling/pert/Pert.java,microproject_core,java,HEAD,b74fae42147f2f06da5b61139cf9a4ebca5d54edec92ba3ac9bb8e06e9792912,d2fa3c20a,openproj_core/src/com/projity/pm/scheduling/pert/Pert.java,458fde2e2415d0232208269d8ce0a07706da1578289af311dc681faf3006ace3,0530be227f4a10c5545cce8d3db20ac5a4d76a66,REVIEW_REQUIRED,Unknown,false,REVIEW_REQUIRED,REVIEW_REQUIRED,REVIEW,OpenProj path exists but content differs; perform hunk-level comparison,
modules/microproject_core/src/main/java/com/microproject/pm/snapshot/BaselineScheduleFields.java,microproject_core,java,HEAD,96dbdd0c6a4e3cf45b0d6b4dad8abb81747e2f1a439b986a831f07e0b3cec18b,d2fa3c20a,openproj_core/src/com/projity/pm/snapshot/BaselineScheduleFields.java,93f8eb40989b4925ab595fc4386379940b5103cf8667b4106fdca9c270d4967a,0530be227f4a10c5545cce8d3db20ac5a4d76a66,REVIEW_REQUIRED,Unknown,true,REVIEW_REQUIRED,REVIEW_REQUIRED,KEEP_OPENPROJ,normalized content matches OpenProj baseline,
modules/microproject_core/src/main/java/com/microproject/pm/snapshot/DataSnapshot.java,microproject_core,java,HEAD,f2dfdd932ecce981d1298358008224db56ba43e988f3537059402babf63a7a41,d2fa3c20a,openproj_core/src/com/projity/pm/snapshot/DataSnapshot.java,60b349c25e4b376b0679868668112a8babe5c9b36467f62949549d44d2fc7960,0530be227f4a10c5545cce8d3db20ac5a4d76a66,REVIEW_REQUIRED,Unknown,true,REVIEW_REQUIRED,REVIEW_REQUIRED,KEEP_OPENPROJ,normalized content matches OpenProj baseline,
modules/microproject_core/src/main/java/com/microproject/pm/snapshot/SnapshotEmptyException.java,microproject_core,java,HEAD,ee1fb8e18f67903d53da29254b1171cacaa6d2bfd73ce857a21d3921c8a3e0ec,d2fa3c20a,openproj_core/src/com/projity/pm/snapshot/SnapshotEmptyException.java,ec0a351f8d0858d9527fbf7dfc47a5617bc4234988d7895258fbf80219ec25d7,0530be227f4a10c5545cce8d3db20ac5a4d76a66,REVIEW_REQUIRED,Unknown,true,REVIEW_REQUIRED,REVIEW_REQUIRED,KEEP_OPENPROJ,normalized content matches OpenProj baseline,
modules/microproject_core/src/main/java/com/microproject/pm/snapshot/Snapshottable.java,microproject_core,java,HEAD,373dc66d617111db5f7e142d0a0701938f265971ae377ea6a0ea07851288522b,d2fa3c20a,openproj_core/src/com/projity/pm/snapshot/Snapshottable.java,5b31bd9bc3b5042db676994ff1580ccb980c7432c50a1e5b0094effa25dfdbff,0530be227f4a10c5545cce8d3db20ac5a4d76a66,REVIEW_REQUIRED,Unknown,false,REVIEW_REQUIRED,REVIEW_REQUIRED,REVIEW,OpenProj path exists but content differs; perform hunk-level comparison,
modules/microproject_core/src/main/java/com/microproject/pm/snapshot/SnapshottableImpl.java,microproject_core,java,HEAD,7f195261553382c511a5eedc6330a2e3291344708a6c6b6c5d7e6e354728021d,d2fa3c20a,openproj_core/src/com/projity/pm/snapshot/SnapshottableImpl.java,5d3090ceb01b1ab8673421700365ec614d1e0dac86e8967a6088f3051f4f1547,0530be227f4a10c5545cce8d3db20ac5a4d76a66,REVIEW_REQUIRED,Unknown,false,REVIEW_REQUIRED,REVIEW_REQUIRED,REVIEW,OpenProj path exists but content differs; perform hunk-level comparison,
modules/microproject_core/src/main/java/com/microproject/pm/task/AccessControlPolicy.java,microproject_core,java,HEAD,57d7a6f7fd7620194184545815b495c0d576b0184186d3c8d93950bef5c092f5,d2fa3c20a,openproj_core/src/com/projity/pm/task/AccessControlPolicy.java,e7fcb76ff78d463ee1fecc6a2207def482b8abfb2c46296fe7edd21f191e34a4,0530be227f4a10c5545cce8d3db20ac5a4d76a66,REVIEW_REQUIRED,Unknown,false,REVIEW_REQUIRED,REVIEW_REQUIRED,REVIEW,OpenProj path exists but content differs; perform hunk-level comparison,
modules/microproject_core/src/main/java/com/microproject/pm/task/BelongsToDocument.java,microproject_core,java,HEAD,f4385167ba1de34e7c4bbdb222c535eb009b3fe2a22a849b8813ede8939fdac1,d2fa3c20a,openproj_core/src/com/projity/pm/task/BelongsToDocument.java,54a664b7fb44fce0c5bcf4c976aa48a95af5cb39c3495d2bd15221a150e655e9,0530be227f4a10c5545cce8d3db20ac5a4d76a66,REVIEW_REQUIRED,Unknown,true,REVIEW_REQUIRED,REVIEW_REQUIRED,KEEP_OPENPROJ,normalized content matches OpenProj baseline,
modules/microproject_core/src/main/java/com/microproject/pm/task/DefaultProjectRoleManager.java,microproject_core,java,HEAD,9e032a5a3a757f0bd94547cd2845e96ece36964b70ad79bf59c68bf55da07c22,d2fa3c20a,openproj_core/src/com/projity/pm/task/DefaultProjectRoleManager.java,5a065c2dae2fa0e4c175bfc0ba6e1b81d6d43f952ecbe06c6621f1b11d8a1629,0530be227f4a10c5545cce8d3db20ac5a4d76a66,REVIEW_REQUIRED,Unknown,false,REVIEW_REQUIRED,REVIEW_REQUIRED,REVIEW,OpenProj path exists but content differs; perform hunk-level comparison,
modules/microproject_core/src/main/java/com/microproject/pm/task/DefaultSubProj.java,microproject_core,java,HEAD,01661c77ff59d783cf87bb79dfd116404976a6d128642cc8fcc74e67992c462c,d2fa3c20a,openproj_core/src/com/projity/pm/task/DefaultSubProj.java,149d11e840898562bb25ed3ba20915086afa10d515ca8d2f8eb1d18865aef044,0530be227f4a10c5545cce8d3db20ac5a4d76a66,REVIEW_REQUIRED,Unknown,false,REVIEW_REQUIRED,REVIEW_REQUIRED,REVIEW,OpenProj path exists but content differs; perform hunk-level comparison,
modules/microproject_core/src/main/java/com/microproject/pm/task/DefaultSubprojectHandler.java,microproject_core,java,HEAD,37f71fb5aa1fd1c79eb58154e9f1d889c55729f4010000125865a80b4544b3ec,d2fa3c20a,openproj_core/src/com/projity/pm/task/DefaultSubprojectHandler.java,306c2d3fce1832d4eb700a73b45a6c0aa36d7713c81a7b3a6d39407888b7adff,0530be227f4a10c5545cce8d3db20ac5a4d76a66,REVIEW_REQUIRED,Unknown,false,REVIEW_REQUIRED,REVIEW_REQUIRED,REVIEW,OpenProj path exists but content differs; perform hunk-level comparison,
modules/microproject_core/src/main/java/com/microproject/pm/task/ExternalTaskManager.java,microproject_core,java,HEAD,079c025b9cf1d07d4f6b79ef5b94fa3ac3a9a1fca703bfa7f3a9d0a6d3b3061f,d2fa3c20a,openproj_core/src/com/projity/pm/task/ExternalTaskManager.java,55804edb6aa3446dead6c7e79f2097accb5705369fa8997016374be4de3f3fd4,0530be227f4a10c5545cce8d3db20ac5a4d76a66,REVIEW_REQUIRED,Unknown,false,REVIEW_REQUIRED,REVIEW_REQUIRED,REVIEW,OpenProj path exists but content differs; perform hunk-level comparison,
modules/microproject_core/src/main/java/com/microproject/pm/task/HasNotes.java,microproject_core,java,HEAD,8de72d2edd3dcd3b103c89b9a42c3f8ac93b012cf930384f6b9ca2526a7ca966,d2fa3c20a,openproj_core/src/com/projity/pm/task/HasNotes.java,b95547f91c578753466bb83f0a2ab98cae94a22f6de1b6b66d64af42e8ab5f42,0530be227f4a10c5545cce8d3db20ac5a4d76a66,REVIEW_REQUIRED,Unknown,true,REVIEW_REQUIRED,REVIEW_REQUIRED,KEEP_OPENPROJ,normalized content matches OpenProj baseline,
modules/microproject_core/src/main/java/com/microproject/pm/task/HasPriority.java,microproject_core,java,HEAD,969ea02dd9a28c49afc9eb26d4b176f10484400cbcaf0c61bd518c2a42637818,d2fa3c20a,openproj_core/src/com/projity/pm/task/HasPriority.java,b675e09ff3d8333b588fb0762493e8e0710a5ffff5ccf742a4c2a2f5a375b10e,0530be227f4a10c5545cce8d3db20ac5a4d76a66,REVIEW_REQUIRED,Unknown,true,REVIEW_REQUIRED,REVIEW_REQUIRED,KEEP_OPENPROJ,normalized content matches OpenProj baseline,
modules/microproject_core/src/main/java/com/microproject/pm/task/HasProject.java,microproject_core,java,HEAD,117bf6f7f0701cdef7c8d149a344209974cbb07c537a02eea53541f3871b1eba,d2fa3c20a,openproj_core/src/com/projity/pm/task/HasProject.java,d4fec6f6d3527ae41021a38f6f78f03fc73a049018f750b0db9fd91134dea84d,0530be227f4a10c5545cce8d3db20ac5a4d76a66,REVIEW_REQUIRED,Unknown,true,REVIEW_REQUIRED,REVIEW_REQUIRED,KEEP_OPENPROJ,normalized content matches OpenProj baseline,
modules/microproject_core/src/main/java/com/microproject/pm/task/NormalTask.java,microproject_core,java,HEAD,a0bec31d24dc40e253d177b72f8a67bc1367e376c98ecb3467a553e3f377184e,d2fa3c20a,openproj_core/src/com/projity/pm/task/NormalTask.java,aa1e77914c27567c7326d280155cf44911f2d308e694b659819a882e9eae1983,0530be227f4a10c5545cce8d3db20ac5a4d76a66,REVIEW_REQUIRED,Unknown,false,REVIEW_REQUIRED,REVIEW_REQUIRED,REVIEW,OpenProj path exists but content differs; perform hunk-level comparison,
modules/microproject_core/src/main/java/com/microproject/pm/task/PercentWorkCompleteService.java,microproject_core,java,HEAD,9c3fc11df298907e61a198cfc10fef6b9a8ff4298b9ec00533793ade0dac6d4b,d2fa3c20a,,,0530be227f4a10c5545cce8d3db20ac5a4d76a66,REVIEW_REQUIRED,Unknown,false,REVIEW_REQUIRED,REVIEW_REQUIRED,REVIEW,no path match in OpenProj baseline; classify origin manually,
modules/microproject_core/src/main/java/com/microproject/pm/task/Portfolio.java,microproject_core,java,HEAD,5171625acc4c0650e1b7cda334bcf3dedc47e9445fa7ae1c6f03ceacdf8c430d,d2fa3c20a,openproj_core/src/com/projity/pm/task/Portfolio.java,8bf71b4073d1425b3318390e3c4564442ed16cbb683f1941fdfe21c7d2a193c5,0530be227f4a10c5545cce8d3db20ac5a4d76a66,REVIEW_REQUIRED,Unknown,false,REVIEW_REQUIRED,REVIEW_REQUIRED,REVIEW,OpenProj path exists but content differs; perform hunk-level comparison,
modules/microproject_core/src/main/java/com/microproject/pm/task/Project.java,microproject_core,java,HEAD,40ee53622b5646301b11d4a54b66f1755da5167a77eb2c1301a2a0f4a5600a57,d2fa3c20a,openproj_core/src/com/projity/pm/task/Project.java,e9864e7b51abf9cc344322d944e1b0e0689ad0c655e253ab424ba195bda95a21,0530be227f4a10c5545cce8d3db20ac5a4d76a66,REVIEW_REQUIRED,Unknown,false,REVIEW_REQUIRED,REVIEW_REQUIRED,REVIEW,OpenProj path exists but content differs; perform hunk-level comparison,
modules/microproject_core/src/main/java/com/microproject/pm/task/ProjectEvent.java,microproject_core,java,HEAD,d768f35cee3d2cb5dd39408bc8989fa17a7ef8b1d53d8ff59127d312a1e197d6,d2fa3c20a,openproj_core/src/com/projity/pm/task/ProjectEvent.java,1f31d7d3f77440c3e12fab2fd1e7b3baf946cad0e6bff9373b9ae93b5380dcc1,0530be227f4a10c5545cce8d3db20ac5a4d76a66,REVIEW_REQUIRED,Unknown,false,REVIEW_REQUIRED,REVIEW_REQUIRED,REVIEW,OpenProj path exists but content differs; perform hunk-level comparison,
modules/microproject_core/src/main/java/com/microproject/pm/task/ProjectFactory.java,microproject_core,java,HEAD,37fe97e1791ff38d03e512ae3d8bc1d93455214295c736a5ce0cc7ae93062a98,d2fa3c20a,openproj_core/src/com/projity/pm/task/ProjectFactory.java,3aacb2234f7ba568e91391661c424014f1df67d18ff8781a1a567142135565b1,0530be227f4a10c5545cce8d3db20ac5a4d76a66,REVIEW_REQUIRED,Unknown,false,REVIEW_REQUIRED,REVIEW_REQUIRED,REVIEW,OpenProj path exists but content differs; perform hunk-level comparison,
modules/microproject_core/src/main/java/com/microproject/pm/task/ProjectHierarchyQueries.java,microproject_core,java,HEAD,2e093ef59bb02bcd2c5079ff9f47b4e2fe99770f8013104b3bab1b08c67a536b,d2fa3c20a,,,0530be227f4a10c5545cce8d3db20ac5a4d76a66,REVIEW_REQUIRED,Unknown,false,REVIEW_REQUIRED,REVIEW_REQUIRED,REVIEW,no path match in OpenProj baseline; classify origin manually,
modules/microproject_core/src/main/java/com/microproject/pm/task/ProjectListener.java,microproject_core,java,HEAD,13638b461542f8ce293e1f2cacfcb01f7d03820134686579e8b9c7e5d22b47cb,d2fa3c20a,openproj_core/src/com/projity/pm/task/ProjectListener.java,678bc3ec00f835b6759b51620e4bcc599530f23c0233600b64316955eb172f29,0530be227f4a10c5545cce8d3db20ac5a4d76a66,REVIEW_REQUIRED,Unknown,true,REVIEW_REQUIRED,REVIEW_REQUIRED,KEEP_OPENPROJ,normalized content matches OpenProj baseline,
modules/microproject_core/src/main/java/com/microproject/pm/task/ProjectSpecificFields.java,microproject_core,java,HEAD,00e32c9b57594cb191930580d000a640c3d976a9e79d1889444847e0faeea2f9,d2fa3c20a,openproj_core/src/com/projity/pm/task/ProjectSpecificFields.java,182011b8c5ce823a8d4d9cf794b0adb8b99d7a7acdc8e2c7e843e45671a5964a,0530be227f4a10c5545cce8d3db20ac5a4d76a66,REVIEW_REQUIRED,Unknown,false,REVIEW_REQUIRED,REVIEW_REQUIRED,REVIEW,OpenProj path exists but content differs; perform hunk-level comparison,
modules/microproject_core/src/main/java/com/microproject/pm/task/ProjectStatus.java,microproject_core,java,HEAD,a75676993b97006f849878034ebd80fb8ffd4cdefba7541a0fbb8f8034d98135,d2fa3c20a,openproj_core/src/com/projity/pm/task/ProjectStatus.java,647189403a0302f173dc5c928e6005756e871d2bc1e7fa7680a41cb65f74ddb8,0530be227f4a10c5545cce8d3db20ac5a4d76a66,REVIEW_REQUIRED,Unknown,false,REVIEW_REQUIRED,REVIEW_REQUIRED,REVIEW,OpenProj path exists but content differs; perform hunk-level comparison,
modules/microproject_core/src/main/java/com/microproject/pm/task/ProjectType.java,microproject_core,java,HEAD,e2152762b67d20be84d2f4045e0ec6859d6ff1f15b6ccc0f2c8e6697ef25809d,d2fa3c20a,openproj_core/src/com/projity/pm/task/ProjectType.java,baeab0ed82acb286b5af7769cda63fbff79642f6e4b9b13f745a29e8d18cfc72,0530be227f4a10c5545cce8d3db20ac5a4d76a66,REVIEW_REQUIRED,Unknown,false,REVIEW_REQUIRED,REVIEW_REQUIRED,REVIEW,OpenProj path exists but content differs; perform hunk-level comparison,
modules/microproject_core/src/main/java/com/microproject/pm/task/RecurringTaskGenerator.java,microproject_core,java,HEAD,da7f599d40f547d68330cdd3317b5ea79155428380b362247d8e2fb194a4a5c9,d2fa3c20a,,,0530be227f4a10c5545cce8d3db20ac5a4d76a66,REVIEW_REQUIRED,Unknown,false,REVIEW_REQUIRED,REVIEW_REQUIRED,REVIEW,no path match in OpenProj baseline; classify origin manually,
modules/microproject_core/src/main/java/com/microproject/pm/task/RecurringTaskSpec.java,microproject_core,java,HEAD,60ce38a597899ddee8f1fa472f85199876e5ea8d987c5f54c3c5ffa9a6fcf750,d2fa3c20a,,,0530be227f4a10c5545cce8d3db20ac5a4d76a66,REVIEW_REQUIRED,Unknown,false,REVIEW_REQUIRED,REVIEW_REQUIRED,REVIEW,no path match in OpenProj baseline; classify origin manually,
modules/microproject_core/src/main/java/com/microproject/pm/task/RollupSpan.java,microproject_core,java,HEAD,1669ed553af9477c98ef2daba8849d9eb5deac6d969e8ec611601b5aafa1c712,d2fa3c20a,,,0530be227f4a10c5545cce8d3db20ac5a4d76a66,REVIEW_REQUIRED,Unknown,false,REVIEW_REQUIRED,REVIEW_REQUIRED,REVIEW,no path match in OpenProj baseline; classify origin manually,
modules/microproject_core/src/main/java/com/microproject/pm/task/ScheduleDiagnosticsService.java,microproject_core,java,HEAD,c3940b24c32e8e9d54bd0c0ae5699817fc379e7084f82b863749b636b709f08e,d2fa3c20a,,,0530be227f4a10c5545cce8d3db20ac5a4d76a66,REVIEW_REQUIRED,Unknown,false,REVIEW_REQUIRED,REVIEW_REQUIRED,REVIEW,no path match in OpenProj baseline; classify origin manually,
modules/microproject_core/src/main/java/com/microproject/pm/task/SubProj.java,microproject_core,java,HEAD,a5c09586dbc82a4b18d443ef939adf46688c411df7c0304ca640a506f32481f0,d2fa3c20a,openproj_core/src/com/projity/pm/task/SubProj.java,4def773c48a6d375c022427a1be2f1e586aaf8997f0675232019ad3924cd609f,0530be227f4a10c5545cce8d3db20ac5a4d76a66,REVIEW_REQUIRED,Unknown,false,REVIEW_REQUIRED,REVIEW_REQUIRED,REVIEW,OpenProj path exists but content differs; perform hunk-level comparison,
modules/microproject_core/src/main/java/com/microproject/pm/task/SubprojectHandler.java,microproject_core,java,HEAD,2f2aa601f3616db59a33cc0df49007ae346d72498816d36a58ded552d8af9258,d2fa3c20a,openproj_core/src/com/projity/pm/task/SubprojectHandler.java,ba6c48def3d204a04871a55bbf4858dbbeb454b00a22f8e5f4de68045aa06486,0530be227f4a10c5545cce8d3db20ac5a4d76a66,REVIEW_REQUIRED,Unknown,false,REVIEW_REQUIRED,REVIEW_REQUIRED,REVIEW,OpenProj path exists but content differs; perform hunk-level comparison,
modules/microproject_core/src/main/java/com/microproject/pm/task/SubprojectReferenceMetadata.java,microproject_core,java,HEAD,0b0971a53b2c650c5b51f060349e2174368bcbb4b85d1e1853d0cba431b63279,d2fa3c20a,,,0530be227f4a10c5545cce8d3db20ac5a4d76a66,REVIEW_REQUIRED,Unknown,false,REVIEW_REQUIRED,REVIEW_REQUIRED,REVIEW,no path match in OpenProj baseline; classify origin manually,
modules/microproject_core/src/main/java/com/microproject/pm/task/SummaryEnvelope.java,microproject_core,java,HEAD,94ea014f429aab81e262ec9134c3249bd88c4884b3c3a012695ca6a4bd224878,d2fa3c20a,,,0530be227f4a10c5545cce8d3db20ac5a4d76a66,REVIEW_REQUIRED,Unknown,false,REVIEW_REQUIRED,REVIEW_REQUIRED,REVIEW,no path match in OpenProj baseline; classify origin manually,
modules/microproject_core/src/main/java/com/microproject/pm/task/SummaryEnvelopePart.java,microproject_core,java,HEAD,201c8e96043329ca44f7e80292b88b54ab56dd084be5a4bcef67914867aedb38,d2fa3c20a,,,0530be227f4a10c5545cce8d3db20ac5a4d76a66,REVIEW_REQUIRED,Unknown,false,REVIEW_REQUIRED,REVIEW_REQUIRED,REVIEW,no path match in OpenProj baseline; classify origin manually,
modules/microproject_core/src/main/java/com/microproject/pm/task/Task.java,microproject_core,java,HEAD,cfa6d5d044630830ab3e4acd5876f335f79f23ec5ccbd863ffcd94c2bfbf1998,d2fa3c20a,openproj_core/src/com/projity/pm/task/Task.java,f132465a04a9cfe66242e5fbf1db4943f05383a6e55bea7794bf473d68bc18fa,0530be227f4a10c5545cce8d3db20ac5a4d76a66,REVIEW_REQUIRED,Unknown,false,REVIEW_REQUIRED,REVIEW_REQUIRED,REVIEW,OpenProj path exists but content differs; perform hunk-level comparison,
modules/microproject_core/src/main/java/com/microproject/pm/task/TaskBackup.java,microproject_core,java,HEAD,c974adc627a502ab5f00c636406805068f65842088ec9e1313e3a08449e37ccb,d2fa3c20a,openproj_core/src/com/projity/pm/task/TaskBackup.java,5dfc579ce3c2bc41395c01e0789a7dbaedf44e19190ff7cc7e943b1acd46426e,0530be227f4a10c5545cce8d3db20ac5a4d76a66,REVIEW_REQUIRED,Unknown,true,REVIEW_REQUIRED,REVIEW_REQUIRED,KEEP_OPENPROJ,normalized content matches OpenProj baseline,
modules/microproject_core/src/main/java/com/microproject/pm/task/TaskFinder.java,microproject_core,java,HEAD,35b2f6803832a66ef29e455e4f2ae9682f78e45d5386a8480366a945a8d11991,d2fa3c20a,,,0530be227f4a10c5545cce8d3db20ac5a4d76a66,REVIEW_REQUIRED,Unknown,false,REVIEW_REQUIRED,REVIEW_REQUIRED,REVIEW,no path match in OpenProj baseline; classify origin manually,
modules/microproject_core/src/main/java/com/microproject/pm/task/TaskLinkReference.java,microproject_core,java,HEAD,ad6983c87dc3b785d94ef09e0fa0fb679f514b5ff60b31ded6e5eae3223ffeaf,d2fa3c20a,openproj_core/src/com/projity/pm/task/TaskLinkReference.java,f186460b4a6f711bde80dc99d35f310e5e4ca568d495d8937bdd508c3677acdf,0530be227f4a10c5545cce8d3db20ac5a4d76a66,REVIEW_REQUIRED,Unknown,true,REVIEW_REQUIRED,REVIEW_REQUIRED,KEEP_OPENPROJ,normalized content matches OpenProj baseline,
modules/microproject_core/src/main/java/com/microproject/pm/task/TaskLinkReferenceImpl.java,microproject_core,java,HEAD,8f09ec700a1617b09d7eea15d5320495cacd1fbf6bcad4a4855b3d79ed0cac04,d2fa3c20a,openproj_core/src/com/projity/pm/task/TaskLinkReferenceImpl.java,4aeadb0f2cd73ede726b13b105c1bc09c52a7453c2b25fa4fdf61249899f1457,0530be227f4a10c5545cce8d3db20ac5a4d76a66,REVIEW_REQUIRED,Unknown,false,REVIEW_REQUIRED,REVIEW_REQUIRED,REVIEW,OpenProj path exists but content differs; perform hunk-level comparison,
modules/microproject_core/src/main/java/com/microproject/pm/task/TaskModeService.java,microproject_core,java,HEAD,74f32be5aaab95d7d51e995b4daa200a40da6b4ace5b6e40ac95ce1dfa0ff77e,d2fa3c20a,,,0530be227f4a10c5545cce8d3db20ac5a4d76a66,REVIEW_REQUIRED,Unknown,false,REVIEW_REQUIRED,REVIEW_REQUIRED,REVIEW,no path match in OpenProj baseline; classify origin manually,
modules/microproject_core/src/main/java/com/microproject/pm/task/TaskProgressService.java,microproject_core,java,HEAD,05abdf5fe41fe43d0fc5a0356f87769d82dd9762943357063e6f6dfc56207d1f,d2fa3c20a,,,0530be227f4a10c5545cce8d3db20ac5a4d76a66,REVIEW_REQUIRED,Unknown,false,REVIEW_REQUIRED,REVIEW_REQUIRED,REVIEW,no path match in OpenProj baseline; classify origin manually,
modules/microproject_core/src/main/java/com/microproject/pm/task/TaskSheetScheduleWorkflow.java,microproject_core,java,HEAD,c41410eed12c20cc59fb57b89f62a3d4b5a08225eb11191ca91cbf56e5beaf91,d2fa3c20a,,,0530be227f4a10c5545cce8d3db20ac5a4d76a66,REVIEW_REQUIRED,Unknown,false,REVIEW_REQUIRED,REVIEW_REQUIRED,REVIEW,no path match in OpenProj baseline; classify origin manually,
modules/microproject_core/src/main/java/com/microproject/pm/task/TaskSnapshot.java,microproject_core,java,HEAD,cb651979647dc5e1f1f7d69a94645430e8112ab682df78f699b98326ae7e87e7,d2fa3c20a,openproj_core/src/com/projity/pm/task/TaskSnapshot.java,036934ba217647da97d7e85e4bf3a07691e24a5055cf8b0202ccb2f10bd982d7,0530be227f4a10c5545cce8d3db20ac5a4d76a66,REVIEW_REQUIRED,Unknown,false,REVIEW_REQUIRED,REVIEW_REQUIRED,REVIEW,OpenProj path exists but content differs; perform hunk-level comparison,
modules/microproject_core/src/main/java/com/microproject/pm/task/TaskSnapshotBackup.java,microproject_core,java,HEAD,a34c27e0eec4a716c024d31101fa0a462e7a1c674a879dd0c850760743022f64,d2fa3c20a,openproj_core/src/com/projity/pm/task/TaskSnapshotBackup.java,2f06a00248ca3e892e463f27b32a97e160fde34feda159de971f54182be02787,0530be227f4a10c5545cce8d3db20ac5a4d76a66,REVIEW_REQUIRED,Unknown,false,REVIEW_REQUIRED,REVIEW_REQUIRED,REVIEW,OpenProj path exists but content differs; perform hunk-level comparison,
modules/microproject_core/src/main/java/com/microproject/pm/task/TaskSpecificFields.java,microproject_core,java,HEAD,768a29b3e356a03d3ba31ebe966b7d8de21d9601b472d5c535ff3e41b21793ed,d2fa3c20a,openproj_core/src/com/projity/pm/task/TaskSpecificFields.java,13532dd2d3c24455b8c5c03b795f4817de905f086df285cce6ed9fca23efa61b,0530be227f4a10c5545cce8d3db20ac5a4d76a66,REVIEW_REQUIRED,Unknown,false,REVIEW_REQUIRED,REVIEW_REQUIRED,REVIEW,OpenProj path exists but content differs; perform hunk-level comparison,
modules/microproject_core/src/main/java/com/microproject/pm/task/UpdateProjectRequest.java,microproject_core,java,HEAD,ad82b19d0bbf13756d848918e6405033b323af79c2289166dce543c1cb82474c,d2fa3c20a,,,0530be227f4a10c5545cce8d3db20ac5a4d76a66,REVIEW_REQUIRED,Unknown,false,REVIEW_REQUIRED,REVIEW_REQUIRED,REVIEW,no path match in OpenProj baseline; classify origin manually,
modules/microproject_core/src/main/java/com/microproject/pm/time/HasStartAndEnd.java,microproject_core,java,HEAD,030f8496d1902d1662bf9b3c776ae146d39979212c2b4be1e39c7724b6cc6ef5,d2fa3c20a,openproj_core/src/com/projity/pm/time/HasStartAndEnd.java,8c4f5db02b2cde29ec45a38f950a08fe1128406941bd7444041047c527f36850,0530be227f4a10c5545cce8d3db20ac5a4d76a66,REVIEW_REQUIRED,Unknown,true,REVIEW_REQUIRED,REVIEW_REQUIRED,KEEP_OPENPROJ,normalized content matches OpenProj baseline,
modules/microproject_core/src/main/java/com/microproject/pm/time/ImmutableInterval.java,microproject_core,java,HEAD,8585a22aa2d4b7a710e0919b3a31fcebff11a0bd742cf21926e987e1fe4b07cc,d2fa3c20a,openproj_core/src/com/projity/pm/time/ImmutableInterval.java,7419a822666b9a7d4b8e86c75bab282cb6431232f6ae1b05843616e0b2b4f42c,0530be227f4a10c5545cce8d3db20ac5a4d76a66,REVIEW_REQUIRED,Unknown,true,REVIEW_REQUIRED,REVIEW_REQUIRED,KEEP_OPENPROJ,normalized content matches OpenProj baseline,
modules/microproject_core/src/main/java/com/microproject/pm/time/Interval.java,microproject_core,java,HEAD,d737a502d580ce9bcb3efa0aeb9c09bc8994ee7eb7e7435487c681569d5dfca5,d2fa3c20a,openproj_core/src/com/projity/pm/time/Interval.java,3e6b7a00803c78d5b7c3b344ec80b8a1285ab59c7e3f696ecab875c04c8463b7,0530be227f4a10c5545cce8d3db20ac5a4d76a66,REVIEW_REQUIRED,Unknown,false,REVIEW_REQUIRED,REVIEW_REQUIRED,REVIEW,OpenProj path exists but content differs; perform hunk-level comparison,
modules/microproject_core/src/main/java/com/microproject/pm/time/MutableHasStartAndEnd.java,microproject_core,java,HEAD,47f59b416d7b06ff2cd1fb2bae10bef35fdf3a08a9b2bc8e8a510649e8122a4b,d2fa3c20a,openproj_core/src/com/projity/pm/time/MutableHasStartAndEnd.java,7901a2798bdca15cc4257a9f442df99f6b4aa9ba080ad5608db9411975686ee3,0530be227f4a10c5545cce8d3db20ac5a4d76a66,REVIEW_REQUIRED,Unknown,false,REVIEW_REQUIRED,REVIEW_REQUIRED,REVIEW,OpenProj path exists but content differs; perform hunk-level comparison,
modules/microproject_core/src/main/java/com/microproject/pm/time/MutableInterval.java,microproject_core,java,HEAD,7f737f9c86555642ea1d8420f9566b63e238ebdbae4ed0b3a85122f5eba4cfb7,d2fa3c20a,openproj_core/src/com/projity/pm/time/MutableInterval.java,338917dd22d08326dd081091390e341a2127135ba7210a7da071f65e0ca136f3,0530be227f4a10c5545cce8d3db20ac5a4d76a66,REVIEW_REQUIRED,Unknown,false,REVIEW_REQUIRED,REVIEW_REQUIRED,REVIEW,OpenProj path exists but content differs; perform hunk-level comparison,
modules/microproject_core/src/main/java/com/microproject/port/ExportPort.java,microproject_core,java,HEAD,8f8ec2dcca07c4a10ca6b32f1341b2bb4ac915af7e3dfd31977d6634eb013ad2,d2fa3c20a,,,0530be227f4a10c5545cce8d3db20ac5a4d76a66,REVIEW_REQUIRED,Unknown,false,REVIEW_REQUIRED,REVIEW_REQUIRED,REVIEW,no path match in OpenProj baseline; classify origin manually,
modules/microproject_core/src/main/java/com/microproject/port/ImportPort.java,microproject_core,java,HEAD,7dbd3eef79ed2d6601f8489886a8d8d2b48867a80413b342a7b2a22fd0b760cb,d2fa3c20a,,,0530be227f4a10c5545cce8d3db20ac5a4d76a66,REVIEW_REQUIRED,Unknown,false,REVIEW_REQUIRED,REVIEW_REQUIRED,REVIEW,no path match in OpenProj baseline; classify origin manually,
modules/microproject_core/src/main/java/com/microproject/port/PortDiagnostic.java,microproject_core,java,HEAD,1780730fe455b86b29c30be474ad50bc6e17972419977d7c80dc3a8b1c363e01,d2fa3c20a,,,0530be227f4a10c5545cce8d3db20ac5a4d76a66,REVIEW_REQUIRED,Unknown,false,REVIEW_REQUIRED,REVIEW_REQUIRED,REVIEW,no path match in OpenProj baseline; classify origin manually,
modules/microproject_core/src/main/java/com/microproject/port/PortRegistry.java,microproject_core,java,HEAD,d65ce32f6d038424c2723175d3ae4279b982cfa5faf19ffbe168718be2d830a4,d2fa3c20a,,,0530be227f4a10c5545cce8d3db20ac5a4d76a66,REVIEW_REQUIRED,Unknown,false,REVIEW_REQUIRED,REVIEW_REQUIRED,REVIEW,no path match in OpenProj baseline; classify origin manually,
modules/microproject_core/src/main/java/com/microproject/port/PortResult.java,microproject_core,java,HEAD,1aae46718ec69987940e25e4f1c1d8426de1f789724ec062dc2d0fc5569812f0,d2fa3c20a,,,0530be227f4a10c5545cce8d3db20ac5a4d76a66,REVIEW_REQUIRED,Unknown,false,REVIEW_REQUIRED,REVIEW_REQUIRED,REVIEW,no path match in OpenProj baseline; classify origin manually,
modules/microproject_core/src/main/java/com/microproject/port/SessionImporter.java,microproject_core,java,HEAD,ba27221b56537fb2366697b26a4d0550cd337d5f26b3cf346aef6be8fa5dd075,d2fa3c20a,,,0530be227f4a10c5545cce8d3db20ac5a4d76a66,REVIEW_REQUIRED,Unknown,false,REVIEW_REQUIRED,REVIEW_REQUIRED,REVIEW,no path match in OpenProj baseline; classify origin manually,
modules/microproject_core/src/main/java/com/microproject/port/SessionImporterProvider.java,microproject_core,java,HEAD,ec515ea57945d3094e5d3b26f2e179c1df3b106aeefc2badea3ac8726c02c924,d2fa3c20a,,,0530be227f4a10c5545cce8d3db20ac5a4d76a66,REVIEW_REQUIRED,Unknown,false,REVIEW_REQUIRED,REVIEW_REQUIRED,REVIEW,no path match in OpenProj baseline; classify origin manually,
modules/microproject_core/src/main/java/com/microproject/port/SessionImporterRegistry.java,microproject_core,java,HEAD,fe8065759fca4cb6266b62dc12e3bf898244efade6c064adcd220d5e0cf08823,d2fa3c20a,,,0530be227f4a10c5545cce8d3db20ac5a4d76a66,REVIEW_REQUIRED,Unknown,false,REVIEW_REQUIRED,REVIEW_REQUIRED,REVIEW,no path match in OpenProj baseline; classify origin manually,
modules/microproject_core/src/main/java/com/microproject/preference/ConfigurationFile.java,microproject_core,java,HEAD,be13aec5d229b102a9fe3aac49dcb6ca0e6ecb61f27b8ecc494024c4f2e194b8,d2fa3c20a,openproj_core/src/com/projity/preference/ConfigurationFile.java,99c6124e5eb69991a5f42258d5fff5b9ca8ad493b9bc44d05e6edf90213df29a,0530be227f4a10c5545cce8d3db20ac5a4d76a66,REVIEW_REQUIRED,Unknown,false,REVIEW_REQUIRED,REVIEW_REQUIRED,REVIEW,OpenProj path exists but content differs; perform hunk-level comparison,
modules/microproject_core/src/main/java/com/microproject/preference/GlobalPreferences.java,microproject_core,java,HEAD,2dc7236980ae2b3ff8fd988bed1e315759f71d1adf7b7cda8cd52821e8bbe71e,d2fa3c20a,openproj_core/src/com/projity/preference/GlobalPreferences.java,6f094b501c9f31b8710a297c4162d42af65eaf1b5785e4a58c69fe63cb89b11c,0530be227f4a10c5545cce8d3db20ac5a4d76a66,REVIEW_REQUIRED,Unknown,false,REVIEW_REQUIRED,REVIEW_REQUIRED,REVIEW,OpenProj path exists but content differs; perform hunk-level comparison,
modules/microproject_core/src/main/java/com/microproject/print/ExtendedPageFormat.java,microproject_core,java,HEAD,d7e50bedeb9d912ff1fd9bf5dff6317c897d8997c44e387021c359f1719b364c,d2fa3c20a,openproj_core/src/com/projity/print/ExtendedPageFormat.java,bc49cfeb2e3689e7ef79b5c3ba6996690df38e00b1c37b0d99c9e7a593d05516,0530be227f4a10c5545cce8d3db20ac5a4d76a66,REVIEW_REQUIRED,Unknown,false,REVIEW_REQUIRED,REVIEW_REQUIRED,REVIEW,OpenProj path exists but content differs; perform hunk-level comparison,
modules/microproject_core/src/main/java/com/microproject/print/FitToSettings.java,microproject_core,java,HEAD,bc6628642747199480baacfb61de7e762a5d3c97a9b2f93e5245877c8617add9,d2fa3c20a,openproj_core/src/com/projity/print/FitToSettings.java,a6dc14ff87d86cde97bc89b7f2fcf8aa908d39a083d88556bf1213927e9e9c01,0530be227f4a10c5545cce8d3db20ac5a4d76a66,REVIEW_REQUIRED,Unknown,false,REVIEW_REQUIRED,REVIEW_REQUIRED,REVIEW,OpenProj path exists but content differs; perform hunk-level comparison,
modules/microproject_core/src/main/java/com/microproject/print/GanttSettings.java,microproject_core,java,HEAD,5ce16b61a4799e32f99d70bb852a7cbf02675a3cd258baa7740c7bc43f3f7e3a,d2fa3c20a,openproj_core/src/com/projity/print/GanttSettings.java,c86890b46feab14c4c84742e44506854e26f1758cb2cbeaf51b37120bfeef882,0530be227f4a10c5545cce8d3db20ac5a4d76a66,REVIEW_REQUIRED,Unknown,true,REVIEW_REQUIRED,REVIEW_REQUIRED,KEEP_OPENPROJ,normalized content matches OpenProj baseline,
modules/microproject_core/src/main/java/com/microproject/print/PDFPrintService.java,microproject_core,java,HEAD,b7a53dca13f77760d6be6acdab4a045737f829466e4ed9fd2b1274fc6aad208f,d2fa3c20a,openproj_core/src/com/projity/print/PDFPrintService.java,269ad7c0a00d1e36ac9bc5d4e9770caf8c5c1740984c441cce5425c4e2b21b1b,0530be227f4a10c5545cce8d3db20ac5a4d76a66,REVIEW_REQUIRED,Unknown,false,REVIEW_REQUIRED,REVIEW_REQUIRED,REVIEW,OpenProj path exists but content differs; perform hunk-level comparison,
modules/microproject_core/src/main/java/com/microproject/print/PageSize.java,microproject_core,java,HEAD,afc83919d740d3f1cdfb071e5caa6353b2aedf85bb529ffc23630eacc67708cc,d2fa3c20a,openproj_core/src/com/projity/print/PageSize.java,e04d640e52a794209e35d4dd080d1a1596426e91fbbe5a15cec589c5e8c33f7f,0530be227f4a10c5545cce8d3db20ac5a4d76a66,REVIEW_REQUIRED,Unknown,false,REVIEW_REQUIRED,REVIEW_REQUIRED,REVIEW,OpenProj path exists but content differs; perform hunk-level comparison,
modules/microproject_core/src/main/java/com/microproject/print/PrintSettings.java,microproject_core,java,HEAD,0809cd41c4a79bf30590dc51623e6ccb416c7ea7c16723084cb85a6d18c11e76,d2fa3c20a,openproj_core/src/com/projity/print/PrintSettings.java,aa5de56d28a7b5d29e0059c84bb210f0e66aa06ab3447cb9b8d62dd0d03c8d15,0530be227f4a10c5545cce8d3db20ac5a4d76a66,REVIEW_REQUIRED,Unknown,false,REVIEW_REQUIRED,REVIEW_REQUIRED,REVIEW,OpenProj path exists but content differs; perform hunk-level comparison,
modules/microproject_core/src/main/java/com/microproject/print/PrintSettingsManager.java,microproject_core,java,HEAD,ac0bb684008fe1650e747221f752eef91ce43def5e53410fea2a23d328b6bb73,d2fa3c20a,openproj_core/src/com/projity/print/PrintSettingsManager.java,30db3469c02162dedf39a35f3d39a0d131c2d1ca5dd0c25bd4cf9b279e647ada,0530be227f4a10c5545cce8d3db20ac5a4d76a66,REVIEW_REQUIRED,Unknown,false,REVIEW_REQUIRED,REVIEW_REQUIRED,REVIEW,OpenProj path exists but content differs; perform hunk-level comparison,
modules/microproject_core/src/main/java/com/microproject/print/ScaleToSettings.java,microproject_core,java,HEAD,b057f704324f691707c8af99962b732a19d1b2594501d30ce13eb7424c4c20c4,d2fa3c20a,openproj_core/src/com/projity/print/ScaleToSettings.java,752095f93e745ee878d66e3eef510945a875991ccf74e6b58252b33b9dbf6a0d,0530be227f4a10c5545cce8d3db20ac5a4d76a66,REVIEW_REQUIRED,Unknown,true,REVIEW_REQUIRED,REVIEW_REQUIRED,KEEP_OPENPROJ,normalized content matches OpenProj baseline,
modules/microproject_core/src/main/java/com/microproject/print/ScalingSettings.java,microproject_core,java,HEAD,8644abe6f9c145dd3a7964fcd648272f38e08d46d1d1be09fe92f2f71d076ee3,d2fa3c20a,openproj_core/src/com/projity/print/ScalingSettings.java,8715831af14364092c7062b3d97c8ee390312b8a45b923154ede870b2dd3fa6e,0530be227f4a10c5545cce8d3db20ac5a4d76a66,REVIEW_REQUIRED,Unknown,true,REVIEW_REQUIRED,REVIEW_REQUIRED,KEEP_OPENPROJ,normalized content matches OpenProj baseline,
modules/microproject_core/src/main/java/com/microproject/print/ViewSettings.java,microproject_core,java,HEAD,cd28af45de2407cd8d98f4d82e20dab2364dd2e8141030ea6a9c5faa2934da91,d2fa3c20a,openproj_core/src/com/projity/print/ViewSettings.java,3a97216561e783d5353e911bdcc4cf863bac412230573994fb03cee5b0d5deeb,0530be227f4a10c5545cce8d3db20ac5a4d76a66,REVIEW_REQUIRED,Unknown,true,REVIEW_REQUIRED,REVIEW_REQUIRED,KEEP_OPENPROJ,normalized content matches OpenProj baseline,
modules/microproject_core/src/main/java/com/microproject/script/ContextStore.java,microproject_core,java,HEAD,e8e9bd4c773e14eb5be6c4c7dc0ff864534942a17b0f2d11a562a370f74e4308,d2fa3c20a,openproj_core/src/com/projity/script/ContextStore.java,be3879cf8bf7975c5fd67c8eb1cca62544f596c01c4d9d13089ec252860e4065,0530be227f4a10c5545cce8d3db20ac5a4d76a66,REVIEW_REQUIRED,Unknown,false,REVIEW_REQUIRED,REVIEW_REQUIRED,REVIEW,OpenProj path exists but content differs; perform hunk-level comparison,
modules/microproject_core/src/main/java/com/microproject/script/ConverterContext.java,microproject_core,java,HEAD,0a9a939b1c95fd488927ce5b081a9ad93e7a32541e274ed13766c2a0dc874e26,d2fa3c20a,openproj_core/src/com/projity/script/ConverterContext.java,2f6ed031296bc532d5a684e6b6e25defc0baee321cb1f71aace4c19c8b2c0298,0530be227f4a10c5545cce8d3db20ac5a4d76a66,REVIEW_REQUIRED,Unknown,false,REVIEW_REQUIRED,REVIEW_REQUIRED,REVIEW,OpenProj path exists but content differs; perform hunk-level comparison,
modules/microproject_core/src/main/java/com/microproject/script/FieldArrayUtil.java,microproject_core,java,HEAD,7b6c772e637e8cd0f938e03731c85595c8adcad698bd074efd17b4c490f7e281,d2fa3c20a,openproj_core/src/com/projity/script/FieldArrayUtil.java,df4c925ab53d4352429032f107222e9012ece9e22803fbce2e206259a8beecbe,0530be227f4a10c5545cce8d3db20ac5a4d76a66,REVIEW_REQUIRED,Unknown,false,REVIEW_REQUIRED,REVIEW_REQUIRED,REVIEW,OpenProj path exists but content differs; perform hunk-level comparison,
modules/microproject_core/src/main/java/com/microproject/script/ScriptRunner.java,microproject_core,java,HEAD,613088c416b4b46180f08221e71b55007c2853dc1afbc2f383f0c33e5d1d8620,d2fa3c20a,openproj_core/src/com/projity/script/ScriptRunner.java,f1cf3fa68b62e12a5305acd7b8fee8d19e9aa54e1807575b0248e7c53e94fe8a,0530be227f4a10c5545cce8d3db20ac5a4d76a66,REVIEW_REQUIRED,Unknown,true,REVIEW_REQUIRED,REVIEW_REQUIRED,KEEP_OPENPROJ,normalized content matches OpenProj baseline,
modules/microproject_core/src/main/java/com/microproject/script/object/Bar.java,microproject_core,java,HEAD,96f742239e2e1c80e418a7fd5e20be212300daa42d21b460585abb22ce8e496a,d2fa3c20a,openproj_core/src/com/projity/script/object/Bar.java,920c76542c20b16e54f71c72d30f6204da4be6ae3a7678df69068e2594c9bd52,0530be227f4a10c5545cce8d3db20ac5a4d76a66,REVIEW_REQUIRED,Unknown,true,REVIEW_REQUIRED,REVIEW_REQUIRED,KEEP_OPENPROJ,normalized content matches OpenProj baseline,
modules/microproject_core/src/main/java/com/microproject/script/object/Link.java,microproject_core,java,HEAD,a231efc6e4ab166d4578939bdbb8b88a9496021405f18d5ea3cc68ffc4583aae,d2fa3c20a,openproj_core/src/com/projity/script/object/Link.java,4b377b09f9e18a56b9ac59a35c0aa5c03439f54dc9aab9bcae7e41a71532cff8,0530be227f4a10c5545cce8d3db20ac5a4d76a66,REVIEW_REQUIRED,Unknown,true,REVIEW_REQUIRED,REVIEW_REQUIRED,KEEP_OPENPROJ,normalized content matches OpenProj baseline,
modules/microproject_core/src/main/java/com/microproject/script/object/LiteField.java,microproject_core,java,HEAD,a5f637d1da3023844c9b89110f7b9e7190c58ac8173b1223998c12cf7a68db7b,d2fa3c20a,openproj_core/src/com/projity/script/object/LiteField.java,a81b7510a888fb990db6d1f94219b95c7e4514635dd529c7c4e558040635bef7,0530be227f4a10c5545cce8d3db20ac5a4d76a66,REVIEW_REQUIRED,Unknown,true,REVIEW_REQUIRED,REVIEW_REQUIRED,KEEP_OPENPROJ,normalized content matches OpenProj baseline,
modules/microproject_core/src/main/java/com/microproject/script/object/LiteProject.java,microproject_core,java,HEAD,30e762a7b6aba3bcb57f8931107cf774a9e58a81cb520341e88d9909a21d2533,d2fa3c20a,openproj_core/src/com/projity/script/object/LiteProject.java,fdec2941773ce02d220b7590a42d7e089c4a4bff1c71cda13f7b7b70796e00a0,0530be227f4a10c5545cce8d3db20ac5a4d76a66,REVIEW_REQUIRED,Unknown,true,REVIEW_REQUIRED,REVIEW_REQUIRED,KEEP_OPENPROJ,normalized content matches OpenProj baseline,
modules/microproject_core/src/main/java/com/microproject/script/object/LiteResource.java,microproject_core,java,HEAD,9ebbbd05bec606682e10cba3f4b0a50d58acfadf075efee7fa0fd6e146647353,d2fa3c20a,openproj_core/src/com/projity/script/object/LiteResource.java,8f0e172df85c3ad0b5c6fa2fdbecc435aa9b40c7906dc3fb8ee014120ca7eca3,0530be227f4a10c5545cce8d3db20ac5a4d76a66,REVIEW_REQUIRED,Unknown,true,REVIEW_REQUIRED,REVIEW_REQUIRED,KEEP_OPENPROJ,normalized content matches OpenProj baseline,
modules/microproject_core/src/main/java/com/microproject/script/object/LiteResourcePool.java,microproject_core,java,HEAD,1149f5eec62da52570b4e5dbf152cd7b3587ccf3c7305b4648711ca4ba245d77,d2fa3c20a,openproj_core/src/com/projity/script/object/LiteResourcePool.java,e389259713435587e7255df123f200a54ac3715d8f35722fc3c7447370f76560,0530be227f4a10c5545cce8d3db20ac5a4d76a66,REVIEW_REQUIRED,Unknown,true,REVIEW_REQUIRED,REVIEW_REQUIRED,KEEP_OPENPROJ,normalized content matches OpenProj baseline,
modules/microproject_core/src/main/java/com/microproject/script/object/LiteTask.java,microproject_core,java,HEAD,f4f0ba9d3024a658fc3a6b56dc5205bd8fbbf2431da8bd65b70a710fe363d1ad,d2fa3c20a,openproj_core/src/com/projity/script/object/LiteTask.java,d646319caa3695d6cd36c91f4cc8cab074188e5c8cea301527c89f235bd8be27,0530be227f4a10c5545cce8d3db20ac5a4d76a66,REVIEW_REQUIRED,Unknown,true,REVIEW_REQUIRED,REVIEW_REQUIRED,KEEP_OPENPROJ,normalized content matches OpenProj baseline,
modules/microproject_core/src/main/java/com/microproject/script/object/LiteUser.java,microproject_core,java,HEAD,ceb6c2969a474ad73b8bc097933d5566930e4c362f3d1910f1de1279c3271322,d2fa3c20a,openproj_core/src/com/projity/script/object/LiteUser.java,abc0544446f3fea4e40f6f7dceefeaa574ff90980c823d6cfd891ba254a6e687,0530be227f4a10c5545cce8d3db20ac5a4d76a66,REVIEW_REQUIRED,Unknown,true,REVIEW_REQUIRED,REVIEW_REQUIRED,KEEP_OPENPROJ,normalized content matches OpenProj baseline,
modules/microproject_core/src/main/java/com/microproject/script/object/ReportData.java,microproject_core,java,HEAD,bb9458274c2e5f8fbce47ac523b05cd74e19d894de39589675175fe35f76243a,d2fa3c20a,openproj_core/src/com/projity/script/object/ReportData.java,1b58fd06d12162c233956fd7815a6687425ac7f80fa531f82a17ab69e37d7b11,0530be227f4a10c5545cce8d3db20ac5a4d76a66,REVIEW_REQUIRED,Unknown,true,REVIEW_REQUIRED,REVIEW_REQUIRED,KEEP_OPENPROJ,normalized content matches OpenProj baseline,
modules/microproject_core/src/main/java/com/microproject/script/object/Row.java,microproject_core,java,HEAD,02f369474ed90ccf18b6670b74618ac0a3b161cfe341f0d852151eb23861ec4d,d2fa3c20a,openproj_core/src/com/projity/script/object/Row.java,0b9aed11b4b85ccf71ded716bfac6d60ead101a684ea28e2a6ba3294982bf1d6,0530be227f4a10c5545cce8d3db20ac5a4d76a66,REVIEW_REQUIRED,Unknown,true,REVIEW_REQUIRED,REVIEW_REQUIRED,KEEP_OPENPROJ,normalized content matches OpenProj baseline,
modules/microproject_core/src/main/java/com/microproject/script/object/TimeIntervals.java,microproject_core,java,HEAD,2a78c80317e1b56ed6c40bae1ee3b8d511fee101b771e45f7895b94af29d1693,d2fa3c20a,openproj_core/src/com/projity/script/object/TimeIntervals.java,9c3c37dcb86d5c1c1ed72d464ac56351877cc60c5c4cfbf3074faee14e14b50f,0530be227f4a10c5545cce8d3db20ac5a4d76a66,REVIEW_REQUIRED,Unknown,false,REVIEW_REQUIRED,REVIEW_REQUIRED,REVIEW,OpenProj path exists but content differs; perform hunk-level comparison,
modules/microproject_core/src/main/java/com/microproject/script/object/TimeWindow.java,microproject_core,java,HEAD,b3590c92182ff416c1c150d48cf1afdab4fa027fc3020aa938878ac2aadb23c6,d2fa3c20a,openproj_core/src/com/projity/script/object/TimeWindow.java,18762d2f3aeff444e07975268b35d13d86e370e5585501c90b4708183a77835e,0530be227f4a10c5545cce8d3db20ac5a4d76a66,REVIEW_REQUIRED,Unknown,true,REVIEW_REQUIRED,REVIEW_REQUIRED,KEEP_OPENPROJ,normalized content matches OpenProj baseline,
modules/microproject_core/src/main/java/com/microproject/script/object/ValueBar.java,microproject_core,java,HEAD,6e7e20d62c7008bcf0742de77f3e70ac01d3a917240167aab5e61ea2aa0c7154,d2fa3c20a,openproj_core/src/com/projity/script/object/ValueBar.java,b3f4dc7a5ca374b19302625f9f7ee5fe6e29a3dafd1f8320cc721c096e0b2b23,0530be227f4a10c5545cce8d3db20ac5a4d76a66,REVIEW_REQUIRED,Unknown,true,REVIEW_REQUIRED,REVIEW_REQUIRED,KEEP_OPENPROJ,normalized content matches OpenProj baseline,
modules/microproject_core/src/main/java/com/microproject/scripting/Formula.java,microproject_core,java,HEAD,672c8dd0ad000fc4dfc53fabe54cf0028ac38a04f85c46460ccdbdbbe41f3f4d,d2fa3c20a,openproj_core/src/com/projity/scripting/Formula.java,f031c2d63fb418e78ff03ba69edbd54b49fab8eae7e0cbb62d3658cc7646d6d6,0530be227f4a10c5545cce8d3db20ac5a4d76a66,REVIEW_REQUIRED,Unknown,false,REVIEW_REQUIRED,REVIEW_REQUIRED,REVIEW,OpenProj path exists but content differs; perform hunk-level comparison,
modules/microproject_core/src/main/java/com/microproject/scripting/FormulaClass.java,microproject_core,java,HEAD,51e75be7ae71a07294e83590239d69e74b348c6476eeef7218b77fcbcca31b40,d2fa3c20a,openproj_core/src/com/projity/scripting/FormulaClass.java,2366642f2ccb5ff471af312d325d9e0af68ef1b9966aac047df8e3051e1b5b66,0530be227f4a10c5545cce8d3db20ac5a4d76a66,REVIEW_REQUIRED,Unknown,false,REVIEW_REQUIRED,REVIEW_REQUIRED,REVIEW,OpenProj path exists but content differs; perform hunk-level comparison,
modules/microproject_core/src/main/java/com/microproject/scripting/FormulaFactory.java,microproject_core,java,HEAD,6774700c0b469a45473af192e3418c49a0d3f5a5aef0dd0dd83592a1a53ee54d,d2fa3c20a,openproj_core/src/com/projity/scripting/FormulaFactory.java,1a48d1f0bf9a7a56b25f8d2cca98b46087d91b441c44ac587262020713037f01,0530be227f4a10c5545cce8d3db20ac5a4d76a66,REVIEW_REQUIRED,Unknown,false,REVIEW_REQUIRED,REVIEW_REQUIRED,REVIEW,OpenProj path exists but content differs; perform hunk-level comparison,
modules/microproject_core/src/main/java/com/microproject/scripting/GroovyClassCompiler.java,microproject_core,java,HEAD,54e2794a652c72ac1e0159f6a6082d471d10d2404a29ec4dae4376b922fa1ca6,d2fa3c20a,,,0530be227f4a10c5545cce8d3db20ac5a4d76a66,REVIEW_REQUIRED,Unknown,false,REVIEW_REQUIRED,REVIEW_REQUIRED,REVIEW,no path match in OpenProj baseline; classify origin manually,
modules/microproject_core/src/main/java/com/microproject/scripting/ScriptedFormula.java,microproject_core,java,HEAD,c290b564f722a3bd41e51e4d9b14658319215bf8154df8c1d626391de1ea9c06,d2fa3c20a,openproj_core/src/com/projity/scripting/ScriptedFormula.java,3549784e58fac027a7d5492a1562cf243228c6ab8123b23245b38811619d3866,0530be227f4a10c5545cce8d3db20ac5a4d76a66,REVIEW_REQUIRED,Unknown,false,REVIEW_REQUIRED,REVIEW_REQUIRED,REVIEW,OpenProj path exists but content differs; perform hunk-level comparison,
modules/microproject_core/src/main/java/com/microproject/scripting/formulas/AssignmentFormula.java,microproject_core,java,HEAD,527688289bddb89648aa0d2cc9f421d8a601a6c5ed5ce1363709142f08512c43,d2fa3c20a,openproj_core/src/com/projity/scripting/formulas/AssignmentFormula.java,573a6694ff28423db84a1a51efdd526d86d4f9b8b8110e41b7f8cc52b34a204c,0530be227f4a10c5545cce8d3db20ac5a4d76a66,REVIEW_REQUIRED,Unknown,false,REVIEW_REQUIRED,REVIEW_REQUIRED,REVIEW,OpenProj path exists but content differs; perform hunk-level comparison,
modules/microproject_core/src/main/java/com/microproject/scripting/formulas/BaselineTaskFormula.java,microproject_core,java,HEAD,250848b46490be6ea8cf3f77e0f4c8ae885c2d9c746c2966cc2f0f19f11b6b14,d2fa3c20a,openproj_core/src/com/projity/scripting/formulas/BaselineTaskFormula.java,5cbecf184c0034b39160893b5e67643e98f251ecbae5812ae40fe056ae6fe519,0530be227f4a10c5545cce8d3db20ac5a4d76a66,REVIEW_REQUIRED,Unknown,true,REVIEW_REQUIRED,REVIEW_REQUIRED,KEEP_OPENPROJ,normalized content matches OpenProj baseline,
modules/microproject_core/src/main/java/com/microproject/scripting/formulas/CriticalTaskFormula.java,microproject_core,java,HEAD,a4202ac14d9ed8a64ec83516b7200cbf3c8f4a1ade27ef08015d178688d72f67,d2fa3c20a,openproj_core/src/com/projity/scripting/formulas/CriticalTaskFormula.java,5694f19f4c0612b51fb11f59f8cfd5049083bf566f5c222e1026d4d0bf56288b,0530be227f4a10c5545cce8d3db20ac5a4d76a66,REVIEW_REQUIRED,Unknown,true,REVIEW_REQUIRED,REVIEW_REQUIRED,KEEP_OPENPROJ,normalized content matches OpenProj baseline,
modules/microproject_core/src/main/java/com/microproject/scripting/formulas/DeadlineTaskFormula.java,microproject_core,java,HEAD,b37851141b22bc70ad758f6322b177e6923ff9686fe466b0b936dabaef5ddbb9,d2fa3c20a,openproj_core/src/com/projity/scripting/formulas/DeadlineTaskFormula.java,efee0f0bf46ae5e110953de148b3b8902cbc1638034446444afe53d895c847d4,0530be227f4a10c5545cce8d3db20ac5a4d76a66,REVIEW_REQUIRED,Unknown,true,REVIEW_REQUIRED,REVIEW_REQUIRED,KEEP_OPENPROJ,normalized content matches OpenProj baseline,
modules/microproject_core/src/main/java/com/microproject/scripting/formulas/ExternalTaskFormula.java,microproject_core,java,HEAD,48d91f111d8bfe56bc9be545f08febad613a8823d822abd4ed802c480edb8c6f,d2fa3c20a,openproj_core/src/com/projity/scripting/formulas/ExternalTaskFormula.java,cd0ea987f357101638da1d1a77ebb331fff7e106acb20be10ee06bec240e52fc,0530be227f4a10c5545cce8d3db20ac5a4d76a66,REVIEW_REQUIRED,Unknown,true,REVIEW_REQUIRED,REVIEW_REQUIRED,KEEP_OPENPROJ,normalized content matches OpenProj baseline,
modules/microproject_core/src/main/java/com/microproject/scripting/formulas/MilestoneTaskFormula.java,microproject_core,java,HEAD,e968b7304fd43955ec89ebcf901e9380560f7857ae74a98c3650fdc494865856,d2fa3c20a,openproj_core/src/com/projity/scripting/formulas/MilestoneTaskFormula.java,853bdf396571d7b87f7c95a7c2fafef9e75c6f9371a43c315cea5ed4679c1306,0530be227f4a10c5545cce8d3db20ac5a4d76a66,REVIEW_REQUIRED,Unknown,true,REVIEW_REQUIRED,REVIEW_REQUIRED,KEEP_OPENPROJ,normalized content matches OpenProj baseline,
modules/microproject_core/src/main/java/com/microproject/scripting/formulas/NonCriticalTaskFormula.java,microproject_core,java,HEAD,6e0a6a366da6ea27b2bd2dbb8d1b0cb464668f4bc3f73241ba4af2506a2fcebe,d2fa3c20a,openproj_core/src/com/projity/scripting/formulas/NonCriticalTaskFormula.java,31f6d8448449389abb49c403ca6f52b387a4f18809d2d79053496312acfce95f,0530be227f4a10c5545cce8d3db20ac5a4d76a66,REVIEW_REQUIRED,Unknown,true,REVIEW_REQUIRED,REVIEW_REQUIRED,KEEP_OPENPROJ,normalized content matches OpenProj baseline,
modules/microproject_core/src/main/java/com/microproject/scripting/formulas/NormalTaskFormula.java,microproject_core,java,HEAD,54f4cf3ae19f1e2677c5958b4cf3b7cb5114f87016662429d94b3fcaa9137e35,d2fa3c20a,openproj_core/src/com/projity/scripting/formulas/NormalTaskFormula.java,855902fcb7a8a02e4eb2b6676e3bc7eec8cfd19d650fc8eb7ac2aa81b313c074,0530be227f4a10c5545cce8d3db20ac5a4d76a66,REVIEW_REQUIRED,Unknown,true,REVIEW_REQUIRED,REVIEW_REQUIRED,KEEP_OPENPROJ,normalized content matches OpenProj baseline,
modules/microproject_core/src/main/java/com/microproject/scripting/formulas/ResourceNodeFormula.java,microproject_core,java,HEAD,253a0e22fd2e054c91236a00b86b8cbb0071f96b9d8e952f2cef6e82831fbe7a,d2fa3c20a,,,0530be227f4a10c5545cce8d3db20ac5a4d76a66,REVIEW_REQUIRED,Unknown,false,REVIEW_REQUIRED,REVIEW_REQUIRED,REVIEW,no path match in OpenProj baseline; classify origin manually,
modules/microproject_core/src/main/java/com/microproject/scripting/formulas/SubprojectTaskFormula.java,microproject_core,java,HEAD,7d6e56a4eb9bbb13a9f4a8820c4c91bba9e73bd79ed89f591777258483873d4d,d2fa3c20a,openproj_core/src/com/projity/scripting/formulas/SubprojectTaskFormula.java,f5fae2c01008eb6e84b8b656a39af70a526e2f77624f15f629065e07e45fbd22,0530be227f4a10c5545cce8d3db20ac5a4d76a66,REVIEW_REQUIRED,Unknown,true,REVIEW_REQUIRED,REVIEW_REQUIRED,KEEP_OPENPROJ,normalized content matches OpenProj baseline,
modules/microproject_core/src/main/java/com/microproject/scripting/formulas/SummaryNodeFormula.java,microproject_core,java,HEAD,5e15f0203bb0c3faeff690ee15e3db6ecbffd539847d33e0795ade9b82773f24,d2fa3c20a,,,0530be227f4a10c5545cce8d3db20ac5a4d76a66,REVIEW_REQUIRED,Unknown,false,REVIEW_REQUIRED,REVIEW_REQUIRED,REVIEW,no path match in OpenProj baseline; classify origin manually,
modules/microproject_core/src/main/java/com/microproject/scripting/formulas/SummaryTaskFormula.java,microproject_core,java,HEAD,0187f3917cadb7725ae72170ef5304a7f90dbd025dac602a65e74cf39770d8e2,d2fa3c20a,openproj_core/src/com/projity/scripting/formulas/SummaryTaskFormula.java,5705c64eb2188a3bc571c70f43cc81e9ed62c7367f356eae7f44ddf16a31a20d,0530be227f4a10c5545cce8d3db20ac5a4d76a66,REVIEW_REQUIRED,Unknown,true,REVIEW_REQUIRED,REVIEW_REQUIRED,KEEP_OPENPROJ,normalized content matches OpenProj baseline,
modules/microproject_core/src/main/java/com/microproject/scripting/formulas/TaskFormula.java,microproject_core,java,HEAD,48a758043f78db039f2a27191c73663438934b5970c5b7ec431bed81a764f473,d2fa3c20a,openproj_core/src/com/projity/scripting/formulas/TaskFormula.java,a93df6104ee0c1124665d5369d59a0daff74dbd516645e5db3fe333a15913433,0530be227f4a10c5545cce8d3db20ac5a4d76a66,REVIEW_REQUIRED,Unknown,false,REVIEW_REQUIRED,REVIEW_REQUIRED,REVIEW,OpenProj path exists but content differs; perform hunk-level comparison,
modules/microproject_core/src/main/java/com/microproject/scripting/formulas/TrueFormula.java,microproject_core,java,HEAD,d068f02aabb49d35bed5dd407e821dc09c08053e48e4b562572a17c3342eab9b,d2fa3c20a,openproj_core/src/com/projity/scripting/formulas/TrueFormula.java,5c3d9e35544b3686687a80fb1af96485b11fe4c783614e9706f602782e252871,0530be227f4a10c5545cce8d3db20ac5a4d76a66,REVIEW_REQUIRED,Unknown,true,REVIEW_REQUIRED,REVIEW_REQUIRED,KEEP_OPENPROJ,normalized content matches OpenProj baseline,
modules/microproject_core/src/main/java/com/microproject/server/access/ErrorLogger.java,microproject_core,java,HEAD,73b4f778dc054b57d28eb0b2d5db7607b5570764730fba63b11d7b4991af5a34,d2fa3c20a,openproj_core/src/com/projity/server/access/ErrorLogger.java,8148ac9dcae43827b8577296ed5775e68ffdf89e00a3e6c10eb863751d82d8f9,0530be227f4a10c5545cce8d3db20ac5a4d76a66,REVIEW_REQUIRED,Unknown,false,REVIEW_REQUIRED,REVIEW_REQUIRED,REVIEW,OpenProj path exists but content differs; perform hunk-level comparison,
modules/microproject_core/src/main/java/com/microproject/server/access/PartnerInfo.java,microproject_core,java,HEAD,1051ee7826045107fa68c4035810bb6c8e0c6b67bd9b2771543c38e3d7402f9e,d2fa3c20a,openproj_core/src/com/projity/server/access/PartnerInfo.java,0dcf64743f9f7eeb9049bd4ff8096cec9d938af609302a17215eabb28198408c,0530be227f4a10c5545cce8d3db20ac5a4d76a66,REVIEW_REQUIRED,Unknown,true,REVIEW_REQUIRED,REVIEW_REQUIRED,KEEP_OPENPROJ,normalized content matches OpenProj baseline,
modules/microproject_core/src/main/java/com/microproject/server/data/CalendarData.java,microproject_core,java,HEAD,b95ea11cf31c16cd3f7c12e1c66d11da9817d4ab16d26ded559fa2c384fdc81f,d2fa3c20a,,,0530be227f4a10c5545cce8d3db20ac5a4d76a66,REVIEW_REQUIRED,Unknown,false,REVIEW_REQUIRED,REVIEW_REQUIRED,REVIEW,no path match in OpenProj baseline; classify origin manually,
modules/microproject_core/src/main/java/com/microproject/server/data/CommonDataObject.java,microproject_core,java,HEAD,24f6e85da92f54d1ff0e3cb0103580351cebc186ccc90def255f4dc8e6dfb536,d2fa3c20a,openproj_core/src/com/projity/server/data/CommonDataObject.java,2eaf78d4263ff17e46956256f262db9e264840d03dc6d53ab2965828fe9fa628,0530be227f4a10c5545cce8d3db20ac5a4d76a66,REVIEW_REQUIRED,Unknown,false,REVIEW_REQUIRED,REVIEW_REQUIRED,REVIEW,OpenProj path exists but content differs; perform hunk-level comparison,
modules/microproject_core/src/main/java/com/microproject/server/data/DataObject.java,microproject_core,java,HEAD,d24a4245ec8253a966a21af91867f5a9a8d40c6e8fd2639b9d05655e42a5b58e,d2fa3c20a,openproj_core/src/com/projity/server/data/DataObject.java,fc59ee95987baf6ac2ee14ad6a0328aa6c44f162c0768945d59937b626506921,0530be227f4a10c5545cce8d3db20ac5a4d76a66,REVIEW_REQUIRED,Unknown,true,REVIEW_REQUIRED,REVIEW_REQUIRED,KEEP_OPENPROJ,normalized content matches OpenProj baseline,
modules/microproject_core/src/main/java/com/microproject/server/data/DataObjectConstants.java,microproject_core,java,HEAD,81661a40b11a8c017a2a80bc715deca0cb97ef80a70f46817089442605ad0d51,d2fa3c20a,openproj_core/src/com/projity/server/data/DataObjectConstants.java,6617386295e2ca4012eae342758a0f0d0420fbf898527e13bd1399b25adec998,0530be227f4a10c5545cce8d3db20ac5a4d76a66,REVIEW_REQUIRED,Unknown,true,REVIEW_REQUIRED,REVIEW_REQUIRED,KEEP_OPENPROJ,normalized content matches OpenProj baseline,
modules/microproject_core/src/main/java/com/microproject/server/data/DataUtil.java,microproject_core,java,HEAD,a51734e6584643d0bccb5dacd34023ebdbbe0cd356343a18fa1a213600b19bc0,d2fa3c20a,openproj_core/src/com/projity/server/data/DataUtil.java,811ce443c17129c98a7077dadb890bb756c0e3d03cb8adaa2a8c7023c22f2d4d,0530be227f4a10c5545cce8d3db20ac5a4d76a66,REVIEW_REQUIRED,Unknown,false,REVIEW_REQUIRED,REVIEW_REQUIRED,REVIEW,OpenProj path exists but content differs; perform hunk-level comparison,
modules/microproject_core/src/main/java/com/microproject/server/data/DistributionComparator.java,microproject_core,java,HEAD,2592cfd98a88de8e55bb116776146c92cbe88a1e5f9a409b221aedba5fc0d632,d2fa3c20a,openproj_core/src/com/projity/server/data/DistributionComparator.java,6b3c9f110582c2be70c09871d1ba4e161eb197aeac6a0ebe06b7ea968023eaf0,0530be227f4a10c5545cce8d3db20ac5a4d76a66,REVIEW_REQUIRED,Unknown,true,REVIEW_REQUIRED,REVIEW_REQUIRED,KEEP_OPENPROJ,normalized content matches OpenProj baseline,
modules/microproject_core/src/main/java/com/microproject/server/data/DistributionConverter.java,microproject_core,java,HEAD,fd47ad3b991ff5f1bc082fee4f978b2d266079b9bebba0f599ba148282ae49f1,d2fa3c20a,openproj_core/src/com/projity/server/data/DistributionConverter.java,95af08adbdced8223d28a7a7fd51cf1aba394a1488e00f53d82953613007f5af,0530be227f4a10c5545cce8d3db20ac5a4d76a66,REVIEW_REQUIRED,Unknown,false,REVIEW_REQUIRED,REVIEW_REQUIRED,REVIEW,OpenProj path exists but content differs; perform hunk-level comparison,
modules/microproject_core/src/main/java/com/microproject/server/data/DistributionData.java,microproject_core,java,HEAD,1a16454d30bf9b2c16c7b1ab59fb022332d6c51ea3518e7087beffb10c808753,d2fa3c20a,openproj_core/src/com/projity/server/data/DistributionData.java,4b4187a616f6ddf34574ff4a9c92372d9e0fdb29d306cfbbb97fe12c3daa17ea,0530be227f4a10c5545cce8d3db20ac5a4d76a66,REVIEW_REQUIRED,Unknown,false,REVIEW_REQUIRED,REVIEW_REQUIRED,REVIEW,OpenProj path exists but content differs; perform hunk-level comparison,
modules/microproject_core/src/main/java/com/microproject/server/data/DocumentData.java,microproject_core,java,HEAD,1884dd9e7d74d658c47bcd23d30c7c323e4b4ad5aad818870021e7e490a96ec6,d2fa3c20a,openproj_core/src/com/projity/server/data/DocumentData.java,9e559e77cb6e7540c6a3034887b10d01dd0f0f80ca839ae3338001f44247d4d5,0530be227f4a10c5545cce8d3db20ac5a4d76a66,REVIEW_REQUIRED,Unknown,false,REVIEW_REQUIRED,REVIEW_REQUIRED,REVIEW,OpenProj path exists but content differs; perform hunk-level comparison,
modules/microproject_core/src/main/java/com/microproject/server/data/ExtendedDistributionData.java,microproject_core,java,HEAD,fb0fb3b7a1369efd069cd4841ebfebd5936e4ed7d9a05321e3681982d7e5381b,d2fa3c20a,openproj_core/src/com/projity/server/data/ExtendedDistributionData.java,9fcff09a12fb6132a1da8e6c1fa62c0fcbf742cbaf3ef6c3146da9a7ab4f91f3,0530be227f4a10c5545cce8d3db20ac5a4d76a66,REVIEW_REQUIRED,Unknown,true,REVIEW_REQUIRED,REVIEW_REQUIRED,KEEP_OPENPROJ,normalized content matches OpenProj baseline,
modules/microproject_core/src/main/java/com/microproject/server/data/IDGenerator.java,microproject_core,java,HEAD,b90a165b24e77510d87e657fe2e7a76dcc330f5f8eae1c0dbda435f090b9d2a9,d2fa3c20a,openproj_core/src/com/projity/server/data/IDGenerator.java,aa983eead2a58912717b2b90dd2a0f6f130b1431be34e77c023db250d3c1c5b9,0530be227f4a10c5545cce8d3db20ac5a4d76a66,REVIEW_REQUIRED,Unknown,true,REVIEW_REQUIRED,REVIEW_REQUIRED,KEEP_OPENPROJ,normalized content matches OpenProj baseline,
modules/microproject_core/src/main/java/com/microproject/server/data/ProjectData.java,microproject_core,java,HEAD,da88c4a7c561dfdd47220788cbc4a13b7fa1f739cdbd57c6d970932174f2f669,d2fa3c20a,,,0530be227f4a10c5545cce8d3db20ac5a4d76a66,REVIEW_REQUIRED,Unknown,false,REVIEW_REQUIRED,REVIEW_REQUIRED,REVIEW,no path match in OpenProj baseline; classify origin manually,
modules/microproject_core/src/main/java/com/microproject/server/data/SerializedDataObject.java,microproject_core,java,HEAD,8bb858bf8cddbb16dc9c4afd1b076173977c4f778d56bf467c038afd530029b8,d2fa3c20a,openproj_core/src/com/projity/server/data/SerializedDataObject.java,7e95b0736b7a345eaa54b8589c511f55ca1df4ce627008b687dde546ba66a00a,0530be227f4a10c5545cce8d3db20ac5a4d76a66,REVIEW_REQUIRED,Unknown,false,REVIEW_REQUIRED,REVIEW_REQUIRED,REVIEW,OpenProj path exists but content differs; perform hunk-level comparison,
modules/microproject_core/src/main/java/com/microproject/server/data/SerializedDataObjectFactory.java,microproject_core,java,HEAD,6b95ebe1ddda8c20158bed292c6263326be6aa9dfa8e462a7ced4e25a3ff7ed2,d2fa3c20a,openproj_core/src/com/projity/server/data/SerializedDataObjectFactory.java,3dcf6e5816c2420e645075b5c855f49059c447dadbdf1a8dd41e28237389c9de,0530be227f4a10c5545cce8d3db20ac5a4d76a66,REVIEW_REQUIRED,Unknown,true,REVIEW_REQUIRED,REVIEW_REQUIRED,KEEP_OPENPROJ,normalized content matches OpenProj baseline,
modules/microproject_core/src/main/java/com/microproject/session/AbstractSession.java,microproject_core,java,HEAD,63f8ee0c40c135e5532d4c6986ac072a75b07b1016881d2be453b0f8b98753e1,d2fa3c20a,openproj_core/src/com/projity/session/AbstractSession.java,0b20d1c50dbe7623b95f68f05830244227c955cbc08f9b2e2025ddffd120c849,0530be227f4a10c5545cce8d3db20ac5a4d76a66,REVIEW_REQUIRED,Unknown,false,REVIEW_REQUIRED,REVIEW_REQUIRED,REVIEW,OpenProj path exists but content differs; perform hunk-level comparison,
modules/microproject_core/src/main/java/com/microproject/session/CreateOptions.java,microproject_core,java,HEAD,285ba9c6387b087d5b4f0144d745911f51564b641501f929d6ea1c2195ff76ba,d2fa3c20a,openproj_core/src/com/projity/session/CreateOptions.java,fb5b84b1d7ae617e2b90bacf22f239718cee2b7743f95a34277ff08017113a7a,0530be227f4a10c5545cce8d3db20ac5a4d76a66,REVIEW_REQUIRED,Unknown,true,REVIEW_REQUIRED,REVIEW_REQUIRED,KEEP_OPENPROJ,normalized content matches OpenProj baseline,
modules/microproject_core/src/main/java/com/microproject/session/FileHelper.java,microproject_core,java,HEAD,0a4f64fda4c24469ed3991123e4edd34a2e8b922a504024b2e9db826e6887541,d2fa3c20a,openproj_core/src/com/projity/session/FileHelper.java,7eebafa8ba021deefb2b84797c64d792bdf14ebf0ad15fd15398d1eb80e7672a,0530be227f4a10c5545cce8d3db20ac5a4d76a66,REVIEW_REQUIRED,Unknown,false,REVIEW_REQUIRED,REVIEW_REQUIRED,REVIEW,OpenProj path exists but content differs; perform hunk-level comparison,
modules/microproject_core/src/main/java/com/microproject/session/LoadOptions.java,microproject_core,java,HEAD,994aad11b27ab2e93e17fa08fc53c15303330507a637b47771aa39585442f58d,d2fa3c20a,openproj_core/src/com/projity/session/LoadOptions.java,85b1bc38d36261fddc8f6ea506ec66f250a4fd54ce17ae8447610d2a5c13a03c,0530be227f4a10c5545cce8d3db20ac5a4d76a66,REVIEW_REQUIRED,Unknown,false,REVIEW_REQUIRED,REVIEW_REQUIRED,REVIEW,OpenProj path exists but content differs; perform hunk-level comparison,
modules/microproject_core/src/main/java/com/microproject/session/LocalSession.java,microproject_core,java,HEAD,660f4f082c6dfae76c3a31abcd86334c1bc59cf6cefa9a4e62a610db7dc459c5,d2fa3c20a,openproj_core/src/com/projity/session/LocalSession.java,071758e49a5d32c514229d24f225f27b771c8e5101093c966b762ab980c29672,0530be227f4a10c5545cce8d3db20ac5a4d76a66,REVIEW_REQUIRED,Unknown,false,REVIEW_REQUIRED,REVIEW_REQUIRED,REVIEW,OpenProj path exists but content differs; perform hunk-level comparison,
modules/microproject_core/src/main/java/com/microproject/session/SaveOptions.java,microproject_core,java,HEAD,0c6aa87cfc7725e247000a1a6fdd75eb3837a97b342fda1c519c45a1dd2c330b,d2fa3c20a,openproj_core/src/com/projity/session/SaveOptions.java,52c1c857d004802a23e3badfedef28c802665696d2dd373e4083ab584f35dbed,0530be227f4a10c5545cce8d3db20ac5a4d76a66,REVIEW_REQUIRED,Unknown,false,REVIEW_REQUIRED,REVIEW_REQUIRED,REVIEW,OpenProj path exists but content differs; perform hunk-level comparison,
modules/microproject_core/src/main/java/com/microproject/session/Session.java,microproject_core,java,HEAD,a6331d0c19fbc7c7d6cabf969026e0e41422b219e0df754e4d34b460777284c1,d2fa3c20a,openproj_core/src/com/projity/session/Session.java,187d3e27243233e39e81c8f1a1b78de8a73126f35b13814d2da73fb508f78f08,0530be227f4a10c5545cce8d3db20ac5a4d76a66,REVIEW_REQUIRED,Unknown,false,REVIEW_REQUIRED,REVIEW_REQUIRED,REVIEW,OpenProj path exists but content differs; perform hunk-level comparison,
modules/microproject_core/src/main/java/com/microproject/session/SessionFactory.java,microproject_core,java,HEAD,dd821ee567cfdce220dcc66db6bd1c9d8f4e6b818a37444b85c562c98b271e7a,d2fa3c20a,openproj_core/src/com/projity/session/SessionFactory.java,72e1063a60263ed02841cfbb975d17b17ca023244b2660fcabdad277fb49d823,0530be227f4a10c5545cce8d3db20ac5a4d76a66,REVIEW_REQUIRED,Unknown,false,REVIEW_REQUIRED,REVIEW_REQUIRED,REVIEW,OpenProj path exists but content differs; perform hunk-level comparison,
modules/microproject_core/src/main/java/com/microproject/strings/DirectoryClassLoader.java,microproject_core,java,HEAD,effb2862c23b1111372875902da670c8cd458bffa4fcc8ff0a092387df61c17f,d2fa3c20a,openproj_core/src/com/projity/strings/DirectoryClassLoader.java,b7e0882952f7127ba8f0eaf92b981a76857e74228c303ba2606a385152540c82,0530be227f4a10c5545cce8d3db20ac5a4d76a66,REVIEW_REQUIRED,Unknown,false,REVIEW_REQUIRED,REVIEW_REQUIRED,REVIEW,OpenProj path exists but content differs; perform hunk-level comparison,
modules/microproject_core/src/main/java/com/microproject/strings/Messages.java,microproject_core,java,HEAD,8670a51de189e973246162b51884f7023df0c3964dba5b3e5dee0be66003a3db,d2fa3c20a,openproj_core/src/com/projity/strings/Messages.java,4f42a22a9d9af837398917207097ca01359bf26991b5893133e86d822b4b9627,0530be227f4a10c5545cce8d3db20ac5a4d76a66,REVIEW_REQUIRED,Unknown,false,REVIEW_REQUIRED,REVIEW_REQUIRED,REVIEW,OpenProj path exists but content differs; perform hunk-level comparison,
modules/microproject_core/src/main/java/com/microproject/temporary/TemporaryCleanupQueue.java,microproject_core,java,HEAD,0ee23b6a74dec1dad7ddf3033af180f245f02fdca493d6af0313ced90c2f24ea,d2fa3c20a,,,0530be227f4a10c5545cce8d3db20ac5a4d76a66,REVIEW_REQUIRED,Unknown,false,REVIEW_REQUIRED,REVIEW_REQUIRED,REVIEW,no path match in OpenProj baseline; classify origin manually,
modules/microproject_core/src/main/java/com/microproject/timescale/CalendarUtil.java,microproject_core,java,HEAD,2f800637375eb006b77ef6d7af6c10602cfb060c81df04d59984d115c6520652,d2fa3c20a,openproj_core/src/com/projity/timescale/CalendarUtil.java,6d76b56799211053aceb2944b94f899ecd2a42940ecd2baaf87b8890c37ef095,0530be227f4a10c5545cce8d3db20ac5a4d76a66,REVIEW_REQUIRED,Unknown,true,REVIEW_REQUIRED,REVIEW_REQUIRED,KEEP_OPENPROJ,normalized content matches OpenProj baseline,
modules/microproject_core/src/main/java/com/microproject/timescale/ExtendedDateFormat.java,microproject_core,java,HEAD,4c10d73d1ab0ab9241c7d17f9a61b44545d42051103cbd8fe4ed8e81a3039463,d2fa3c20a,openproj_core/src/com/projity/timescale/ExtendedDateFormat.java,68e2f160c04d2faec0751c93c1c8c3ed07683e7e84a6bd0d23f9469ba0bb79eb,0530be227f4a10c5545cce8d3db20ac5a4d76a66,REVIEW_REQUIRED,Unknown,true,REVIEW_REQUIRED,REVIEW_REQUIRED,KEEP_OPENPROJ,normalized content matches OpenProj baseline,
modules/microproject_core/src/main/java/com/microproject/timescale/TimeInterval.java,microproject_core,java,HEAD,4ae4e13b6070ab15c123dfb337f2352baf5747b06dba2745991f4647335570eb,d2fa3c20a,openproj_core/src/com/projity/timescale/TimeInterval.java,8202e14668f17228e6c19f82a86710063f07555e33b965ba62983b9b4e636f22,0530be227f4a10c5545cce8d3db20ac5a4d76a66,REVIEW_REQUIRED,Unknown,false,REVIEW_REQUIRED,REVIEW_REQUIRED,REVIEW,OpenProj path exists but content differs; perform hunk-level comparison,
modules/microproject_core/src/main/java/com/microproject/timescale/TimeIterator.java,microproject_core,java,HEAD,f4101ddb91e2c7fc091a3f934a37eada29f605bfd6d11ca7e265aa16de855715,d2fa3c20a,openproj_core/src/com/projity/timescale/TimeIterator.java,7b9dab0efcc141f2043655f22680646a035719aca28c4503f1e73256b4a28300,0530be227f4a10c5545cce8d3db20ac5a4d76a66,REVIEW_REQUIRED,Unknown,true,REVIEW_REQUIRED,REVIEW_REQUIRED,KEEP_OPENPROJ,normalized content matches OpenProj baseline,
modules/microproject_core/src/main/java/com/microproject/timescale/TimeScale.java,microproject_core,java,HEAD,4207ad2e39724c79c645e1d7fc39ce95f17a94c8ad19b6a128d487691aa32fa6,d2fa3c20a,openproj_core/src/com/projity/timescale/TimeScale.java,b0b46ed59c7be9df93b7f5dd3bdeb501d528522d9f32b74a8f2203c28d5104b5,0530be227f4a10c5545cce8d3db20ac5a4d76a66,REVIEW_REQUIRED,Unknown,false,REVIEW_REQUIRED,REVIEW_REQUIRED,REVIEW,OpenProj path exists but content differs; perform hunk-level comparison,
modules/microproject_core/src/main/java/com/microproject/timescale/TimeScaleEvent.java,microproject_core,java,HEAD,ec2ba2bb757d2aaaf6cd8eef05b13b30196e4783e11b7e9be92d82e4ccd5cba3,d2fa3c20a,openproj_core/src/com/projity/timescale/TimeScaleEvent.java,a34c3a37c29f7ecf2571bb87e234a9ff80c35139fe061caee9f8cc779aa5a9de,0530be227f4a10c5545cce8d3db20ac5a4d76a66,REVIEW_REQUIRED,Unknown,true,REVIEW_REQUIRED,REVIEW_REQUIRED,KEEP_OPENPROJ,normalized content matches OpenProj baseline,
modules/microproject_core/src/main/java/com/microproject/timescale/TimeScaleListener.java,microproject_core,java,HEAD,b055742beee4b116ac75fe3bdc3c4c38f2191d2d898b7090a64fc765bd776c63,d2fa3c20a,openproj_core/src/com/projity/timescale/TimeScaleListener.java,70f613ee3f349db5f713264403cff0c6b32f4b3a50f4e98cadb8fcd169bbe61a,0530be227f4a10c5545cce8d3db20ac5a4d76a66,REVIEW_REQUIRED,Unknown,true,REVIEW_REQUIRED,REVIEW_REQUIRED,KEEP_OPENPROJ,normalized content matches OpenProj baseline,
modules/microproject_core/src/main/java/com/microproject/timescale/TimeScaleManager.java,microproject_core,java,HEAD,3660c621b54b448b008d685e6fdb909e5c5d0c2d4c5910fb4686265e76fa5f6a,d2fa3c20a,openproj_core/src/com/projity/timescale/TimeScaleManager.java,3fa95e6c0f01c312db5eb46a2d9e2bfb02f080737a411081c3c41ff9645dc377,0530be227f4a10c5545cce8d3db20ac5a4d76a66,REVIEW_REQUIRED,Unknown,false,REVIEW_REQUIRED,REVIEW_REQUIRED,REVIEW,OpenProj path exists but content differs; perform hunk-level comparison,
modules/microproject_core/src/main/java/com/microproject/transaction/MultipleTransaction.java,microproject_core,java,HEAD,4e9c88d3c38ac0c06f670107106311c967429aa849be6d0c184fdd316315cf12,d2fa3c20a,openproj_core/src/com/projity/transaction/MultipleTransaction.java,bf20544e1c6627206c5c825b2a6557ad3d11f9de597f887665ff20a4b70369d9,0530be227f4a10c5545cce8d3db20ac5a4d76a66,REVIEW_REQUIRED,Unknown,true,REVIEW_REQUIRED,REVIEW_REQUIRED,KEEP_OPENPROJ,normalized content matches OpenProj baseline,
modules/microproject_core/src/main/java/com/microproject/transaction/MultipleTransactionManager.java,microproject_core,java,HEAD,81515413769e63bd218045df1652b38ea70a3d1086d17b468f53e294bf8d4eb5,d2fa3c20a,openproj_core/src/com/projity/transaction/MultipleTransactionManager.java,52e3768e69d2e896bba85ea305ea18de8767c900977d82353447069b6284420e,0530be227f4a10c5545cce8d3db20ac5a4d76a66,REVIEW_REQUIRED,Unknown,true,REVIEW_REQUIRED,REVIEW_REQUIRED,KEEP_OPENPROJ,normalized content matches OpenProj baseline,
modules/microproject_core/src/main/java/com/microproject/undo/AssignmentCreationEdit.java,microproject_core,java,HEAD,75616351546b55fe5ef8c5246abd7c751c9d47213ce30234d8e89e4660393998,d2fa3c20a,openproj_core/src/com/projity/undo/AssignmentCreationEdit.java,ea1d7c483fa9c5459ccd68f462f919f5bb1fc29d1c295a99b156da0073be10e5,0530be227f4a10c5545cce8d3db20ac5a4d76a66,REVIEW_REQUIRED,Unknown,true,REVIEW_REQUIRED,REVIEW_REQUIRED,KEEP_OPENPROJ,normalized content matches OpenProj baseline,
modules/microproject_core/src/main/java/com/microproject/undo/AssignmentDeletionEdit.java,microproject_core,java,HEAD,4b0a2651039ba556ee91c5add7f6ebe08085ae807142512f82cb74019f244b54,d2fa3c20a,openproj_core/src/com/projity/undo/AssignmentDeletionEdit.java,6455c3358e9e4493f35b2d26ab2e987cf3503cf56946de72786e8515952995f6,0530be227f4a10c5545cce8d3db20ac5a4d76a66,REVIEW_REQUIRED,Unknown,true,REVIEW_REQUIRED,REVIEW_REQUIRED,KEEP_OPENPROJ,normalized content matches OpenProj baseline,
modules/microproject_core/src/main/java/com/microproject/undo/AssignmentDetailStateEdit.java,microproject_core,java,HEAD,654eba97f6ca52ad7a46ddfe892ee10e3bc1806ea88534aac9b677a1fa89a5df,d2fa3c20a,,,0530be227f4a10c5545cce8d3db20ac5a4d76a66,REVIEW_REQUIRED,Unknown,false,REVIEW_REQUIRED,REVIEW_REQUIRED,REVIEW,no path match in OpenProj baseline; classify origin manually,
modules/microproject_core/src/main/java/com/microproject/undo/AssignmentSetFieldsEdit.java,microproject_core,java,HEAD,47d7acb0744857c6165909e94937c1fa0cdc94cf346d68fa7ded399aadc9b7cc,d2fa3c20a,openproj_core/src/com/projity/undo/AssignmentSetFieldsEdit.java,565eca7a1e2bac5a19b23271753dcb95e152581ffb1131325ae662dfada999a7,0530be227f4a10c5545cce8d3db20ac5a4d76a66,REVIEW_REQUIRED,Unknown,false,REVIEW_REQUIRED,REVIEW_REQUIRED,REVIEW,OpenProj path exists but content differs; perform hunk-level comparison,
modules/microproject_core/src/main/java/com/microproject/undo/CalendarEdit.java,microproject_core,java,HEAD,b1e23739bb705c3b928fdb58cbd3b8d8a6a763e951593c9243384fcbedc6d726,d2fa3c20a,openproj_core/src/com/projity/undo/CalendarEdit.java,6e8eac1577bece1bbc95fae6564f77440cdfb9e1dcad95c20383c0381f286836,0530be227f4a10c5545cce8d3db20ac5a4d76a66,REVIEW_REQUIRED,Unknown,true,REVIEW_REQUIRED,REVIEW_REQUIRED,KEEP_OPENPROJ,normalized content matches OpenProj baseline,
modules/microproject_core/src/main/java/com/microproject/undo/ClearSnapshotEdit.java,microproject_core,java,HEAD,a3423471cf5cf147d38901018d78da1e1940a1807ccc3ce484261474fcfaca41,d2fa3c20a,openproj_core/src/com/projity/undo/ClearSnapshotEdit.java,79451537016149c2d6e5ac4ca48fe32856df4d86453f7f3229c1b69ee9719d93,0530be227f4a10c5545cce8d3db20ac5a4d76a66,REVIEW_REQUIRED,Unknown,false,REVIEW_REQUIRED,REVIEW_REQUIRED,REVIEW,OpenProj path exists but content differs; perform hunk-level comparison,
modules/microproject_core/src/main/java/com/microproject/undo/CommandInfo.java,microproject_core,java,HEAD,bb6eb7681e8fd8744803d5595ac3636ec1ef450be5bd8f64bf71abfa8c0003bd,d2fa3c20a,openproj_core/src/com/projity/undo/CommandInfo.java,37d00fdb6ef94640011a18604e8f2956c479410b90262e1d3ca56f8c2a98ca34,0530be227f4a10c5545cce8d3db20ac5a4d76a66,REVIEW_REQUIRED,Unknown,false,REVIEW_REQUIRED,REVIEW_REQUIRED,REVIEW,OpenProj path exists but content differs; perform hunk-level comparison,
modules/microproject_core/src/main/java/com/microproject/undo/DataFactoryUndoController.java,microproject_core,java,HEAD,0388dba9523517e177151f5d9cbda8b9f924cfa6a57937ac24d85f4981d35726,d2fa3c20a,openproj_core/src/com/projity/undo/DataFactoryUndoController.java,2ff47d756cd6ba1328035aa00bca2c0c28187aa1079b7b126714aecf82287f6b,0530be227f4a10c5545cce8d3db20ac5a4d76a66,REVIEW_REQUIRED,Unknown,true,REVIEW_REQUIRED,REVIEW_REQUIRED,KEEP_OPENPROJ,normalized content matches OpenProj baseline,
modules/microproject_core/src/main/java/com/microproject/undo/DependencyCreationEdit.java,microproject_core,java,HEAD,8693e300d85e90994e51ae6a0d1c7ec8172731e26a8092ea6b9c53c43b1940c8,d2fa3c20a,openproj_core/src/com/projity/undo/DependencyCreationEdit.java,172af81ebcf571bd536fe7ebe019eba254ec8c0996fa994832b8ec06cb7ad6c6,0530be227f4a10c5545cce8d3db20ac5a4d76a66,REVIEW_REQUIRED,Unknown,true,REVIEW_REQUIRED,REVIEW_REQUIRED,KEEP_OPENPROJ,normalized content matches OpenProj baseline,
modules/microproject_core/src/main/java/com/microproject/undo/DependencyDeletionEdit.java,microproject_core,java,HEAD,c7d92ee01dae4290d84db5fbad10d9b35ed7afc17549667a04a7700470d636ce,d2fa3c20a,openproj_core/src/com/projity/undo/DependencyDeletionEdit.java,f74d0991383eab4a9bcb9ded4443fb2d1245ac166242a68455258e4a855a6002,0530be227f4a10c5545cce8d3db20ac5a4d76a66,REVIEW_REQUIRED,Unknown,true,REVIEW_REQUIRED,REVIEW_REQUIRED,KEEP_OPENPROJ,normalized content matches OpenProj baseline,
modules/microproject_core/src/main/java/com/microproject/undo/DependencySetFieldsEdit.java,microproject_core,java,HEAD,e12a3c3d98acdca81419eafb2e4748e1ee7c59dbaaf5eb397ead5cc2c198fd18,d2fa3c20a,openproj_core/src/com/projity/undo/DependencySetFieldsEdit.java,33c9b73d8d33ef5cdb1fc8ad727c2762d778c7d83a05c735a4da1059a65cef83,0530be227f4a10c5545cce8d3db20ac5a4d76a66,REVIEW_REQUIRED,Unknown,false,REVIEW_REQUIRED,REVIEW_REQUIRED,REVIEW,OpenProj path exists but content differs; perform hunk-level comparison,
modules/microproject_core/src/main/java/com/microproject/undo/FieldEdit.java,microproject_core,java,HEAD,27261d5dadb5e24ebf5f3fff2bd96b8587b4450dfa6e8ef7eca38826d403ad1c,d2fa3c20a,openproj_core/src/com/projity/undo/FieldEdit.java,cd82e39aab3f5cd3ff254b04660b4d12a9500af4d2d9b4cdd93f4646a72d7ee8,0530be227f4a10c5545cce8d3db20ac5a4d76a66,REVIEW_REQUIRED,Unknown,false,REVIEW_REQUIRED,REVIEW_REQUIRED,REVIEW,OpenProj path exists but content differs; perform hunk-level comparison,
modules/microproject_core/src/main/java/com/microproject/undo/ModelFieldEdit.java,microproject_core,java,HEAD,6ef8ec37eea7b6bd5487e35949e4d416ed63df01ecfdffa35d9edc2e23505886,d2fa3c20a,openproj_core/src/com/projity/undo/ModelFieldEdit.java,fae1f56eb6da3491cb51e342d24f2808ad2f040e61c925129da54128c26ce043,0530be227f4a10c5545cce8d3db20ac5a4d76a66,REVIEW_REQUIRED,Unknown,false,REVIEW_REQUIRED,REVIEW_REQUIRED,REVIEW,OpenProj path exists but content differs; perform hunk-level comparison,
modules/microproject_core/src/main/java/com/microproject/undo/NodeCreationEdit.java,microproject_core,java,HEAD,574f554357c39c72742973a67dbc7e55acc23f6c1b1d210ea7e46f01e7f16456,d2fa3c20a,openproj_core/src/com/projity/undo/NodeCreationEdit.java,95e4e5944946879ac5a05c22743dd063430458b0e0bb9545d5101938706f9ddd,0530be227f4a10c5545cce8d3db20ac5a4d76a66,REVIEW_REQUIRED,Unknown,false,REVIEW_REQUIRED,REVIEW_REQUIRED,REVIEW,OpenProj path exists but content differs; perform hunk-level comparison,
modules/microproject_core/src/main/java/com/microproject/undo/NodeDeletionEdit.java,microproject_core,java,HEAD,79af7e347c557b3bf649365c14dcd94b4b1e408056630282a82ae5c5f3eaf5bc,d2fa3c20a,openproj_core/src/com/projity/undo/NodeDeletionEdit.java,1549aa3194c8dcdfdb4a30838aec9c5036df0bbbb921c2c3954e4b1a4a363c42,0530be227f4a10c5545cce8d3db20ac5a4d76a66,REVIEW_REQUIRED,Unknown,false,REVIEW_REQUIRED,REVIEW_REQUIRED,REVIEW,OpenProj path exists but content differs; perform hunk-level comparison,
modules/microproject_core/src/main/java/com/microproject/undo/NodeImplChangeAndValueSetEdit.java,microproject_core,java,HEAD,886228e6f3ecd8fe69eb26a27bb1f5b34ba71c028a68e7210b00aaba877be662,d2fa3c20a,openproj_core/src/com/projity/undo/NodeImplChangeAndValueSetEdit.java,9911c3d8cce5f5ae6b5b5b807cf2550e5990d19b43f404dc39fc3daf25b9dddc,0530be227f4a10c5545cce8d3db20ac5a4d76a66,REVIEW_REQUIRED,Unknown,false,REVIEW_REQUIRED,REVIEW_REQUIRED,REVIEW,OpenProj path exists but content differs; perform hunk-level comparison,
modules/microproject_core/src/main/java/com/microproject/undo/NodeImplChangeEdit.java,microproject_core,java,HEAD,e3d15b29f5f7233d0fdb358d1b25fa4ef010286a1374353bb417039e5442dee2,d2fa3c20a,openproj_core/src/com/projity/undo/NodeImplChangeEdit.java,3716655c264114eb5834df76ab50db8e81dcd0486190c88a8b033e99d3e8b580,0530be227f4a10c5545cce8d3db20ac5a4d76a66,REVIEW_REQUIRED,Unknown,true,REVIEW_REQUIRED,REVIEW_REQUIRED,KEEP_OPENPROJ,normalized content matches OpenProj baseline,
modules/microproject_core/src/main/java/com/microproject/undo/NodeIndentEdit.java,microproject_core,java,HEAD,01d2959a4e26a59cf831f37fed0843d0d3d462e2dbc4ee9a16b42cf3b8fa0d3c,d2fa3c20a,openproj_core/src/com/projity/undo/NodeIndentEdit.java,0e95d558e39527427526bee048e9117adf934d149e82130f5a7203394d490ed5,0530be227f4a10c5545cce8d3db20ac5a4d76a66,REVIEW_REQUIRED,Unknown,false,REVIEW_REQUIRED,REVIEW_REQUIRED,REVIEW,OpenProj path exists but content differs; perform hunk-level comparison,
modules/microproject_core/src/main/java/com/microproject/undo/NodePasteEdit.java,microproject_core,java,HEAD,f685b5a13d6d5186c9609409e11ab34372d434a9262eb14e045e5830e562a206,d2fa3c20a,openproj_core/src/com/projity/undo/NodePasteEdit.java,caa0d87c8609aeddf34e7a92bad1bb54fbddf605dc7e67d7881e0c1abdb88d22,0530be227f4a10c5545cce8d3db20ac5a4d76a66,REVIEW_REQUIRED,Unknown,false,REVIEW_REQUIRED,REVIEW_REQUIRED,REVIEW,OpenProj path exists but content differs; perform hunk-level comparison,
modules/microproject_core/src/main/java/com/microproject/undo/NodeRelocationEdit.java,microproject_core,java,HEAD,8ad6bec7710e2f47fe37775d9f445869a4941fa1e8d4c9f0f0b532461ea04a23,d2fa3c20a,,,0530be227f4a10c5545cce8d3db20ac5a4d76a66,REVIEW_REQUIRED,Unknown,false,REVIEW_REQUIRED,REVIEW_REQUIRED,REVIEW,no path match in OpenProj baseline; classify origin manually,
modules/microproject_core/src/main/java/com/microproject/undo/NodeUndoInfo.java,microproject_core,java,HEAD,34cd2fe106d68ef5c6b11f98176c800f69abc52735c70dfe26440db35687bd67,d2fa3c20a,openproj_core/src/com/projity/undo/NodeUndoInfo.java,372dd1dfb477d5a837666963f42fcd54a334dfe40875fc9d21204bc2557124dc,0530be227f4a10c5545cce8d3db20ac5a4d76a66,REVIEW_REQUIRED,Unknown,true,REVIEW_REQUIRED,REVIEW_REQUIRED,KEEP_OPENPROJ,normalized content matches OpenProj baseline,
modules/microproject_core/src/main/java/com/microproject/undo/ProjectStartDateEdit.java,microproject_core,java,HEAD,80e11bd872cf226df395690c4908ef6f80132c5d4d1cfed2c1a582595d935462,d2fa3c20a,,,0530be227f4a10c5545cce8d3db20ac5a4d76a66,REVIEW_REQUIRED,Unknown,false,REVIEW_REQUIRED,REVIEW_REQUIRED,REVIEW,no path match in OpenProj baseline; classify origin manually,
modules/microproject_core/src/main/java/com/microproject/undo/SaveSnapshotEdit.java,microproject_core,java,HEAD,c419fe73b6350b185fad74f4494c9b0dc82e56690c3166668717e6ad0483973e,d2fa3c20a,openproj_core/src/com/projity/undo/SaveSnapshotEdit.java,68b4accbab8cbe0a174eef5be9031db10c7cc42c623b2b10ec1d20dfa64498fe,0530be227f4a10c5545cce8d3db20ac5a4d76a66,REVIEW_REQUIRED,Unknown,false,REVIEW_REQUIRED,REVIEW_REQUIRED,REVIEW,OpenProj path exists but content differs; perform hunk-level comparison,
modules/microproject_core/src/main/java/com/microproject/undo/ScheduleBackupEdit.java,microproject_core,java,HEAD,76c33f852d4fbbabc481de6a956e8f916a250a83cdaf7549292c273424484ec7,d2fa3c20a,openproj_core/src/com/projity/undo/ScheduleBackupEdit.java,0984db109b76812df53699d36e8411f825091a764b551330cfe932d6d2bca8b7,0530be227f4a10c5545cce8d3db20ac5a4d76a66,REVIEW_REQUIRED,Unknown,false,REVIEW_REQUIRED,REVIEW_REQUIRED,REVIEW,OpenProj path exists but content differs; perform hunk-level comparison,
modules/microproject_core/src/main/java/com/microproject/undo/ScheduleEdit.java,microproject_core,java,HEAD,1a68deee8512845f672780cc8a89812f662090a7b002f41c9469995c04b42814,d2fa3c20a,openproj_core/src/com/projity/undo/ScheduleEdit.java,69aef153f44f51d3cad648b1da3269cf3a23d895adbb2070173958374918eca4,0530be227f4a10c5545cce8d3db20ac5a4d76a66,REVIEW_REQUIRED,Unknown,false,REVIEW_REQUIRED,REVIEW_REQUIRED,REVIEW,OpenProj path exists but content differs; perform hunk-level comparison,
modules/microproject_core/src/main/java/com/microproject/undo/SplitEdit.java,microproject_core,java,HEAD,b2ff31e4635606c25141abccbc18f6ead2b63794fc180e2bfa77c4946583dbd3,d2fa3c20a,openproj_core/src/com/projity/undo/SplitEdit.java,148db3ca08f2e82bab0fc89d81ac94e4c3ae708e76abcf1c86af31cc7af072e2,0530be227f4a10c5545cce8d3db20ac5a4d76a66,REVIEW_REQUIRED,Unknown,false,REVIEW_REQUIRED,REVIEW_REQUIRED,REVIEW,OpenProj path exists but content differs; perform hunk-level comparison,
modules/microproject_core/src/main/java/com/microproject/undo/TaskConstraintEdit.java,microproject_core,java,HEAD,acf0532140dc33129e8f425296a05a08ee7913ecc00a6d671d2b5f206f23367d,d2fa3c20a,,,0530be227f4a10c5545cce8d3db20ac5a4d76a66,REVIEW_REQUIRED,Unknown,false,REVIEW_REQUIRED,REVIEW_REQUIRED,REVIEW,no path match in OpenProj baseline; classify origin manually,
modules/microproject_core/src/main/java/com/microproject/undo/UndoController.java,microproject_core,java,HEAD,c3fb17e52ad69716aee1fd4d92fca15a34067a286fbed73db12abc8503d0a141,d2fa3c20a,openproj_core/src/com/projity/undo/UndoController.java,7be3c7c13a08662283100b4ed7ddd004c32eb5ed3dfcf497355cfbacbd29007b,0530be227f4a10c5545cce8d3db20ac5a4d76a66,REVIEW_REQUIRED,Unknown,false,REVIEW_REQUIRED,REVIEW_REQUIRED,REVIEW,OpenProj path exists but content differs; perform hunk-level comparison,
modules/microproject_core/src/main/java/com/microproject/undo/UndoEditPresentationName.java,microproject_core,java,HEAD,8e2a73489016d0301143d6bd7aab46beeb30906c6eb068f59c2882984220de3a,d2fa3c20a,,,0530be227f4a10c5545cce8d3db20ac5a4d76a66,REVIEW_REQUIRED,Unknown,false,REVIEW_REQUIRED,REVIEW_REQUIRED,REVIEW,no path match in OpenProj baseline; classify origin manually,
modules/microproject_core/src/main/java/com/microproject/util/Alert.java,microproject_core,java,HEAD,3a66acb54248f9df0d7849ac32ede9d91a72c21787f888160ad9beb2b220be3c,d2fa3c20a,openproj_core/src/com/projity/util/Alert.java,9b5ba7e5b6710ff8fe7872985f32fd55e9f4c8ad5251cf450abb9e1607b19475,0530be227f4a10c5545cce8d3db20ac5a4d76a66,REVIEW_REQUIRED,Unknown,false,REVIEW_REQUIRED,REVIEW_REQUIRED,REVIEW,OpenProj path exists but content differs; perform hunk-level comparison,
modules/microproject_core/src/main/java/com/microproject/util/ArrayUtils.java,microproject_core,java,HEAD,b6631bf078dd8e7f217cfe1610bda2bac19fcde5c231e63ef136bcbb1a9c73f1,d2fa3c20a,openproj_core/src/com/projity/util/ArrayUtils.java,c67d142583b2d3ae5fdf9e66a4cdd4c8e78f3299be470e430f602937af6abb8b,0530be227f4a10c5545cce8d3db20ac5a4d76a66,REVIEW_REQUIRED,Unknown,false,REVIEW_REQUIRED,REVIEW_REQUIRED,REVIEW,OpenProj path exists but content differs; perform hunk-level comparison,
modules/microproject_core/src/main/java/com/microproject/util/BrowserControl.java,microproject_core,java,HEAD,be9fbe81ea4d3ed898105696f2e6cbf82991af8c486d6b0db0ac81d64f4bbeb9,d2fa3c20a,openproj_core/src/com/projity/util/BrowserControl.java,a10b39026682b50b403be7d05d4f7d842960a9e26ce8c0e65d48008a2a674c2a,0530be227f4a10c5545cce8d3db20ac5a4d76a66,REVIEW_REQUIRED,Unknown,false,REVIEW_REQUIRED,REVIEW_REQUIRED,REVIEW,OpenProj path exists but content differs; perform hunk-level comparison,
modules/microproject_core/src/main/java/com/microproject/util/ClassLoaderUtils.java,microproject_core,java,HEAD,073dfdb9862dcc550aac9cacdd4c3b056f12ad1d0418486dde44b22267034040,d2fa3c20a,openproj_core/src/com/projity/util/ClassLoaderUtils.java,89ba235704f4c8a96c6a6d1e5c78585ae6bc9948aa7febe679490dff73b34f49,0530be227f4a10c5545cce8d3db20ac5a4d76a66,REVIEW_REQUIRED,Unknown,false,REVIEW_REQUIRED,REVIEW_REQUIRED,REVIEW,OpenProj path exists but content differs; perform hunk-level comparison,
modules/microproject_core/src/main/java/com/microproject/util/ClassUtils.java,microproject_core,java,HEAD,a0f8d03f419a241ef90375df3b382f7078c761220b66ef7405ec1215181a61d3,d2fa3c20a,openproj_core/src/com/projity/util/ClassUtils.java,e4d5c4eb7a586efbd60bedc3d2ab6df50534aad05c540873a8067bfc0e7b4612,0530be227f4a10c5545cce8d3db20ac5a4d76a66,REVIEW_REQUIRED,Unknown,false,REVIEW_REQUIRED,REVIEW_REQUIRED,REVIEW,OpenProj path exists but content differs; perform hunk-level comparison,
modules/microproject_core/src/main/java/com/microproject/util/DataUtils.java,microproject_core,java,HEAD,80d20c33cdfab5150b5115a82f30655ac1c43e91564ca62403a712fae9a202f1,d2fa3c20a,openproj_core/src/com/projity/util/DataUtils.java,7ff148e1d3bc2ccc55558036fea1f316f1f6d61435c02437590d36715976895d,0530be227f4a10c5545cce8d3db20ac5a4d76a66,REVIEW_REQUIRED,Unknown,false,REVIEW_REQUIRED,REVIEW_REQUIRED,REVIEW,OpenProj path exists but content differs; perform hunk-level comparison,
modules/microproject_core/src/main/java/com/microproject/util/DateTime.java,microproject_core,java,HEAD,938ddf6f5296c2671430ef31f77fbf77ff669f55d81f777a1dc583903170ddea,d2fa3c20a,openproj_core/src/com/projity/util/DateTime.java,cfbb411fb8472a7e5b1fc01c908b90f62d39ca43f801e38862d5e0991def937d,0530be227f4a10c5545cce8d3db20ac5a4d76a66,REVIEW_REQUIRED,Unknown,false,REVIEW_REQUIRED,REVIEW_REQUIRED,REVIEW,OpenProj path exists but content differs; perform hunk-level comparison,
modules/microproject_core/src/main/java/com/microproject/util/DebugUtils.java,microproject_core,java,HEAD,6c7e8e904f97ffc578703f0a8d0043b21fa1d823379792d5e30f22c7c4a2e5a6,d2fa3c20a,openproj_core/src/com/projity/util/DebugUtils.java,16d042c12c95622b1564ebc942460768539f485fa1d7fb27d41a02f1e7e65fa1,0530be227f4a10c5545cce8d3db20ac5a4d76a66,REVIEW_REQUIRED,Unknown,false,REVIEW_REQUIRED,REVIEW_REQUIRED,REVIEW,OpenProj path exists but content differs; perform hunk-level comparison,
modules/microproject_core/src/main/java/com/microproject/util/DisplayMath.java,microproject_core,java,HEAD,82105fbd0c82aa618056e065725da36a689885c485d5f6cbdfbdc128e8724bfb,d2fa3c20a,,,0530be227f4a10c5545cce8d3db20ac5a4d76a66,REVIEW_REQUIRED,Unknown,false,REVIEW_REQUIRED,REVIEW_REQUIRED,REVIEW,no path match in OpenProj baseline; classify origin manually,
modules/microproject_core/src/main/java/com/microproject/util/Environment.java,microproject_core,java,HEAD,23ea93ca1f263a08fe9ecd32474b227b3887b51ff950596da8ba213fa94ffdec,d2fa3c20a,openproj_core/src/com/projity/util/Environment.java,96c0dadee5d2acd862318034f12acd05acf65040baa2afab6ba9f3d8364f60cb,0530be227f4a10c5545cce8d3db20ac5a4d76a66,REVIEW_REQUIRED,Unknown,false,REVIEW_REQUIRED,REVIEW_REQUIRED,REVIEW,OpenProj path exists but content differs; perform hunk-level comparison,
modules/microproject_core/src/main/java/com/microproject/util/Factory.java,microproject_core,java,HEAD,2b7dc809ad213af97874ff17b5ddfb74481f96acd17ef621b1c9a98da69af07d,d2fa3c20a,openproj_core/src/com/projity/util/Factory.java,7ec4058171a296d27cf7533667f0e56627b0d61fbda8983a6e13d156c5930524,0530be227f4a10c5545cce8d3db20ac5a4d76a66,REVIEW_REQUIRED,Unknown,false,REVIEW_REQUIRED,REVIEW_REQUIRED,REVIEW,OpenProj path exists but content differs; perform hunk-level comparison,
modules/microproject_core/src/main/java/com/microproject/util/FilePathUtils.java,microproject_core,java,HEAD,f8dfb11c77606b8d869b5900d7ab9b12ea84eb14c88a453b9af84a5fc7e9c8fd,d2fa3c20a,,,0530be227f4a10c5545cce8d3db20ac5a4d76a66,REVIEW_REQUIRED,Unknown,false,REVIEW_REQUIRED,REVIEW_REQUIRED,REVIEW,no path match in OpenProj baseline; classify origin manually,
modules/microproject_core/src/main/java/com/microproject/util/FontUtil.java,microproject_core,java,HEAD,6a27a9d48ea2951f70817c38419938dde383102d3d9553847dc097734cdbb7d9,d2fa3c20a,openproj_core/src/com/projity/util/FontUtil.java,77dde8c6ed944b55ebf0c073dd5687c37d2e716b22b001041c978968264c8cb5,0530be227f4a10c5545cce8d3db20ac5a4d76a66,REVIEW_REQUIRED,Unknown,false,REVIEW_REQUIRED,REVIEW_REQUIRED,REVIEW,OpenProj path exists but content differs; perform hunk-level comparison,
modules/microproject_core/src/main/java/com/microproject/util/MathUtils.java,microproject_core,java,HEAD,d3e1cd2d4f320bc0842768c63f9087ef6c77ef920866483bc1dc673b59ed3bc2,d2fa3c20a,openproj_core/src/com/projity/util/MathUtils.java,3cfa7bd287791750fefb5a61775267fd78fb35feb7366b7f08e26534d693ac38,0530be227f4a10c5545cce8d3db20ac5a4d76a66,REVIEW_REQUIRED,Unknown,true,REVIEW_REQUIRED,REVIEW_REQUIRED,KEEP_OPENPROJ,normalized content matches OpenProj baseline,
modules/microproject_core/src/main/java/com/microproject/util/PdfExportUtil.java,microproject_core,java,HEAD,f716111b0cc9affba479d83fd20d2d937d41fc28b2e2350caf3099a0015fe1ea,d2fa3c20a,,,0530be227f4a10c5545cce8d3db20ac5a4d76a66,REVIEW_REQUIRED,Unknown,false,REVIEW_REQUIRED,REVIEW_REQUIRED,REVIEW,no path match in OpenProj baseline; classify origin manually,
modules/microproject_core/src/main/java/com/microproject/util/PopupDialogSupport.java,microproject_core,java,HEAD,995582403eabb88e6b1d54ef3bc07a0e86ad61dadd8e2ed4c9526eeb752a2089,d2fa3c20a,,,0530be227f4a10c5545cce8d3db20ac5a4d76a66,REVIEW_REQUIRED,Unknown,false,REVIEW_REQUIRED,REVIEW_REQUIRED,REVIEW,no path match in OpenProj baseline; classify origin manually,
modules/microproject_core/src/main/java/com/microproject/util/SafeFileReplace.java,microproject_core,java,HEAD,6a947af587ae9e482b89f84a7ed12687905c82d50d8ac587b96254daca897d91,d2fa3c20a,,,0530be227f4a10c5545cce8d3db20ac5a4d76a66,REVIEW_REQUIRED,Unknown,false,REVIEW_REQUIRED,REVIEW_REQUIRED,REVIEW,no path match in OpenProj baseline; classify origin manually,
modules/microproject_core/src/main/java/com/microproject/util/SafeObjectInput.java,microproject_core,java,HEAD,d51a4c130f4803691bcf73288cf947720519c6de6e2b7a8c44b61c8be7efd327,d2fa3c20a,,,0530be227f4a10c5545cce8d3db20ac5a4d76a66,REVIEW_REQUIRED,Unknown,false,REVIEW_REQUIRED,REVIEW_REQUIRED,REVIEW,no path match in OpenProj baseline; classify origin manually,
modules/microproject_core/src/main/java/com/microproject/util/SpecialDateFormat.java,microproject_core,java,HEAD,ae31822eea150ab23e99bc18b03041eafa7e98ef833ea8bfacdf54e46d94499d,d2fa3c20a,openproj_core/src/com/projity/util/SpecialDateFormat.java,798b0ad106267f3f4c5e827d0f710b8a9c24a2035c5572b9451207471633b4a0,0530be227f4a10c5545cce8d3db20ac5a4d76a66,REVIEW_REQUIRED,Unknown,false,REVIEW_REQUIRED,REVIEW_REQUIRED,REVIEW,OpenProj path exists but content differs; perform hunk-level comparison,
modules/microproject_core/src/main/java/com/microproject/util/TimeInputParser.java,microproject_core,java,HEAD,4a7a1e772d63e59d73bc5ede0862541b0553116e3510a2a256f9ef3bc305c8dd,d2fa3c20a,,,0530be227f4a10c5545cce8d3db20ac5a4d76a66,REVIEW_REQUIRED,Unknown,false,REVIEW_REQUIRED,REVIEW_REQUIRED,REVIEW,no path match in OpenProj baseline; classify origin manually,
modules/microproject_core/src/main/java/com/microproject/util/TracingClassLoader.java,microproject_core,java,HEAD,b5677e0677bce60abf8313b4b04b4b8eb4580df8cabbcb76f39783826ee3d142,d2fa3c20a,openproj_core/src/com/projity/util/TracingClassLoader.java,e7a32699f89450b5e03f82e5606e413a025163b6fdbe07a8b6b4b2bde02fb80b,0530be227f4a10c5545cce8d3db20ac5a4d76a66,REVIEW_REQUIRED,Unknown,false,REVIEW_REQUIRED,REVIEW_REQUIRED,REVIEW,OpenProj path exists but content differs; perform hunk-level comparison,
modules/microproject_core/src/main/java/com/microproject/util/UiServices.java,microproject_core,java,HEAD,bba0ef62dfb608a941f2177ac0e1b644c6b22f83e34cc97c6ea2163b1c72fb2e,d2fa3c20a,,,0530be227f4a10c5545cce8d3db20ac5a4d76a66,REVIEW_REQUIRED,Unknown,false,REVIEW_REQUIRED,REVIEW_REQUIRED,REVIEW,no path match in OpenProj baseline; classify origin manually,
modules/microproject_core/src/main/java/com/microproject/util/VersionUtils.java,microproject_core,java,HEAD,0ee0c581b7a68d09eb46e4e2d77a177a8623a3904c0bde83a73c9cb8fb111b1f,d2fa3c20a,openproj_core/src/com/projity/util/VersionUtils.java,ecc09f9b6a7fbea2075109ef173f782ecd142e9e820398ac16ca34896cd98cca,0530be227f4a10c5545cce8d3db20ac5a4d76a66,REVIEW_REQUIRED,Unknown,false,REVIEW_REQUIRED,REVIEW_REQUIRED,REVIEW,OpenProj path exists but content differs; perform hunk-level comparison,
modules/microproject_core/src/main/java/com/microproject/util/YearlessDateInputParser.java,microproject_core,java,HEAD,b4709fe3e8dca7b0548b95256312066e366803a2059ee0fb15d75c3af79b66fd,d2fa3c20a,,,0530be227f4a10c5545cce8d3db20ac5a4d76a66,REVIEW_REQUIRED,Unknown,false,REVIEW_REQUIRED,REVIEW_REQUIRED,REVIEW,no path match in OpenProj baseline; classify origin manually,
modules/microproject_core/src/main/java/com/microproject/workspace/SavableToWorkspace.java,microproject_core,java,HEAD,4dcd740f6ddfefd47a829b127686aa7c6201b8d48350da9fcf407e63622391f3,d2fa3c20a,openproj_core/src/com/projity/workspace/SavableToWorkspace.java,edacc8595b9260722685dafd71087e66cd64b26b69f75c2c9283059427383b2e,0530be227f4a10c5545cce8d3db20ac5a4d76a66,REVIEW_REQUIRED,Unknown,true,REVIEW_REQUIRED,REVIEW_REQUIRED,KEEP_OPENPROJ,normalized content matches OpenProj baseline,
modules/microproject_core/src/main/java/com/microproject/workspace/WorkspaceSetting.java,microproject_core,java,HEAD,a4028accd74f97b55bbe60bda43d4a5732e981f31a5979437d9c508b0b7bb7b4,d2fa3c20a,openproj_core/src/com/projity/workspace/WorkspaceSetting.java,315f5cb05c5e1fd236504ddc337d3be9528595971587756967c83140fc0d857a,0530be227f4a10c5545cce8d3db20ac5a4d76a66,REVIEW_REQUIRED,Unknown,true,REVIEW_REQUIRED,REVIEW_REQUIRED,KEEP_OPENPROJ,normalized content matches OpenProj baseline,
modules/microproject_core/src/main/resources/com/microproject/configuration/configuration.xml,microproject_core,resource,HEAD,53c5175e252165447e3e7ec350d843c707f631dfdca0b04f1049e8be6f2f64e1,d2fa3c20a,openproj_core/src/com/projity/configuration/configuration.xml,cc75d082bde34d7cfa39f63302ba5d77570a5fb75f739e911c4b99616087f09b,0530be227f4a10c5545cce8d3db20ac5a4d76a66,REVIEW_REQUIRED,ProjectLibre,false,REVIEW_REQUIRED,CPAL-1.0,REVIEW,OpenProj path exists but content differs; perform hunk-level comparison,
modules/microproject_core/src/main/resources/com/microproject/configuration/meta.properties,microproject_core,resource,HEAD,f9a60e911a637090896dac4d977ad91dc2cf9d424d0b5104f9a083f98f0a40c7,d2fa3c20a,openproj_core/src/com/projity/configuration/meta.properties,e89914af5db38ef0661cb05c5459f3e84b983289c77ee2eaa23703fbf14f2260,0530be227f4a10c5545cce8d3db20ac5a4d76a66,REVIEW_REQUIRED,ProjectLibre,false,REVIEW_REQUIRED,CPAL-1.0,REVIEW,OpenProj path exists but content differs; perform hunk-level comparison,
modules/microproject_core/src/main/resources/com/microproject/configuration/view.xml,microproject_core,resource,HEAD,11acb5ad70c84bfe43efbe60ed6ca6efe70e96fb918626804fafadfa1fee62e4,d2fa3c20a,openproj_core/src/com/projity/configuration/view.xml,7f4a9a231a3d0e830a606cecb34c335f93ea81bbb4bcb04abc9ac7f8d938ec2a,0530be227f4a10c5545cce8d3db20ac5a4d76a66,REVIEW_REQUIRED,ProjectLibre,false,REVIEW_REQUIRED,CPAL-1.0,REVIEW,OpenProj path exists but content differs; perform hunk-level comparison,
modules/microproject_core/src/main/resources/com/microproject/strings/.!4080!client_it.properties,microproject_core,resource,HEAD,a57e6f4ff39a8499bb34c588ebcd46c51ac58725e405af22e2987096d960c0f6,d2fa3c20a,,,0530be227f4a10c5545cce8d3db20ac5a4d76a66,REVIEW_REQUIRED,ProjectLibre,false,REVIEW_REQUIRED,CPAL-1.0,REVIEW,no path match in OpenProj baseline; classify origin manually,
modules/microproject_core/src/main/resources/com/microproject/strings/.!4085!client_it.properties,microproject_core,resource,HEAD,a57e6f4ff39a8499bb34c588ebcd46c51ac58725e405af22e2987096d960c0f6,d2fa3c20a,,,0530be227f4a10c5545cce8d3db20ac5a4d76a66,REVIEW_REQUIRED,ProjectLibre,false,REVIEW_REQUIRED,CPAL-1.0,REVIEW,no path match in OpenProj baseline; classify origin manually,
modules/microproject_core/src/main/resources/com/microproject/strings/.!4091!client_it.properties,microproject_core,resource,HEAD,a57e6f4ff39a8499bb34c588ebcd46c51ac58725e405af22e2987096d960c0f6,d2fa3c20a,,,0530be227f4a10c5545cce8d3db20ac5a4d76a66,REVIEW_REQUIRED,ProjectLibre,false,REVIEW_REQUIRED,CPAL-1.0,REVIEW,no path match in OpenProj baseline; classify origin manually,
modules/microproject_core/src/main/resources/com/microproject/strings/.!4094!client_it.properties,microproject_core,resource,HEAD,a57e6f4ff39a8499bb34c588ebcd46c51ac58725e405af22e2987096d960c0f6,d2fa3c20a,,,0530be227f4a10c5545cce8d3db20ac5a4d76a66,REVIEW_REQUIRED,ProjectLibre,false,REVIEW_REQUIRED,CPAL-1.0,REVIEW,no path match in OpenProj baseline; classify origin manually,
modules/microproject_core/src/main/resources/com/microproject/strings/.!4101!client_it.properties,microproject_core,resource,HEAD,a57e6f4ff39a8499bb34c588ebcd46c51ac58725e405af22e2987096d960c0f6,d2fa3c20a,,,0530be227f4a10c5545cce8d3db20ac5a4d76a66,REVIEW_REQUIRED,ProjectLibre,false,REVIEW_REQUIRED,CPAL-1.0,REVIEW,no path match in OpenProj baseline; classify origin manually,
modules/microproject_core/src/main/resources/com/microproject/strings/.!4111!client_de.properties,microproject_core,resource,HEAD,2f5690af5e648b98b61c64bbd464ddcd0ec96d7bf5593cf438028e093593f8b2,d2fa3c20a,,,0530be227f4a10c5545cce8d3db20ac5a4d76a66,REVIEW_REQUIRED,ProjectLibre,false,REVIEW_REQUIRED,CPAL-1.0,REVIEW,no path match in OpenProj baseline; classify origin manually,
modules/microproject_core/src/main/resources/com/microproject/strings/.!4116!client_es2.properties,microproject_core,resource,HEAD,c17446cf2a6dcdc56e733853a81b75370b14ff98f80dc66086ed4f94070caab0,d2fa3c20a,,,0530be227f4a10c5545cce8d3db20ac5a4d76a66,REVIEW_REQUIRED,ProjectLibre,false,REVIEW_REQUIRED,CPAL-1.0,REVIEW,no path match in OpenProj baseline; classify origin manually,
modules/microproject_core/src/main/resources/com/microproject/strings/.!4121!client_fi.properties,microproject_core,resource,HEAD,8600f91505a7de66e1b1cb15630e35f6acebc66d0ed941d3a1dd42b84243c7d6,d2fa3c20a,,,0530be227f4a10c5545cce8d3db20ac5a4d76a66,REVIEW_REQUIRED,ProjectLibre,false,REVIEW_REQUIRED,CPAL-1.0,REVIEW,no path match in OpenProj baseline; classify origin manually,
modules/microproject_core/src/main/resources/com/microproject/strings/client.properties,microproject_core,resource,HEAD,05045f0e0747bf6d0bbe10dbaf9c927352d43795b3d4b1abca3ca9392622c1be,d2fa3c20a,openproj_core/src/com/projity/strings/client.properties,4d6a07ea83a0059409519057e47c4f980c12ee1c476fc1fd2fe68aca8a2e4a16,0530be227f4a10c5545cce8d3db20ac5a4d76a66,REVIEW_REQUIRED,ProjectLibre,false,REVIEW_REQUIRED,CPAL-1.0,REVIEW,OpenProj path exists but content differs; perform hunk-level comparison,
modules/microproject_core/src/main/resources/com/microproject/strings/client_ar.properties,microproject_core,resource,HEAD,ced63c22b341db0feb8ab21878b5eff3a40be0b309d0bfb6e6f21f88a3a58f7d,d2fa3c20a,,,0530be227f4a10c5545cce8d3db20ac5a4d76a66,REVIEW_REQUIRED,ProjectLibre,false,REVIEW_REQUIRED,CPAL-1.0,REVIEW,no path match in OpenProj baseline; classify origin manually,
modules/microproject_core/src/main/resources/com/microproject/strings/client_cs.properties,microproject_core,resource,HEAD,014faba15951d35d4c17b18a903978ec465e050bf7c8f629021761894f7f318a,d2fa3c20a,openproj_core/src/com/projity/strings/client_cs.properties,f80c55cd8de08526b876caf57cdbdcb3a7d841fd78e132177afb6d44875545bc,0530be227f4a10c5545cce8d3db20ac5a4d76a66,REVIEW_REQUIRED,ProjectLibre,false,REVIEW_REQUIRED,CPAL-1.0,REVIEW,OpenProj path exists but content differs; perform hunk-level comparison,
modules/microproject_core/src/main/resources/com/microproject/strings/client_da.properties,microproject_core,resource,HEAD,552696b401d33c1a1bd0d8f2c3ebb2ed21204199eebbe336c9d54e7b83ba00e9,d2fa3c20a,,,0530be227f4a10c5545cce8d3db20ac5a4d76a66,REVIEW_REQUIRED,ProjectLibre,false,REVIEW_REQUIRED,CPAL-1.0,REVIEW,no path match in OpenProj baseline; classify origin manually,
modules/microproject_core/src/main/resources/com/microproject/strings/client_de.properties,microproject_core,resource,HEAD,79d4b125a071d581d38afddd7f7765d10d24cbfcd874ce8845f159b9efaa8e99,d2fa3c20a,openproj_core/src/com/projity/strings/client_de.properties,1e14bf76c810ca8381ad4c8240215b6cfb37befa5a15e8f54b0e904b1304d022,0530be227f4a10c5545cce8d3db20ac5a4d76a66,REVIEW_REQUIRED,ProjectLibre,false,REVIEW_REQUIRED,CPAL-1.0,REVIEW,OpenProj path exists but content differs; perform hunk-level comparison,
modules/microproject_core/src/main/resources/com/microproject/strings/client_el.properties,microproject_core,resource,HEAD,b953aa3f1abc5404c9bc1228abc1cc5f50e47ba9b0926f61667b8cfda76ea262,d2fa3c20a,,,0530be227f4a10c5545cce8d3db20ac5a4d76a66,REVIEW_REQUIRED,ProjectLibre,false,REVIEW_REQUIRED,CPAL-1.0,REVIEW,no path match in OpenProj baseline; classify origin manually,
modules/microproject_core/src/main/resources/com/microproject/strings/client_es.properties,microproject_core,resource,HEAD,4262648884508ce69cd7f70d256dfb5a8421a4457f49ad596c11eca0380dc681,d2fa3c20a,openproj_core/src/com/projity/strings/client_es.properties,867c71d7d1a28522602327e3387edd7943ca5aba6e426931bc8adbb2cae22369,0530be227f4a10c5545cce8d3db20ac5a4d76a66,REVIEW_REQUIRED,ProjectLibre,false,REVIEW_REQUIRED,CPAL-1.0,REVIEW,OpenProj path exists but content differs; perform hunk-level comparison,
modules/microproject_core/src/main/resources/com/microproject/strings/client_es2.properties,microproject_core,resource,HEAD,bdb61fa4b26acd5a84f02db29f0b836fa17464c90a13eb66c4a571d97ef4f087,d2fa3c20a,,,0530be227f4a10c5545cce8d3db20ac5a4d76a66,REVIEW_REQUIRED,ProjectLibre,false,REVIEW_REQUIRED,CPAL-1.0,REVIEW,no path match in OpenProj baseline; classify origin manually,
modules/microproject_core/src/main/resources/com/microproject/strings/client_fa.properties,microproject_core,resource,HEAD,813e7730788025de532705222916a2da3c3632eca071fef7552dac490f55965a,d2fa3c20a,openproj_core/src/com/projity/strings/client_fa.properties,221703fe3f4d85e3bd92eb6540597c06f0c49175c15cde51e6c234291d1269b7,0530be227f4a10c5545cce8d3db20ac5a4d76a66,REVIEW_REQUIRED,ProjectLibre,false,REVIEW_REQUIRED,CPAL-1.0,REVIEW,OpenProj path exists but content differs; perform hunk-level comparison,
modules/microproject_core/src/main/resources/com/microproject/strings/client_fi.properties,microproject_core,resource,HEAD,b9a8c0c829b1c302ededa3f3cd9a01d1a51502fe49190094ca0e74bfcfc9b4ab,d2fa3c20a,openproj_core/src/com/projity/strings/client_fi.properties,baf326b59536cdda4c2ace60f04ff1ec4ee40b725a5ab52df61e43fef6674798,0530be227f4a10c5545cce8d3db20ac5a4d76a66,REVIEW_REQUIRED,ProjectLibre,false,REVIEW_REQUIRED,CPAL-1.0,REVIEW,OpenProj path exists but content differs; perform hunk-level comparison,
modules/microproject_core/src/main/resources/com/microproject/strings/client_fr.properties,microproject_core,resource,HEAD,b8070ca5ef967364d64a4ea8f0ea93d587b4e5de22a983c3a0581b91af8bbdc2,d2fa3c20a,openproj_core/src/com/projity/strings/client_fr.properties,dbd07719eed67f5050e77b553b4ae1df0d464f19b33a3a2f9c0ec594671234c2,0530be227f4a10c5545cce8d3db20ac5a4d76a66,REVIEW_REQUIRED,ProjectLibre,false,REVIEW_REQUIRED,CPAL-1.0,REVIEW,OpenProj path exists but content differs; perform hunk-level comparison,
modules/microproject_core/src/main/resources/com/microproject/strings/client_fr2.properties,microproject_core,resource,HEAD,38f8bb3c9d134edea463b4b2b80e0c19fddbd55cbe55ac9496b22e3b9aa2cbed,d2fa3c20a,,,0530be227f4a10c5545cce8d3db20ac5a4d76a66,REVIEW_REQUIRED,ProjectLibre,false,REVIEW_REQUIRED,CPAL-1.0,REVIEW,no path match in OpenProj baseline; classify origin manually,
modules/microproject_core/src/main/resources/com/microproject/strings/client_gl.properties,microproject_core,resource,HEAD,1d071a3d89c4fe5ec7d5d487173a22df050bebfbc326988f892010cf27ae2ec2,d2fa3c20a,openproj_core/src/com/projity/strings/client_gl.properties,1cd59dc27af0ee03fc2d72f79e3fa67ff3c5f152f6d516e13bdfd19718e1fe35,0530be227f4a10c5545cce8d3db20ac5a4d76a66,REVIEW_REQUIRED,ProjectLibre,false,REVIEW_REQUIRED,CPAL-1.0,REVIEW,OpenProj path exists but content differs; perform hunk-level comparison,
modules/microproject_core/src/main/resources/com/microproject/strings/client_hi.properties,microproject_core,resource,HEAD,5dc354d6c0f6bc154636334a98d02484d3c09678382b013ec54641c5c782c2c1,d2fa3c20a,,,0530be227f4a10c5545cce8d3db20ac5a4d76a66,REVIEW_REQUIRED,ProjectLibre,false,REVIEW_REQUIRED,CPAL-1.0,REVIEW,no path match in OpenProj baseline; classify origin manually,
modules/microproject_core/src/main/resources/com/microproject/strings/client_it.properties,microproject_core,resource,HEAD,ec82ecef9870487d1869f849a4b4e3b5eff837ea4746906c5733d89e56da4d33,d2fa3c20a,,,0530be227f4a10c5545cce8d3db20ac5a4d76a66,REVIEW_REQUIRED,ProjectLibre,false,REVIEW_REQUIRED,CPAL-1.0,REVIEW,no path match in OpenProj baseline; classify origin manually,
modules/microproject_core/src/main/resources/com/microproject/strings/client_it2.properties,microproject_core,resource,HEAD,e3cfe8365dc9ef75f8c45b5e9d036ef57bfdd43a9e2e999c74de2673a3d4dd69,d2fa3c20a,,,0530be227f4a10c5545cce8d3db20ac5a4d76a66,REVIEW_REQUIRED,ProjectLibre,false,REVIEW_REQUIRED,CPAL-1.0,REVIEW,no path match in OpenProj baseline; classify origin manually,
modules/microproject_core/src/main/resources/com/microproject/strings/client_ja.properties,microproject_core,resource,HEAD,1b5a55a4f860d0369b2568131de62a3ecb859591bf58d483a2b88cf04e711199,d2fa3c20a,,,0530be227f4a10c5545cce8d3db20ac5a4d76a66,REVIEW_REQUIRED,ProjectLibre,false,REVIEW_REQUIRED,CPAL-1.0,REVIEW,no path match in OpenProj baseline; classify origin manually,
modules/microproject_core/src/main/resources/com/microproject/strings/client_kh.properties,microproject_core,resource,HEAD,84cf7de149503ac15d1232959d3d8aa2ac4e489c37cf8181b80be8abe3436b6d,d2fa3c20a,,,0530be227f4a10c5545cce8d3db20ac5a4d76a66,REVIEW_REQUIRED,ProjectLibre,false,REVIEW_REQUIRED,CPAL-1.0,REVIEW,no path match in OpenProj baseline; classify origin manually,
modules/microproject_core/src/main/resources/com/microproject/strings/client_km.properties,microproject_core,resource,HEAD,b7c3e5133505a4fce4409c447f8e0e592a3f36e902f8b0037b9d6984e19c07eb,d2fa3c20a,,,0530be227f4a10c5545cce8d3db20ac5a4d76a66,REVIEW_REQUIRED,ProjectLibre,false,REVIEW_REQUIRED,CPAL-1.0,REVIEW,no path match in OpenProj baseline; classify origin manually,
modules/microproject_core/src/main/resources/com/microproject/strings/client_ko.properties,microproject_core,resource,HEAD,efbcf4e4db2f22bef70a4df5c6a6227f931b3fdd82441d5ce8963d4753371d4f,d2fa3c20a,openproj_core/src/com/projity/strings/client_ko.properties,79eade05ac28ec3bbcd5e8db2fa04d750268902c5e669d5ade18779788cb5133,0530be227f4a10c5545cce8d3db20ac5a4d76a66,REVIEW_REQUIRED,ProjectLibre,false,REVIEW_REQUIRED,CPAL-1.0,REVIEW,OpenProj path exists but content differs; perform hunk-level comparison,
modules/microproject_core/src/main/resources/com/microproject/strings/client_nl.properties,microproject_core,resource,HEAD,1beaeea40e78518213e534608b46564bcd6d90fd70dab772c020c06123afc8da,d2fa3c20a,openproj_core/src/com/projity/strings/client_nl.properties,93fe737cecf1ceceb4530afde5012a8bf864d4be45c6e228a8ee9a5c7e695328,0530be227f4a10c5545cce8d3db20ac5a4d76a66,REVIEW_REQUIRED,ProjectLibre,false,REVIEW_REQUIRED,CPAL-1.0,REVIEW,OpenProj path exists but content differs; perform hunk-level comparison,
modules/microproject_core/src/main/resources/com/microproject/strings/client_pt.properties,microproject_core,resource,HEAD,991d69a9242076572e2e3357329d8d50015aa443798635aa89c8a18b75cc8803,d2fa3c20a,openproj_core/src/com/projity/strings/client_pt.properties,401578818e7b014cea7b5cd7824fc0bc15f20419a72289d82f4b75ee13cc3aa5,0530be227f4a10c5545cce8d3db20ac5a4d76a66,REVIEW_REQUIRED,ProjectLibre,false,REVIEW_REQUIRED,CPAL-1.0,REVIEW,OpenProj path exists but content differs; perform hunk-level comparison,
modules/microproject_core/src/main/resources/com/microproject/strings/client_pt2.properties,microproject_core,resource,HEAD,66bb5856995921b25e633dfce2a35635e315a55164573a9c41595790fbc9fd0d,d2fa3c20a,,,0530be227f4a10c5545cce8d3db20ac5a4d76a66,REVIEW_REQUIRED,ProjectLibre,false,REVIEW_REQUIRED,CPAL-1.0,REVIEW,no path match in OpenProj baseline; classify origin manually,
modules/microproject_core/src/main/resources/com/microproject/strings/client_ru.properties,microproject_core,resource,HEAD,1662f7b4f0d7ab70dabb7c01b5a199cd52501b90f1126f40fc4ce0a917892add,d2fa3c20a,openproj_core/src/com/projity/strings/client_ru.properties,5092c768f2dae9c4db56c41e51a6b42abc224f1b6fc7a365c5500901e454159a,0530be227f4a10c5545cce8d3db20ac5a4d76a66,REVIEW_REQUIRED,ProjectLibre,false,REVIEW_REQUIRED,CPAL-1.0,REVIEW,OpenProj path exists but content differs; perform hunk-level comparison,
modules/microproject_core/src/main/resources/com/microproject/strings/client_sk.properties,microproject_core,resource,HEAD,f9dbd4123cfb1c26a7825abc235c8629cf05b6828a2734517c69ddca7a0cd952,d2fa3c20a,openproj_core/src/com/projity/strings/client_sk.properties,060cda6ae883700aab53f18dd6935dd6d86d9254158f31a873ff527ad099f956,0530be227f4a10c5545cce8d3db20ac5a4d76a66,REVIEW_REQUIRED,ProjectLibre,false,REVIEW_REQUIRED,CPAL-1.0,REVIEW,OpenProj path exists but content differs; perform hunk-level comparison,
modules/microproject_core/src/main/resources/com/microproject/strings/client_sv.properties,microproject_core,resource,HEAD,16a282fb52cdba6f629cb689a4e919d004ea9882e073fe0ad8e57bd0cbd01a1d,d2fa3c20a,openproj_core/src/com/projity/strings/client_sv.properties,b0d0f34116a737586a20e8ea452baf66126d0cf44c46ec023069801f1dda93ce,0530be227f4a10c5545cce8d3db20ac5a4d76a66,REVIEW_REQUIRED,ProjectLibre,false,REVIEW_REQUIRED,CPAL-1.0,REVIEW,OpenProj path exists but content differs; perform hunk-level comparison,
modules/microproject_core/src/main/resources/com/microproject/strings/client_ta.properties,microproject_core,resource,HEAD,b4823b2faf6dcf1b74427e0c5357f464f7e82390db3d17aa9c9dd116c2ed4fc6,d2fa3c20a,,,0530be227f4a10c5545cce8d3db20ac5a4d76a66,REVIEW_REQUIRED,ProjectLibre,false,REVIEW_REQUIRED,CPAL-1.0,REVIEW,no path match in OpenProj baseline; classify origin manually,
modules/microproject_core/src/main/resources/com/microproject/strings/client_th.properties,microproject_core,resource,HEAD,ccabe37a0c0ab1c2818e53927d1d007086f5a5741e04855c3ec0973cc216754e,d2fa3c20a,,,0530be227f4a10c5545cce8d3db20ac5a4d76a66,REVIEW_REQUIRED,ProjectLibre,false,REVIEW_REQUIRED,CPAL-1.0,REVIEW,no path match in OpenProj baseline; classify origin manually,
modules/microproject_core/src/main/resources/com/microproject/strings/client_tr.properties,microproject_core,resource,HEAD,d17d2663beb16cf41868dc4b1fb55320f29caf1e475eba998455f5c014b1f1f5,d2fa3c20a,,,0530be227f4a10c5545cce8d3db20ac5a4d76a66,REVIEW_REQUIRED,ProjectLibre,false,REVIEW_REQUIRED,CPAL-1.0,REVIEW,no path match in OpenProj baseline; classify origin manually,
modules/microproject_core/src/main/resources/com/microproject/strings/client_uk.properties,microproject_core,resource,HEAD,1f3e9182edb4643d9f7ecbbbf9a6dcd61dbb073240116b17afaf3f47f8269cd7,d2fa3c20a,openproj_core/src/com/projity/strings/client_uk.properties,6226e6fe39fbd88d354ff94869be2fabefb3a699ebb43c57e76a13f19b3c1238,0530be227f4a10c5545cce8d3db20ac5a4d76a66,REVIEW_REQUIRED,ProjectLibre,false,REVIEW_REQUIRED,CPAL-1.0,REVIEW,OpenProj path exists but content differs; perform hunk-level comparison,
modules/microproject_core/src/main/resources/com/microproject/strings/client_ur.properties,microproject_core,resource,HEAD,d87958f5898f6b86e533e87cda54164ef2a8573e6586a86198eb4487cf2a8b25,d2fa3c20a,,,0530be227f4a10c5545cce8d3db20ac5a4d76a66,REVIEW_REQUIRED,ProjectLibre,false,REVIEW_REQUIRED,CPAL-1.0,REVIEW,no path match in OpenProj baseline; classify origin manually,
modules/microproject_core/src/main/resources/com/microproject/strings/client_vi.properties,microproject_core,resource,HEAD,b3e7b5692e1273e48d635df1981ea88e9d5a345c452e34418163b05f9cf999d6,d2fa3c20a,,,0530be227f4a10c5545cce8d3db20ac5a4d76a66,REVIEW_REQUIRED,OpenProj,false,REVIEW_REQUIRED,CPAL-1.0,REVIEW,no path match in OpenProj baseline; classify origin manually,
modules/microproject_core/src/main/resources/com/microproject/strings/client_zh.properties,microproject_core,resource,HEAD,c3f7b1b371d8fef794c3631c979389bc9edef4cfd15d012e5fe98649de0f2f4a,d2fa3c20a,,,0530be227f4a10c5545cce8d3db20ac5a4d76a66,REVIEW_REQUIRED,ProjectLibre,false,REVIEW_REQUIRED,CPAL-1.0,REVIEW,no path match in OpenProj baseline; classify origin manually,
modules/microproject_core/src/main/resources/com/microproject/strings/client_zh2.properties,microproject_core,resource,HEAD,c3f7b1b371d8fef794c3631c979389bc9edef4cfd15d012e5fe98649de0f2f4a,d2fa3c20a,,,0530be227f4a10c5545cce8d3db20ac5a4d76a66,REVIEW_REQUIRED,ProjectLibre,false,REVIEW_REQUIRED,CPAL-1.0,REVIEW,no path match in OpenProj baseline; classify origin manually,
modules/microproject_core/src/main/resources/com/microproject/strings/client_zh_CN.properties,microproject_core,resource,HEAD,bfffbc623cb036c1bfe63e6192177358764923fc75e00515edc9c35cf07d4ce3,d2fa3c20a,openproj_core/src/com/projity/strings/client_zh_CN.properties,ea2260344a18cae08175629679856c857b837518a6fe80669af2fa6fd8df31bd,0530be227f4a10c5545cce8d3db20ac5a4d76a66,REVIEW_REQUIRED,ProjectLibre,false,REVIEW_REQUIRED,CPAL-1.0,REVIEW,OpenProj path exists but content differs; perform hunk-level comparison,
modules/microproject_core/src/main/resources/com/microproject/strings/client_zh_CN1.properties,microproject_core,resource,HEAD,d76aa4513674dcb18aa617247df0383da77459b70a21db0501f46b40b119e5ee,d2fa3c20a,,,0530be227f4a10c5545cce8d3db20ac5a4d76a66,REVIEW_REQUIRED,ProjectLibre,false,REVIEW_REQUIRED,CPAL-1.0,REVIEW,no path match in OpenProj baseline; classify origin manually,
modules/microproject_core/src/main/resources/com/microproject/strings/client_zh_CN2.properties,microproject_core,resource,HEAD,e94007889201fe7184077d770f42a08510b0618f1f25820dfed796ce5139a86f,d2fa3c20a,,,0530be227f4a10c5545cce8d3db20ac5a4d76a66,REVIEW_REQUIRED,ProjectLibre,false,REVIEW_REQUIRED,CPAL-1.0,REVIEW,no path match in OpenProj baseline; classify origin manually,
modules/microproject_core/src/main/resources/com/microproject/strings/client_zh_CN3.properties,microproject_core,resource,HEAD,afeb1250ad5a6211cff235633bacbffb3d9098a00974655bd5998229d4dbfb39,d2fa3c20a,,,0530be227f4a10c5545cce8d3db20ac5a4d76a66,REVIEW_REQUIRED,ProjectLibre,false,REVIEW_REQUIRED,CPAL-1.0,REVIEW,no path match in OpenProj baseline; classify origin manually,
modules/microproject_core/src/main/resources/com/microproject/strings/client_zh_TW.properties,microproject_core,resource,HEAD,c3f7b1b371d8fef794c3631c979389bc9edef4cfd15d012e5fe98649de0f2f4a,d2fa3c20a,,,0530be227f4a10c5545cce8d3db20ac5a4d76a66,REVIEW_REQUIRED,ProjectLibre,false,REVIEW_REQUIRED,CPAL-1.0,REVIEW,no path match in OpenProj baseline; classify origin manually,
modules/microproject_core/src/main/resources/com/microproject/strings/internal.properties,microproject_core,resource,HEAD,a3df201f6040764f1bd406b6de301f602678ed1382b8bb7188027e4cf8c648c0,d2fa3c20a,openproj_core/src/com/projity/strings/internal.properties,fa17e325bab48b354319fd315d4fac5922ae4111c30add77db7fb356400ec32a,0530be227f4a10c5545cce8d3db20ac5a4d76a66,REVIEW_REQUIRED,ProjectLibre,false,REVIEW_REQUIRED,CPAL-1.0,REVIEW,OpenProj path exists but content differs; perform hunk-level comparison,
modules/microproject_core/src/main/resources/com/microproject/strings/nativeCodePage/client_ja.properties,microproject_core,resource,HEAD,8f2d2a853699d5d4f493f18f29f2d629ba1649eaeb061d0ba5c1ae11fbed2cba,d2fa3c20a,,,0530be227f4a10c5545cce8d3db20ac5a4d76a66,REVIEW_REQUIRED,ProjectLibre,false,REVIEW_REQUIRED,CPAL-1.0,REVIEW,no path match in OpenProj baseline; classify origin manually,
modules/microproject_core/src/main/resources/com/microproject/strings/nativeCodePage/client_ru.properties.1251,microproject_core,resource,HEAD,fae0cbf0ce5e9cffc5425c3b271e96ed6560dcdf90c605af64878b8565101c3b,d2fa3c20a,openproj_core/src/com/projity/strings/nativeCodePage/client_ru.properties.1251,709649199d1cd0a77431bbd3f7fb3423a490f1ec740d51aac503629aa39b23bd,0530be227f4a10c5545cce8d3db20ac5a4d76a66,REVIEW_REQUIRED,ProjectLibre,false,REVIEW_REQUIRED,CPAL-1.0,REVIEW,OpenProj path exists but content differs; perform hunk-level comparison,
modules/microproject_core/src/main/resources/com/microproject/strings/nativeCodePage/client_zh_CN.properties,microproject_core,resource,HEAD,dd496e8ad620e0877469a71054334d5b7fcfcd912ebc46f015f65a75071b3620,d2fa3c20a,openproj_core/src/com/projity/strings/nativeCodePage/client_zh_CN.properties,9823ed5ecee03cae31c218b1f511b769dc3bbf30699e4d59b6c3992a47ee5af1,0530be227f4a10c5545cce8d3db20ac5a4d76a66,REVIEW_REQUIRED,ProjectLibre,false,REVIEW_REQUIRED,CPAL-1.0,REVIEW,OpenProj path exists but content differs; perform hunk-level comparison,
modules/microproject_core/src/main/resources/com/microproject/version/version.properties,microproject_core,resource,HEAD,3d0f05b0799daeffc4aec011924b7891f3edf66ccfe398061fc2ca66c9618496,d2fa3c20a,,,0530be227f4a10c5545cce8d3db20ac5a4d76a66,REVIEW_REQUIRED,Unknown,false,REVIEW_REQUIRED,REVIEW_REQUIRED,REVIEW,no path match in OpenProj baseline; classify origin manually,
modules/microproject_core/src/test/java/com/microproject/FieldLabelConcurrencyTest.java,microproject_core,test,HEAD,2aa971d874d32ab3f8581970cb0192ab114f2e020352f34fb45f3499faffc997,d2fa3c20a,,,0530be227f4a10c5545cce8d3db20ac5a4d76a66,REVIEW_REQUIRED,Unknown,false,REVIEW_REQUIRED,REVIEW_REQUIRED,REVIEW,no path match in OpenProj baseline; classify origin manually,
modules/microproject_core/src/test/java/com/microproject/algorithm/CollectionIntervalGeneratorTest.java,microproject_core,test,HEAD,2138309a928b59181178ba8ccb7496a1031be400d296b91f50853382cae88044,d2fa3c20a,,,0530be227f4a10c5545cce8d3db20ac5a4d76a66,REVIEW_REQUIRED,Unknown,false,REVIEW_REQUIRED,REVIEW_REQUIRED,REVIEW,no path match in OpenProj baseline; classify origin manually,
modules/microproject_core/src/test/java/com/microproject/algorithm/IntervalGeneratorContractTest.java,microproject_core,test,HEAD,e5fd1f5671e1b1471686421a49792805a01c75073807ada52f473949ac7516bf,d2fa3c20a,,,0530be227f4a10c5545cce8d3db20ac5a4d76a66,REVIEW_REQUIRED,Unknown,false,REVIEW_REQUIRED,REVIEW_REQUIRED,REVIEW,no path match in OpenProj baseline; classify origin manually,
modules/microproject_core/src/test/java/com/microproject/algorithm/QueryTest.java,microproject_core,test,HEAD,a9e6523c428399c4fd18761f89fb8a32481ff6e1c6b74498a589b5ffd5a3abf3,d2fa3c20a,,,0530be227f4a10c5545cce8d3db20ac5a4d76a66,REVIEW_REQUIRED,Unknown,false,REVIEW_REQUIRED,REVIEW_REQUIRED,REVIEW,no path match in OpenProj baseline; classify origin manually,
modules/microproject_core/src/test/java/com/microproject/algorithm/TimeIteratorGeneratorTest.java,microproject_core,test,HEAD,1e778f161329356ad04df5f7dcfbaa07d2f2df848a5533f3adddb5480dcf3260,d2fa3c20a,,,0530be227f4a10c5545cce8d3db20ac5a4d76a66,REVIEW_REQUIRED,Unknown,false,REVIEW_REQUIRED,REVIEW_REQUIRED,REVIEW,no path match in OpenProj baseline; classify origin manually,
modules/microproject_core/src/test/java/com/microproject/algorithm/buffer/GroupedCalculatedValuesTest.java,microproject_core,test,HEAD,0c012908f124d923c35d4d3f0a37275cd78cd04593d5d59a1e6221e2aff72caf,d2fa3c20a,,,0530be227f4a10c5545cce8d3db20ac5a4d76a66,REVIEW_REQUIRED,Unknown,false,REVIEW_REQUIRED,REVIEW_REQUIRED,REVIEW,no path match in OpenProj baseline; classify origin manually,
modules/microproject_core/src/test/java/com/microproject/algorithm/buffer/NonGroupedCalculatedValuesTest.java,microproject_core,test,HEAD,926ee815efdf5b46336a86ac360b4fc2b1c04e693142f4a3defd3abf3fb68fd8,d2fa3c20a,,,0530be227f4a10c5545cce8d3db20ac5a4d76a66,REVIEW_REQUIRED,Unknown,false,REVIEW_REQUIRED,REVIEW_REQUIRED,REVIEW,no path match in OpenProj baseline; classify origin manually,
modules/microproject_core/src/test/java/com/microproject/algorithm/buffer/PointComparisonTest.java,microproject_core,test,HEAD,2683717e64906ff293c5bef835a026b0f0947a39fe0bedf053b960f831be52e8,d2fa3c20a,,,0530be227f4a10c5545cce8d3db20ac5a4d76a66,REVIEW_REQUIRED,Unknown,false,REVIEW_REQUIRED,REVIEW_REQUIRED,REVIEW,no path match in OpenProj baseline; classify origin manually,
modules/microproject_core/src/test/java/com/microproject/association/AssociationFormatParametersTest.java,microproject_core,test,HEAD,8625fb1b883e58a9c8f28534928cda02c859323a4a4ffc713dcdc9821ce87fc4,d2fa3c20a,,,0530be227f4a10c5545cce8d3db20ac5a4d76a66,REVIEW_REQUIRED,Unknown,false,REVIEW_REQUIRED,REVIEW_REQUIRED,REVIEW,no path match in OpenProj baseline; classify origin manually,
modules/microproject_core/src/test/java/com/microproject/association/AssociationListFormatTest.java,microproject_core,test,HEAD,d4c8e63303d9a243ec3c0a1eeb6d31aa9d8956d8b78bf57ffdff885c217f3cbd,d2fa3c20a,,,0530be227f4a10c5545cce8d3db20ac5a4d76a66,REVIEW_REQUIRED,Unknown,false,REVIEW_REQUIRED,REVIEW_REQUIRED,REVIEW,no path match in OpenProj baseline; classify origin manually,
modules/microproject_core/src/test/java/com/microproject/collaboration/CollaborationMetadataStoreTest.java,microproject_core,test,HEAD,107519ccb1d3ecbfaf7b3d84e5369d622bb2c96633cfd056935d414604dc126d,d2fa3c20a,,,0530be227f4a10c5545cce8d3db20ac5a4d76a66,REVIEW_REQUIRED,Unknown,false,REVIEW_REQUIRED,REVIEW_REQUIRED,REVIEW,no path match in OpenProj baseline; classify origin manually,
modules/microproject_core/src/test/java/com/microproject/collaboration/JvmLockRegistryAcceptanceTest.java,microproject_core,test,HEAD,e3dcf988586282aad949deab65066e639c8db6fa310d5669c5344135f4562d1a,d2fa3c20a,,,0530be227f4a10c5545cce8d3db20ac5a4d76a66,REVIEW_REQUIRED,Unknown,false,REVIEW_REQUIRED,REVIEW_REQUIRED,REVIEW,no path match in OpenProj baseline; classify origin manually,
modules/microproject_core/src/test/java/com/microproject/collaboration/OperationLogTest.java,microproject_core,test,HEAD,b5b6e766f39c9fe68b6733faf70d5ad2c269a2c060f0b22a0f3580d433510005,d2fa3c20a,,,0530be227f4a10c5545cce8d3db20ac5a4d76a66,REVIEW_REQUIRED,Unknown,false,REVIEW_REQUIRED,REVIEW_REQUIRED,REVIEW,no path match in OpenProj baseline; classify origin manually,
modules/microproject_core/src/test/java/com/microproject/collaboration/ProjectMergeServiceLoadResultTest.java,microproject_core,test,HEAD,1b8893e9239a921b425d4b14b436164411133089fd2dfec609d7cc455e1463cb,d2fa3c20a,,,0530be227f4a10c5545cce8d3db20ac5a4d76a66,REVIEW_REQUIRED,Unknown,false,REVIEW_REQUIRED,REVIEW_REQUIRED,REVIEW,no path match in OpenProj baseline; classify origin manually,
modules/microproject_core/src/test/java/com/microproject/company/DefaultUserTest.java,microproject_core,test,HEAD,53080b68d0204776b94c1a2c383327551fa5ffd8df8c0600e8ac54db6b8b7de7,d2fa3c20a,,,0530be227f4a10c5545cce8d3db20ac5a4d76a66,REVIEW_REQUIRED,Unknown,false,REVIEW_REQUIRED,REVIEW_REQUIRED,REVIEW,no path match in OpenProj baseline; classify origin manually,
modules/microproject_core/src/test/java/com/microproject/configuration/CalculationPreferenceTest.java,microproject_core,test,HEAD,43a689ab601379b3e12ba6a2043cf45f393bb28f171af80759f242bfe6845d65,d2fa3c20a,,,0530be227f4a10c5545cce8d3db20ac5a4d76a66,REVIEW_REQUIRED,Unknown,false,REVIEW_REQUIRED,REVIEW_REQUIRED,REVIEW,no path match in OpenProj baseline; classify origin manually,
modules/microproject_core/src/test/java/com/microproject/configuration/FieldDictionaryTest.java,microproject_core,test,HEAD,dfe2e73aca6dd2e7231801d2b748f191795a8b413a05a02093e41ab4323b2bbb,d2fa3c20a,,,0530be227f4a10c5545cce8d3db20ac5a4d76a66,REVIEW_REQUIRED,Unknown,false,REVIEW_REQUIRED,REVIEW_REQUIRED,REVIEW,no path match in OpenProj baseline; classify origin manually,
modules/microproject_core/src/test/java/com/microproject/configuration/ScriptConfigurationTest.java,microproject_core,test,HEAD,d582576dafed43383bbfbb2ebce801b59f3190eaffce3139502babcaa8f20add,d2fa3c20a,,,0530be227f4a10c5545cce8d3db20ac5a4d76a66,REVIEW_REQUIRED,Unknown,false,REVIEW_REQUIRED,REVIEW_REQUIRED,REVIEW,no path match in OpenProj baseline; classify origin manually,
modules/microproject_core/src/test/java/com/microproject/core/configuration/ConfigurationTest.java,microproject_core,test,HEAD,f4159c60c72a697e928bc973f6a735552fcba15af0a7719adea844d6a9f48551,d2fa3c20a,,,0530be227f4a10c5545cce8d3db20ac5a4d76a66,REVIEW_REQUIRED,Unknown,false,REVIEW_REQUIRED,REVIEW_REQUIRED,REVIEW,no path match in OpenProj baseline; classify origin manually,
modules/microproject_core/src/test/java/com/microproject/core/configuration/LegacyConfigurationBoundaryTest.java,microproject_core,test,HEAD,1581e69b4458b241336a28eb9d14b8c8ce6cbfee080c84369ca32c79ca597951,d2fa3c20a,,,0530be227f4a10c5545cce8d3db20ac5a4d76a66,REVIEW_REQUIRED,Unknown,false,REVIEW_REQUIRED,REVIEW_REQUIRED,REVIEW,no path match in OpenProj baseline; classify origin manually,
modules/microproject_core/src/test/java/com/microproject/core/dictionary/DictionaryCategoryTest.java,microproject_core,test,HEAD,ceefca697cfce0654e01631d21ef6a11e8138992fa87eee1eeb9780994aa6fd4,d2fa3c20a,,,0530be227f4a10c5545cce8d3db20ac5a4d76a66,REVIEW_REQUIRED,Unknown,false,REVIEW_REQUIRED,REVIEW_REQUIRED,REVIEW,no path match in OpenProj baseline; classify origin manually,
modules/microproject_core/src/test/java/com/microproject/core/time/DefaultTimeIntervalsTest.java,microproject_core,test,HEAD,cf9bd033bfae390ec348edd3ea1b017646c534bab1f7b8e619e6dce9ac7da392,d2fa3c20a,,,0530be227f4a10c5545cce8d3db20ac5a4d76a66,REVIEW_REQUIRED,Unknown,false,REVIEW_REQUIRED,REVIEW_REQUIRED,REVIEW,no path match in OpenProj baseline; classify origin manually,
modules/microproject_core/src/test/java/com/microproject/core/time/TimeTypeBridgeTest.java,microproject_core,test,HEAD,e050fa0b69703ca8d0e1bd6d87c089dc1c71918508d526c0b5e2b14a153c0188,d2fa3c20a,,,0530be227f4a10c5545cce8d3db20ac5a4d76a66,REVIEW_REQUIRED,Unknown,false,REVIEW_REQUIRED,REVIEW_REQUIRED,REVIEW,no path match in OpenProj baseline; classify origin manually,
modules/microproject_core/src/test/java/com/microproject/core/util/ArrayUtilCoordinatesTest.java,microproject_core,test,HEAD,f0c29653ef827427817376c022658c3dcc7b87c372d68cb5824febd29ab70a04,d2fa3c20a,,,0530be227f4a10c5545cce8d3db20ac5a4d76a66,REVIEW_REQUIRED,Unknown,false,REVIEW_REQUIRED,REVIEW_REQUIRED,REVIEW,no path match in OpenProj baseline; classify origin manually,
modules/microproject_core/src/test/java/com/microproject/datatype/DurationComparisonTest.java,microproject_core,test,HEAD,22e9f09071986dffa5fbf04c51337944ae48fdb952b37b7953228f57df66fa61,d2fa3c20a,,,0530be227f4a10c5545cce8d3db20ac5a4d76a66,REVIEW_REQUIRED,Unknown,false,REVIEW_REQUIRED,REVIEW_REQUIRED,REVIEW,no path match in OpenProj baseline; classify origin manually,
modules/microproject_core/src/test/java/com/microproject/datatype/DurationEncodingTest.java,microproject_core,test,HEAD,a65ac58ebf2902c84b3ce614c05a4d1ee73612a03730f908e84b80656744663e,d2fa3c20a,,,0530be227f4a10c5545cce8d3db20ac5a4d76a66,REVIEW_REQUIRED,Unknown,false,REVIEW_REQUIRED,REVIEW_REQUIRED,REVIEW,no path match in OpenProj baseline; classify origin manually,
modules/microproject_core/src/test/java/com/microproject/datatype/FormatConcurrencyTest.java,microproject_core,test,HEAD,267ce706db6e2eb9c7ce466489cd21acb818ae86f6f2913fad14fd102b7fd999,d2fa3c20a,,,0530be227f4a10c5545cce8d3db20ac5a4d76a66,REVIEW_REQUIRED,Unknown,false,REVIEW_REQUIRED,REVIEW_REQUIRED,REVIEW,no path match in OpenProj baseline; classify origin manually,
modules/microproject_core/src/test/java/com/microproject/datatype/MoneyTest.java,microproject_core,test,HEAD,447950a7882b755a96016cf292cf979a618baf0ba7c92dfe88a68aee893ce05c,d2fa3c20a,,,0530be227f4a10c5545cce8d3db20ac5a4d76a66,REVIEW_REQUIRED,Unknown,false,REVIEW_REQUIRED,REVIEW_REQUIRED,REVIEW,no path match in OpenProj baseline; classify origin manually,
modules/microproject_core/src/test/java/com/microproject/datatype/RateComparisonTest.java,microproject_core,test,HEAD,6f646d7b2cc90d0daeadc22edfb5ddf96067b800da701f5f03668b5104243e9a,d2fa3c20a,,,0530be227f4a10c5545cce8d3db20ac5a4d76a66,REVIEW_REQUIRED,Unknown,false,REVIEW_REQUIRED,REVIEW_REQUIRED,REVIEW,no path match in OpenProj baseline; classify origin manually,
modules/microproject_core/src/test/java/com/microproject/datatype/RateFormatParsingTest.java,microproject_core,test,HEAD,3c2623ed869a1a7f773daeb8fab7e1433c605d5904d4e85490c684a8565a1219,d2fa3c20a,,,0530be227f4a10c5545cce8d3db20ac5a4d76a66,REVIEW_REQUIRED,Unknown,false,REVIEW_REQUIRED,REVIEW_REQUIRED,REVIEW,no path match in OpenProj baseline; classify origin manually,
modules/microproject_core/src/test/java/com/microproject/document/ObjectEventManagerTest.java,microproject_core,test,HEAD,e7deaba4133a90b3a0eed966c504b7590bfdff8a7cd833927ee964f8494e22cf,d2fa3c20a,,,0530be227f4a10c5545cce8d3db20ac5a4d76a66,REVIEW_REQUIRED,Unknown,false,REVIEW_REQUIRED,REVIEW_REQUIRED,REVIEW,no path match in OpenProj baseline; classify origin manually,
modules/microproject_core/src/test/java/com/microproject/exchange/ImporterRegistryTest.java,microproject_core,test,HEAD,a3d7a2ac27c5a03e22dea32b33deb3f873577f1d18327939ed91d4f550010a37,d2fa3c20a,,,0530be227f4a10c5545cce8d3db20ac5a4d76a66,REVIEW_REQUIRED,Unknown,false,REVIEW_REQUIRED,REVIEW_REQUIRED,REVIEW,no path match in OpenProj baseline; classify origin manually,
modules/microproject_core/src/test/java/com/microproject/exchange/LocalFileImporterTest.java,microproject_core,test,HEAD,f7685a07d99c295037d1e040ff4acb51af9165223a6855c4b1fe89edc605c49a,d2fa3c20a,,,0530be227f4a10c5545cce8d3db20ac5a4d76a66,REVIEW_REQUIRED,Unknown,false,REVIEW_REQUIRED,REVIEW_REQUIRED,REVIEW,no path match in OpenProj baseline; classify origin manually,
modules/microproject_core/src/test/java/com/microproject/field/FieldComparisonTest.java,microproject_core,test,HEAD,d91dd89dd9c909ea77b489d701283803a0dfa92a8d814834ac1a56ae793d73a1,d2fa3c20a,,,0530be227f4a10c5545cce8d3db20ac5a4d76a66,REVIEW_REQUIRED,Unknown,false,REVIEW_REQUIRED,REVIEW_REQUIRED,REVIEW,no path match in OpenProj baseline; classify origin manually,
modules/microproject_core/src/test/java/com/microproject/field/FieldConverterTest.java,microproject_core,test,HEAD,76397c2d845933cd6f69db1c40f14bfff22945a0e78c74bc5a630ea52f8390dc,d2fa3c20a,,,0530be227f4a10c5545cce8d3db20ac5a4d76a66,REVIEW_REQUIRED,Unknown,false,REVIEW_REQUIRED,REVIEW_REQUIRED,REVIEW,no path match in OpenProj baseline; classify origin manually,
modules/microproject_core/src/test/java/com/microproject/field/FieldFormulaTest.java,microproject_core,test,HEAD,604ba63dc167436148fc9b5c985db64d5341b4dc40fd1517cb6eefe0341ac365,d2fa3c20a,,,0530be227f4a10c5545cce8d3db20ac5a4d76a66,REVIEW_REQUIRED,Unknown,false,REVIEW_REQUIRED,REVIEW_REQUIRED,REVIEW,no path match in OpenProj baseline; classify origin manually,
modules/microproject_core/src/test/java/com/microproject/field/FieldIntervalLabelTest.java,microproject_core,test,HEAD,235938d5d448d2603b035c8edae3fb6f383f8fd6784ad90459632ded6f215395,d2fa3c20a,,,0530be227f4a10c5545cce8d3db20ac5a4d76a66,REVIEW_REQUIRED,Unknown,false,REVIEW_REQUIRED,REVIEW_REQUIRED,REVIEW,no path match in OpenProj baseline; classify origin manually,
modules/microproject_core/src/test/java/com/microproject/field/FieldSetValueTest.java,microproject_core,test,HEAD,7cfd36b3c316da7311e78c9bc69f64ce6c0a145d664a6ef95d633432650dfe0b,d2fa3c20a,,,0530be227f4a10c5545cce8d3db20ac5a4d76a66,REVIEW_REQUIRED,Unknown,false,REVIEW_REQUIRED,REVIEW_REQUIRED,REVIEW,no path match in OpenProj baseline; classify origin manually,
modules/microproject_core/src/test/java/com/microproject/field/HasExtraFieldsImplTest.java,microproject_core,test,HEAD,73a7262c48763f2a3a49d88c2f0f51b4fa3c6a29d1f72d15b50775e534fbef64,d2fa3c20a,,,0530be227f4a10c5545cce8d3db20ac5a4d76a66,REVIEW_REQUIRED,Unknown,false,REVIEW_REQUIRED,REVIEW_REQUIRED,REVIEW,no path match in OpenProj baseline; classify origin manually,
modules/microproject_core/src/test/java/com/microproject/field/OptionsFilterTest.java,microproject_core,test,HEAD,cd282e6e5bb9a7d29776b7314928a87021011de9ae03f98574a2bb4a289a1865,d2fa3c20a,,,0530be227f4a10c5545cce8d3db20ac5a4d76a66,REVIEW_REQUIRED,Unknown,false,REVIEW_REQUIRED,REVIEW_REQUIRED,REVIEW,no path match in OpenProj baseline; classify origin manually,
modules/microproject_core/src/test/java/com/microproject/field/RangeTest.java,microproject_core,test,HEAD,5f2f0d6bfb099607409b19de4e37c1177d1e87c17489c9d5176020df1d5a96a8,d2fa3c20a,,,0530be227f4a10c5545cce8d3db20ac5a4d76a66,REVIEW_REQUIRED,Unknown,false,REVIEW_REQUIRED,REVIEW_REQUIRED,REVIEW,no path match in OpenProj baseline; classify origin manually,
modules/microproject_core/src/test/java/com/microproject/field/SelectTest.java,microproject_core,test,HEAD,a882c5464d877052ebb6d95c741f7e16d30976b8b26d5f787d5a6a8f0760765c,d2fa3c20a,,,0530be227f4a10c5545cce8d3db20ac5a4d76a66,REVIEW_REQUIRED,Unknown,false,REVIEW_REQUIRED,REVIEW_REQUIRED,REVIEW,no path match in OpenProj baseline; classify origin manually,
modules/microproject_core/src/test/java/com/microproject/graphic/configuration/BarStylesMalformedZoomTest.java,microproject_core,test,HEAD,91af387f11439b808159e727d5a997a3bed4bc745b42490461c0904c7a8bf1fd,d2fa3c20a,,,0530be227f4a10c5545cce8d3db20ac5a4d76a66,REVIEW_REQUIRED,Unknown,false,REVIEW_REQUIRED,REVIEW_REQUIRED,REVIEW,no path match in OpenProj baseline; classify origin manually,
modules/microproject_core/src/test/java/com/microproject/graphic/configuration/BarStylesTest.java,microproject_core,test,HEAD,9e0b74163b6a856bca3de6c710c77936030d44c8a10774180289ef5725d2a0ec,d2fa3c20a,,,0530be227f4a10c5545cce8d3db20ac5a4d76a66,REVIEW_REQUIRED,Unknown,false,REVIEW_REQUIRED,REVIEW_REQUIRED,REVIEW,no path match in OpenProj baseline; classify origin manually,
modules/microproject_core/src/test/java/com/microproject/graphic/configuration/FormFormatTest.java,microproject_core,test,HEAD,dddb71698c40df1aa5bccca32c1e3ec6fba6724896553561e98cb6eb2cd425e4,d2fa3c20a,,,0530be227f4a10c5545cce8d3db20ac5a4d76a66,REVIEW_REQUIRED,Unknown,false,REVIEW_REQUIRED,REVIEW_REQUIRED,REVIEW,no path match in OpenProj baseline; classify origin manually,
modules/microproject_core/src/test/java/com/microproject/graphic/configuration/GanttBarFormatOverridesTest.java,microproject_core,test,HEAD,66a78a7b6bb3578867fe7840fa708732b7af4105d9c774c3b1887dfb9c401a8d,d2fa3c20a,,,0530be227f4a10c5545cce8d3db20ac5a4d76a66,REVIEW_REQUIRED,Unknown,false,REVIEW_REQUIRED,REVIEW_REQUIRED,REVIEW,no path match in OpenProj baseline; classify origin manually,
modules/microproject_core/src/test/java/com/microproject/graphic/configuration/SpreadSheetFieldArrayTest.java,microproject_core,test,HEAD,6f0a7d81ad8bebdba2f4a0340b74b053e26a5a66c5e6a6b2cba56df3427d886a,d2fa3c20a,,,0530be227f4a10c5545cce8d3db20ac5a4d76a66,REVIEW_REQUIRED,Unknown,false,REVIEW_REQUIRED,REVIEW_REQUIRED,REVIEW,no path match in OpenProj baseline; classify origin manually,
modules/microproject_core/src/test/java/com/microproject/grouping/core/NodeBridgeDirtyStateTest.java,microproject_core,test,HEAD,8b6a1928e64f75c1db3c5abbc598ede960390694a00fe6fdcdadf83407246de9,d2fa3c20a,,,0530be227f4a10c5545cce8d3db20ac5a4d76a66,REVIEW_REQUIRED,Unknown,false,REVIEW_REQUIRED,REVIEW_REQUIRED,REVIEW,no path match in OpenProj baseline; classify origin manually,
modules/microproject_core/src/test/java/com/microproject/grouping/core/NodeBridgeTest.java,microproject_core,test,HEAD,f5f093dbfaeb80b2c3bd424c64a28437fe2223934a6ad5c4b9b71b2c7de63852,d2fa3c20a,,,0530be227f4a10c5545cce8d3db20ac5a4d76a66,REVIEW_REQUIRED,Unknown,false,REVIEW_REQUIRED,REVIEW_REQUIRED,REVIEW,no path match in OpenProj baseline; classify origin manually,
modules/microproject_core/src/test/java/com/microproject/grouping/core/NodeFactoryTest.java,microproject_core,test,HEAD,1cea851d75fa403681b8e010becfa8a49786614427e510b660f8550d5b621015,d2fa3c20a,,,0530be227f4a10c5545cce8d3db20ac5a4d76a66,REVIEW_REQUIRED,Unknown,false,REVIEW_REQUIRED,REVIEW_REQUIRED,REVIEW,no path match in OpenProj baseline; classify origin manually,
modules/microproject_core/src/test/java/com/microproject/grouping/core/NodeListTest.java,microproject_core,test,HEAD,ef929b4f6039cc42e6b3b9088b1dac93f420131e17f207f6a653a8f48f5f011a,d2fa3c20a,,,0530be227f4a10c5545cce8d3db20ac5a4d76a66,REVIEW_REQUIRED,Unknown,false,REVIEW_REQUIRED,REVIEW_REQUIRED,REVIEW,no path match in OpenProj baseline; classify origin manually,
modules/microproject_core/src/test/java/com/microproject/grouping/core/OutlineCodeTest.java,microproject_core,test,HEAD,9357fb886298f265f5a351d83e4fd2365fdb5148cb141f8d6d94499580aea4e3,d2fa3c20a,,,0530be227f4a10c5545cce8d3db20ac5a4d76a66,REVIEW_REQUIRED,Unknown,false,REVIEW_REQUIRED,REVIEW_REQUIRED,REVIEW,no path match in OpenProj baseline; classify origin manually,
modules/microproject_core/src/test/java/com/microproject/grouping/core/OutlineCollectionImplTest.java,microproject_core,test,HEAD,61e90d7cdf42f5d1f0223f7db8fb9f1d91f8ddda4c088da7e40379b4820e3765,d2fa3c20a,,,0530be227f4a10c5545cce8d3db20ac5a4d76a66,REVIEW_REQUIRED,Unknown,false,REVIEW_REQUIRED,REVIEW_REQUIRED,REVIEW,no path match in OpenProj baseline; classify origin manually,
modules/microproject_core/src/test/java/com/microproject/grouping/core/TypedNodeIteratorTest.java,microproject_core,test,HEAD,dbb5ed6edaa6b3be2ef6fc9a519c5da2fc6925a246a2b498a26831143ef05c3e,d2fa3c20a,,,0530be227f4a10c5545cce8d3db20ac5a4d76a66,REVIEW_REQUIRED,Unknown,false,REVIEW_REQUIRED,REVIEW_REQUIRED,REVIEW,no path match in OpenProj baseline; classify origin manually,
modules/microproject_core/src/test/java/com/microproject/grouping/core/hierarchy/HierarchyUtilsTest.java,microproject_core,test,HEAD,652b413586fd31830f764f6f5a328d4333a6ea21795f438bb935fe9f568d6535,d2fa3c20a,,,0530be227f4a10c5545cce8d3db20ac5a4d76a66,REVIEW_REQUIRED,Unknown,false,REVIEW_REQUIRED,REVIEW_REQUIRED,REVIEW,no path match in OpenProj baseline; classify origin manually,
modules/microproject_core/src/test/java/com/microproject/grouping/core/model/DefaultNodeModelTest.java,microproject_core,test,HEAD,1919084c1e7b71cd3e54e21c248af165871904d3f2c5aeb771db0884f739d0d7,d2fa3c20a,,,0530be227f4a10c5545cce8d3db20ac5a4d76a66,REVIEW_REQUIRED,Unknown,false,REVIEW_REQUIRED,REVIEW_REQUIRED,REVIEW,no path match in OpenProj baseline; classify origin manually,
modules/microproject_core/src/test/java/com/microproject/grouping/core/model/NodeModelUtilTest.java,microproject_core,test,HEAD,ada70440c01ef5119eb1037a3ed8d3dce52b5b3786e1683e696eb35e1ec0665e,d2fa3c20a,,,0530be227f4a10c5545cce8d3db20ac5a4d76a66,REVIEW_REQUIRED,Unknown,false,REVIEW_REQUIRED,REVIEW_REQUIRED,REVIEW,no path match in OpenProj baseline; classify origin manually,
modules/microproject_core/src/test/java/com/microproject/grouping/core/summaries/ChildWalkerTest.java,microproject_core,test,HEAD,4998febd01adc9b75b041a1249d93186f7c54d17ecde3b24aa1f55697b5134c8,d2fa3c20a,,,0530be227f4a10c5545cce8d3db20ac5a4d76a66,REVIEW_REQUIRED,Unknown,false,REVIEW_REQUIRED,REVIEW_REQUIRED,REVIEW,no path match in OpenProj baseline; classify origin manually,
modules/microproject_core/src/test/java/com/microproject/grouping/core/summaries/DeepChildSearcherTest.java,microproject_core,test,HEAD,51d86ccbc2759fcdec25de8671693ad85f59090f1f698e83b5de1a0a23da3bf9,d2fa3c20a,,,0530be227f4a10c5545cce8d3db20ac5a4d76a66,REVIEW_REQUIRED,Unknown,false,REVIEW_REQUIRED,REVIEW_REQUIRED,REVIEW,no path match in OpenProj baseline; classify origin manually,
modules/microproject_core/src/test/java/com/microproject/grouping/core/summaries/DeepChildWalkerTest.java,microproject_core,test,HEAD,3ec22064bc41772207be62952a2fe5489a748c12a3610aebcd049f0266aa3102,d2fa3c20a,,,0530be227f4a10c5545cce8d3db20ac5a4d76a66,REVIEW_REQUIRED,Unknown,false,REVIEW_REQUIRED,REVIEW_REQUIRED,REVIEW,no path match in OpenProj baseline; classify origin manually,
modules/microproject_core/src/test/java/com/microproject/grouping/core/summaries/SummaryVisitorFactoryTest.java,microproject_core,test,HEAD,0c8ca2b43132eac78e416c11ef0826092a7c5b984473bf322dadae69566f6386,d2fa3c20a,,,0530be227f4a10c5545cce8d3db20ac5a4d76a66,REVIEW_REQUIRED,Unknown,false,REVIEW_REQUIRED,REVIEW_REQUIRED,REVIEW,no path match in OpenProj baseline; classify origin manually,
modules/microproject_core/src/test/java/com/microproject/grouping/core/transform/CommonTransformFactoryTest.java,microproject_core,test,HEAD,99ae2890d597905a2d080f5e068936fc93280ff8b1a4b8fc64efb0e85a3c583b,d2fa3c20a,,,0530be227f4a10c5545cce8d3db20ac5a4d76a66,REVIEW_REQUIRED,Unknown,false,REVIEW_REQUIRED,REVIEW_REQUIRED,REVIEW,no path match in OpenProj baseline; classify origin manually,
modules/microproject_core/src/test/java/com/microproject/grouping/core/transform/TransformListTest.java,microproject_core,test,HEAD,3c2f227f8ee52cdea408afcd172398e144d3d72bc6e4dfb630deb38d403df8b2,d2fa3c20a,,,0530be227f4a10c5545cce8d3db20ac5a4d76a66,REVIEW_REQUIRED,Unknown,false,REVIEW_REQUIRED,REVIEW_REQUIRED,REVIEW,no path match in OpenProj baseline; classify origin manually,
modules/microproject_core/src/test/java/com/microproject/grouping/core/transform/filtering/AssignmentCompositionFilterTest.java,microproject_core,test,HEAD,b6c589890c7ee5e3d9e31c667fc7538d747448362a586f97eab0dd1f989dfdb1,d2fa3c20a,,,0530be227f4a10c5545cce8d3db20ac5a4d76a66,REVIEW_REQUIRED,Unknown,false,REVIEW_REQUIRED,REVIEW_REQUIRED,REVIEW,no path match in OpenProj baseline; classify origin manually,
modules/microproject_core/src/test/java/com/microproject/grouping/core/transform/filtering/BaseFilterTest.java,microproject_core,test,HEAD,684788c6da5ef8b597e1b3beee42c33838b1751f8d862bc6002326bc3a9e2df4,d2fa3c20a,,,0530be227f4a10c5545cce8d3db20ac5a4d76a66,REVIEW_REQUIRED,Unknown,false,REVIEW_REQUIRED,REVIEW_REQUIRED,REVIEW,no path match in OpenProj baseline; classify origin manually,
modules/microproject_core/src/test/java/com/microproject/grouping/core/transform/filtering/ColumnValueFilterTest.java,microproject_core,test,HEAD,f5304105a44a3d06de09b7ae4f1bacfe7ba301f79bd980fa438b60793b932435,d2fa3c20a,,,0530be227f4a10c5545cce8d3db20ac5a4d76a66,REVIEW_REQUIRED,Unknown,false,REVIEW_REQUIRED,REVIEW_REQUIRED,REVIEW,no path match in OpenProj baseline; classify origin manually,
modules/microproject_core/src/test/java/com/microproject/grouping/core/transform/filtering/NotAssignmentFilterTest.java,microproject_core,test,HEAD,051f81af9b2ec65647fd574c2454dc6ead712e96a651265df82af97dc0e87931,d2fa3c20a,,,0530be227f4a10c5545cce8d3db20ac5a4d76a66,REVIEW_REQUIRED,Unknown,false,REVIEW_REQUIRED,REVIEW_REQUIRED,REVIEW,no path match in OpenProj baseline; classify origin manually,
modules/microproject_core/src/test/java/com/microproject/grouping/core/transform/filtering/NotVoidFilterTest.java,microproject_core,test,HEAD,4907608956a91383af9f5a583f3fc65e1e3183954fc0cdefc787b5139200d382,d2fa3c20a,,,0530be227f4a10c5545cce8d3db20ac5a4d76a66,REVIEW_REQUIRED,Unknown,false,REVIEW_REQUIRED,REVIEW_REQUIRED,REVIEW,no path match in OpenProj baseline; classify origin manually,
modules/microproject_core/src/test/java/com/microproject/grouping/core/transform/filtering/ResourceInTeamFilterTest.java,microproject_core,test,HEAD,4da4b49dd6f37cfe4a724a5ee989a6f9c7aa8d94332644428bbd924d71477d6a,d2fa3c20a,,,0530be227f4a10c5545cce8d3db20ac5a4d76a66,REVIEW_REQUIRED,Unknown,false,REVIEW_REQUIRED,REVIEW_REQUIRED,REVIEW,no path match in OpenProj baseline; classify origin manually,
modules/microproject_core/src/test/java/com/microproject/grouping/core/transform/filtering/SelectionFilterTest.java,microproject_core,test,HEAD,9705e917babeb9f9fa59c63df016789a2ee2b236e511e2964c834a93a3d49941,d2fa3c20a,,,0530be227f4a10c5545cce8d3db20ac5a4d76a66,REVIEW_REQUIRED,Unknown,false,REVIEW_REQUIRED,REVIEW_REQUIRED,REVIEW,no path match in OpenProj baseline; classify origin manually,
modules/microproject_core/src/test/java/com/microproject/grouping/core/transform/grouping/NodeGrouperTest.java,microproject_core,test,HEAD,bd5c3001ea10bfd42b4e95380d5898c663805281e870ad050668229dffa56bd5,d2fa3c20a,,,0530be227f4a10c5545cce8d3db20ac5a4d76a66,REVIEW_REQUIRED,Unknown,false,REVIEW_REQUIRED,REVIEW_REQUIRED,REVIEW,no path match in OpenProj baseline; classify origin manually,
modules/microproject_core/src/test/java/com/microproject/grouping/core/transform/sorting/NodeSorterTraversalTest.java,microproject_core,test,HEAD,3cd65468ffa1debd79d39fca8f8b1833f4cd8693e02b7bb9e9e8f27fe49ec830,d2fa3c20a,,,0530be227f4a10c5545cce8d3db20ac5a4d76a66,REVIEW_REQUIRED,Unknown,false,REVIEW_REQUIRED,REVIEW_REQUIRED,REVIEW,no path match in OpenProj baseline; classify origin manually,
modules/microproject_core/src/test/java/com/microproject/interval/EqualsHashCodeContractTest.java,microproject_core,test,HEAD,e782c644a31850ed22a947ac2ff2858999cc6638e6cf2c4f167c633015d1a78d,d2fa3c20a,,,0530be227f4a10c5545cce8d3db20ac5a4d76a66,REVIEW_REQUIRED,Unknown,false,REVIEW_REQUIRED,REVIEW_REQUIRED,REVIEW,no path match in OpenProj baseline; classify origin manually,
modules/microproject_core/src/test/java/com/microproject/interval/ValueObjectForIntervalComparisonTest.java,microproject_core,test,HEAD,794ad241ed202a534410ae25e6a70d3b3d4033f0a4507b255aa87fae9e4e177e,d2fa3c20a,,,0530be227f4a10c5545cce8d3db20ac5a4d76a66,REVIEW_REQUIRED,Unknown,false,REVIEW_REQUIRED,REVIEW_REQUIRED,REVIEW,no path match in OpenProj baseline; classify origin manually,
modules/microproject_core/src/test/java/com/microproject/interval/ValueObjectForIntervalTableTest.java,microproject_core,test,HEAD,1b4c9beea46e0a1a75d781babbca04f09d2fb2a8d81d638d488325cbc2865f53,d2fa3c20a,,,0530be227f4a10c5545cce8d3db20ac5a4d76a66,REVIEW_REQUIRED,Unknown,false,REVIEW_REQUIRED,REVIEW_REQUIRED,REVIEW,no path match in OpenProj baseline; classify origin manually,
modules/microproject_core/src/test/java/com/microproject/job/JobExceptionHandlerTest.java,microproject_core,test,HEAD,8d6b12d91b347314ee1099fa54108e74755152a8722b29c960e629646031fcfc,d2fa3c20a,,,0530be227f4a10c5545cce8d3db20ac5a4d76a66,REVIEW_REQUIRED,Unknown,false,REVIEW_REQUIRED,REVIEW_REQUIRED,REVIEW,no path match in OpenProj baseline; classify origin manually,
modules/microproject_core/src/test/java/com/microproject/job/JobQueueCriticalSectionTest.java,microproject_core,test,HEAD,c25cd018b84fa1aaee006ad1e091656648ea898252458863a32e0dab62de13e1,d2fa3c20a,,,0530be227f4a10c5545cce8d3db20ac5a4d76a66,REVIEW_REQUIRED,Unknown,false,REVIEW_REQUIRED,REVIEW_REQUIRED,REVIEW,no path match in OpenProj baseline; classify origin manually,
modules/microproject_core/src/test/java/com/microproject/options/GeneralOptionTest.java,microproject_core,test,HEAD,fcbcfd7435b4c3610cca5c540b2882196fda452e18213dcd6330d5f29c8e8d1a,d2fa3c20a,,,0530be227f4a10c5545cce8d3db20ac5a4d76a66,REVIEW_REQUIRED,Unknown,false,REVIEW_REQUIRED,REVIEW_REQUIRED,REVIEW,no path match in OpenProj baseline; classify origin manually,
modules/microproject_core/src/test/java/com/microproject/options/ScheduleOptionKindTest.java,microproject_core,test,HEAD,92ac9e3747380f5c4237474d6a4ecfd9f4fce67850c9ae6dee548cfa67b468a7,d2fa3c20a,,,0530be227f4a10c5545cce8d3db20ac5a4d76a66,REVIEW_REQUIRED,Unknown,false,REVIEW_REQUIRED,REVIEW_REQUIRED,REVIEW,no path match in OpenProj baseline; classify origin manually,
modules/microproject_core/src/test/java/com/microproject/pm/assignment/AssignmentContourBehaviorTest.java,microproject_core,test,HEAD,f9ff8bda3cbeb4e48954441800ce5681ede3d74b299d09cdd34c85df077f073b,d2fa3c20a,,,0530be227f4a10c5545cce8d3db20ac5a4d76a66,REVIEW_REQUIRED,Unknown,false,REVIEW_REQUIRED,REVIEW_REQUIRED,REVIEW,no path match in OpenProj baseline; classify origin manually,
modules/microproject_core/src/test/java/com/microproject/pm/assignment/AssignmentEntryTest.java,microproject_core,test,HEAD,ca936620eb7f96b2274d14effad18b53e6da6807de61eba5a6745cc41040110b,d2fa3c20a,,,0530be227f4a10c5545cce8d3db20ac5a4d76a66,REVIEW_REQUIRED,Unknown,false,REVIEW_REQUIRED,REVIEW_REQUIRED,REVIEW,no path match in OpenProj baseline; classify origin manually,
modules/microproject_core/src/test/java/com/microproject/pm/assignment/AssignmentServiceTest.java,microproject_core,test,HEAD,504c05c4360d1d93b388b82f7b60921ddfbb321c0f2665d10b6915c7b056271f,d2fa3c20a,,,0530be227f4a10c5545cce8d3db20ac5a4d76a66,REVIEW_REQUIRED,Unknown,false,REVIEW_REQUIRED,REVIEW_REQUIRED,REVIEW,no path match in OpenProj baseline; classify origin manually,
modules/microproject_core/src/test/java/com/microproject/pm/assignment/AssignmentTimesheetBehaviorTest.java,microproject_core,test,HEAD,ac122fe730dcf4ca5a7409e0b797917732f5709c935eb0b91e892882ceb61580,d2fa3c20a,,,0530be227f4a10c5545cce8d3db20ac5a4d76a66,REVIEW_REQUIRED,Unknown,false,REVIEW_REQUIRED,REVIEW_REQUIRED,REVIEW,no path match in OpenProj baseline; classify origin manually,
modules/microproject_core/src/test/java/com/microproject/pm/assignment/HasAssignmentsImplTest.java,microproject_core,test,HEAD,40e43095cd46b13dc4f4d0108c2146bcec01a2c70e371cd1f309be701ad11842,d2fa3c20a,,,0530be227f4a10c5545cce8d3db20ac5a4d76a66,REVIEW_REQUIRED,Unknown,false,REVIEW_REQUIRED,REVIEW_REQUIRED,REVIEW,no path match in OpenProj baseline; classify origin manually,
modules/microproject_core/src/test/java/com/microproject/pm/assignment/InvalidIntersectionFreezeTest.java,microproject_core,test,HEAD,5ab0d10fb55168776b2ee4caaf83f8016f3bd9c224329afb639d17b28e19b09e,d2fa3c20a,,,0530be227f4a10c5545cce8d3db20ac5a4d76a66,REVIEW_REQUIRED,Unknown,false,REVIEW_REQUIRED,REVIEW_REQUIRED,REVIEW,no path match in OpenProj baseline; classify origin manually,
modules/microproject_core/src/test/java/com/microproject/pm/assignment/TimeDistributedDataConsolidatorTest.java,microproject_core,test,HEAD,446183b48b8cce673ce23acbbb85ace815a8a9deada3d3b76e469879a143f20c,d2fa3c20a,,,0530be227f4a10c5545cce8d3db20ac5a4d76a66,REVIEW_REQUIRED,Unknown,false,REVIEW_REQUIRED,REVIEW_REQUIRED,REVIEW,no path match in OpenProj baseline; classify origin manually,
modules/microproject_core/src/test/java/com/microproject/pm/assignment/TimeDistributedHelperTest.java,microproject_core,test,HEAD,57d4c1676c8814284cadb0a766014597b033d2d6ea54d0784480741591934243,d2fa3c20a,,,0530be227f4a10c5545cce8d3db20ac5a4d76a66,REVIEW_REQUIRED,Unknown,false,REVIEW_REQUIRED,REVIEW_REQUIRED,REVIEW,no path match in OpenProj baseline; classify origin manually,
modules/microproject_core/src/test/java/com/microproject/pm/assignment/functor/AssignmentFieldClosureCollectionTest.java,microproject_core,test,HEAD,0a811e970d1f717f111ad2aaae5ac14b92ffe0645d74b80f8b314ddd661ff9b4,d2fa3c20a,,,0530be227f4a10c5545cce8d3db20ac5a4d76a66,REVIEW_REQUIRED,Unknown,false,REVIEW_REQUIRED,REVIEW_REQUIRED,REVIEW,no path match in OpenProj baseline; classify origin manually,
modules/microproject_core/src/test/java/com/microproject/pm/assignment/functor/PrintValueFunctorTest.java,microproject_core,test,HEAD,eafe4c70e909c6310f6777ead90069815dacdf0830ded58c3f300efd44273746,d2fa3c20a,,,0530be227f4a10c5545cce8d3db20ac5a4d76a66,REVIEW_REQUIRED,Unknown,false,REVIEW_REQUIRED,REVIEW_REQUIRED,REVIEW,no path match in OpenProj baseline; classify origin manually,
modules/microproject_core/src/test/java/com/microproject/pm/assignment/timesheet/AssignmentWorkflowStateTest.java,microproject_core,test,HEAD,a475b102323e2ef95038074e2c3641165407273de30389c36e703f2e5d461bd3,d2fa3c20a,,,0530be227f4a10c5545cce8d3db20ac5a4d76a66,REVIEW_REQUIRED,Unknown,false,REVIEW_REQUIRED,REVIEW_REQUIRED,REVIEW,no path match in OpenProj baseline; classify origin manually,
modules/microproject_core/src/test/java/com/microproject/pm/assignment/timesheet/TimesheetInfrastructureTest.java,microproject_core,test,HEAD,2d2a48905673d4e1961406b73f713d4c1e779046e18fe68216b46ed84281d2bb,d2fa3c20a,,,0530be227f4a10c5545cce8d3db20ac5a4d76a66,REVIEW_REQUIRED,Unknown,false,REVIEW_REQUIRED,REVIEW_REQUIRED,REVIEW,no path match in OpenProj baseline; classify origin manually,
modules/microproject_core/src/test/java/com/microproject/pm/calendar/CalendarCatalogTest.java,microproject_core,test,HEAD,6a8f0dee95fc50827257cdafc9410eb106c6435395328dd510b55b2da272b8bd,d2fa3c20a,,,0530be227f4a10c5545cce8d3db20ac5a4d76a66,REVIEW_REQUIRED,Unknown,false,REVIEW_REQUIRED,REVIEW_REQUIRED,REVIEW,no path match in OpenProj baseline; classify origin manually,
modules/microproject_core/src/test/java/com/microproject/pm/calendar/CalendarDefinitionDegenerateFuzzTest.java,microproject_core,test,HEAD,9cda507aabc240e43e0d208b05ca1da7fc9a2fcf804129bd6df96edf569938b0,d2fa3c20a,,,0530be227f4a10c5545cce8d3db20ac5a4d76a66,REVIEW_REQUIRED,Unknown,false,REVIEW_REQUIRED,REVIEW_REQUIRED,REVIEW,no path match in OpenProj baseline; classify origin manually,
modules/microproject_core/src/test/java/com/microproject/pm/calendar/CalendarDefinitionTest.java,microproject_core,test,HEAD,7d1bebe0440871bdb40cb4c11547bd12dbd45e167192a7a32fa5f577db418630,d2fa3c20a,,,0530be227f4a10c5545cce8d3db20ac5a4d76a66,REVIEW_REQUIRED,Unknown,false,REVIEW_REQUIRED,REVIEW_REQUIRED,REVIEW,no path match in OpenProj baseline; classify origin manually,
modules/microproject_core/src/test/java/com/microproject/pm/calendar/CalendarEventTest.java,microproject_core,test,HEAD,16f946fb503cb10482e61f1ac135e819b2a9ed5c63152d28d44be069b1407673,d2fa3c20a,,,0530be227f4a10c5545cce8d3db20ac5a4d76a66,REVIEW_REQUIRED,Unknown,false,REVIEW_REQUIRED,REVIEW_REQUIRED,REVIEW,no path match in OpenProj baseline; classify origin manually,
modules/microproject_core/src/test/java/com/microproject/pm/calendar/CalendarExceptionImporterTest.java,microproject_core,test,HEAD,909a1a6c3e386e0f16cebf556a592b121735721ec79d9a077059d12d88df3001,d2fa3c20a,,,0530be227f4a10c5545cce8d3db20ac5a4d76a66,REVIEW_REQUIRED,Unknown,false,REVIEW_REQUIRED,REVIEW_REQUIRED,REVIEW,no path match in OpenProj baseline; classify origin manually,
modules/microproject_core/src/test/java/com/microproject/pm/calendar/CalendarRecurrenceTest.java,microproject_core,test,HEAD,ed0b1bb238766ed8fc1a4b6630c75e7d625080eee70765c031f726387232e48d,d2fa3c20a,,,0530be227f4a10c5545cce8d3db20ac5a4d76a66,REVIEW_REQUIRED,Unknown,false,REVIEW_REQUIRED,REVIEW_REQUIRED,REVIEW,no path match in OpenProj baseline; classify origin manually,
modules/microproject_core/src/test/java/com/microproject/pm/calendar/CalendarServiceTest.java,microproject_core,test,HEAD,79bd2a1a71be3fcabf504f5afba746a516c052a4b2f755f6b01e4880071ff4c2,d2fa3c20a,,,0530be227f4a10c5545cce8d3db20ac5a4d76a66,REVIEW_REQUIRED,Unknown,false,REVIEW_REQUIRED,REVIEW_REQUIRED,REVIEW,no path match in OpenProj baseline; classify origin manually,
modules/microproject_core/src/test/java/com/microproject/pm/calendar/WorkDayTest.java,microproject_core,test,HEAD,fc4bedfce01718c4b12a84ff647eedba2ad1967dd8b92ace4fb202d79f8c7a83,d2fa3c20a,,,0530be227f4a10c5545cce8d3db20ac5a4d76a66,REVIEW_REQUIRED,Unknown,false,REVIEW_REQUIRED,REVIEW_REQUIRED,REVIEW,no path match in OpenProj baseline; classify origin manually,
modules/microproject_core/src/test/java/com/microproject/pm/calendar/WorkRangeTest.java,microproject_core,test,HEAD,32a89cf6ba6d50315bfb71c58a616cb639c56bfcfb0dd070f346b43a1ebe40b9,d2fa3c20a,,,0530be227f4a10c5545cce8d3db20ac5a4d76a66,REVIEW_REQUIRED,Unknown,false,REVIEW_REQUIRED,REVIEW_REQUIRED,REVIEW,no path match in OpenProj baseline; classify origin manually,
modules/microproject_core/src/test/java/com/microproject/pm/calendar/WorkingCalendarTest.java,microproject_core,test,HEAD,e6f7ecf8437875d2fd4f6914adb32aa0021fcd47ab4e21f25e48160dc71682fe,d2fa3c20a,,,0530be227f4a10c5545cce8d3db20ac5a4d76a66,REVIEW_REQUIRED,Unknown,false,REVIEW_REQUIRED,REVIEW_REQUIRED,REVIEW,no path match in OpenProj baseline; classify origin manually,
modules/microproject_core/src/test/java/com/microproject/pm/calendar/WorkingHoursTest.java,microproject_core,test,HEAD,44fac80d52d9441384ac8c09cd35b14db0effead561ae232fbab17b2a6c99b65,d2fa3c20a,,,0530be227f4a10c5545cce8d3db20ac5a4d76a66,REVIEW_REQUIRED,Unknown,false,REVIEW_REQUIRED,REVIEW_REQUIRED,REVIEW,no path match in OpenProj baseline; classify origin manually,
modules/microproject_core/src/test/java/com/microproject/pm/ccpm/CriticalChainBufferHistoryServiceTest.java,microproject_core,test,HEAD,376423b843c811089cd501f55a75c6e45a7263259912ce9669846367346e6f31,d2fa3c20a,,,0530be227f4a10c5545cce8d3db20ac5a4d76a66,REVIEW_REQUIRED,Unknown,false,REVIEW_REQUIRED,REVIEW_REQUIRED,REVIEW,no path match in OpenProj baseline; classify origin manually,
modules/microproject_core/src/test/java/com/microproject/pm/ccpm/CriticalChainServiceTest.java,microproject_core,test,HEAD,aeb408ef33cfdbd1502a1dcc9829f78224e34b38953f1b79cf2e3a7314599325,d2fa3c20a,,,0530be227f4a10c5545cce8d3db20ac5a4d76a66,REVIEW_REQUIRED,Unknown,false,REVIEW_REQUIRED,REVIEW_REQUIRED,REVIEW,no path match in OpenProj baseline; classify origin manually,
modules/microproject_core/src/test/java/com/microproject/pm/costing/EarnedValueCalculatorTest.java,microproject_core,test,HEAD,48999170ea6089d3dfdad29bf7db6fdf704fe5184cf4a4820308214b134f5f40,d2fa3c20a,,,0530be227f4a10c5545cce8d3db20ac5a4d76a66,REVIEW_REQUIRED,Unknown,false,REVIEW_REQUIRED,REVIEW_REQUIRED,REVIEW,no path match in OpenProj baseline; classify origin manually,
modules/microproject_core/src/test/java/com/microproject/pm/costing/PersistedKindCompatibilityTest.java,microproject_core,test,HEAD,a87901deee024408551a7e59505ff3d5e2a0966b7917757a3b23ecf522168236,d2fa3c20a,,,0530be227f4a10c5545cce8d3db20ac5a4d76a66,REVIEW_REQUIRED,Unknown,false,REVIEW_REQUIRED,REVIEW_REQUIRED,REVIEW,no path match in OpenProj baseline; classify origin manually,
modules/microproject_core/src/test/java/com/microproject/pm/criticalpath/PredecessorTaskListTraversalTest.java,microproject_core,test,HEAD,b72ce823015cea72607aafb0fd61403074995c14c64038dc349bcf967574d94f,d2fa3c20a,,,0530be227f4a10c5545cce8d3db20ac5a4d76a66,REVIEW_REQUIRED,Unknown,false,REVIEW_REQUIRED,REVIEW_REQUIRED,REVIEW,no path match in OpenProj baseline; classify origin manually,
modules/microproject_core/src/test/java/com/microproject/pm/criticalpath/TaskReferenceKindTest.java,microproject_core,test,HEAD,0a503057abc3bb7c032aebb6c371838ae50ee8204729c7c858341a2e793c8e82,d2fa3c20a,,,0530be227f4a10c5545cce8d3db20ac5a4d76a66,REVIEW_REQUIRED,Unknown,false,REVIEW_REQUIRED,REVIEW_REQUIRED,REVIEW,no path match in OpenProj baseline; classify origin manually,
modules/microproject_core/src/test/java/com/microproject/pm/criticalpath/TaskScheduleTest.java,microproject_core,test,HEAD,b8e4a43b151aa4995e44eea4d3987784748ae2b4dc518ee68a5a121987132886,d2fa3c20a,,,0530be227f4a10c5545cce8d3db20ac5a4d76a66,REVIEW_REQUIRED,Unknown,false,REVIEW_REQUIRED,REVIEW_REQUIRED,REVIEW,no path match in OpenProj baseline; classify origin manually,
modules/microproject_core/src/test/java/com/microproject/pm/dependency/DependencyServiceTest.java,microproject_core,test,HEAD,c04bb7372ad37536f1e048a812faab7b9626787749e140d3aba11fec573f7a6a,d2fa3c20a,,,0530be227f4a10c5545cce8d3db20ac5a4d76a66,REVIEW_REQUIRED,Unknown,false,REVIEW_REQUIRED,REVIEW_REQUIRED,REVIEW,no path match in OpenProj baseline; classify origin manually,
modules/microproject_core/src/test/java/com/microproject/pm/earnedvalue/EarnedValueIndicatorLabelTest.java,microproject_core,test,HEAD,c05d45cdf2083170d079160ebdabbd3084630e53505b3dad16a57bf26da47dd9,d2fa3c20a,,,0530be227f4a10c5545cce8d3db20ac5a4d76a66,REVIEW_REQUIRED,Unknown,false,REVIEW_REQUIRED,REVIEW_REQUIRED,REVIEW,no path match in OpenProj baseline; classify origin manually,
modules/microproject_core/src/test/java/com/microproject/pm/key/uniqueid/UniqueIdPoolTest.java,microproject_core,test,HEAD,badf441b66886103af3a75bc8d2bfff600c6e1e80d564dad51c7dfaba71ed820,d2fa3c20a,,,0530be227f4a10c5545cce8d3db20ac5a4d76a66,REVIEW_REQUIRED,Unknown,false,REVIEW_REQUIRED,REVIEW_REQUIRED,REVIEW,no path match in OpenProj baseline; classify origin manually,
modules/microproject_core/src/test/java/com/microproject/pm/resource/EnterpriseResourceFilterRolesTest.java,microproject_core,test,HEAD,7e79e940ce2c5e6b7fbca1346cb16c685438f79f825b2dbda985e5a9606b258a,d2fa3c20a,,,0530be227f4a10c5545cce8d3db20ac5a4d76a66,REVIEW_REQUIRED,Unknown,false,REVIEW_REQUIRED,REVIEW_REQUIRED,REVIEW,no path match in OpenProj baseline; classify origin manually,
modules/microproject_core/src/test/java/com/microproject/pm/resource/ResourceImplTest.java,microproject_core,test,HEAD,1fb165566a7206a092cff910783b3cc50f8bc7d90580665c6851071f640bd148,d2fa3c20a,,,0530be227f4a10c5545cce8d3db20ac5a4d76a66,REVIEW_REQUIRED,Unknown,false,REVIEW_REQUIRED,REVIEW_REQUIRED,REVIEW,no path match in OpenProj baseline; classify origin manually,
modules/microproject_core/src/test/java/com/microproject/pm/resource/ResourceLevelingServiceTest.java,microproject_core,test,HEAD,12bfe59dab06697e57ee44fc6d529dd56cadc47007af14c722419b9396b09854,d2fa3c20a,,,0530be227f4a10c5545cce8d3db20ac5a4d76a66,REVIEW_REQUIRED,Unknown,false,REVIEW_REQUIRED,REVIEW_REQUIRED,REVIEW,no path match in OpenProj baseline; classify origin manually,
modules/microproject_core/src/test/java/com/microproject/pm/resource/ResourcePoolIdentityTest.java,microproject_core,test,HEAD,a46df808b5fd479d996c15e1b6a14b47636e9001af78bed42a38836b50028f25,d2fa3c20a,,,0530be227f4a10c5545cce8d3db20ac5a4d76a66,REVIEW_REQUIRED,Unknown,false,REVIEW_REQUIRED,REVIEW_REQUIRED,REVIEW,no path match in OpenProj baseline; classify origin manually,
modules/microproject_core/src/test/java/com/microproject/pm/resource/ResourceTypeConfigurationTest.java,microproject_core,test,HEAD,b7404db30fba30a6b8cefa061143f86efb2d95102df4ee310d548573abd54a98,d2fa3c20a,,,0530be227f4a10c5545cce8d3db20ac5a4d76a66,REVIEW_REQUIRED,Unknown,false,REVIEW_REQUIRED,REVIEW_REQUIRED,REVIEW,no path match in OpenProj baseline; classify origin manually,
modules/microproject_core/src/test/java/com/microproject/pm/resource/ResourceTypeCostTest.java,microproject_core,test,HEAD,e1b5e219bd549a42f47688dc6fb17b7f9fe6a59e96dd32de12ba4a76dc27026c,d2fa3c20a,,,0530be227f4a10c5545cce8d3db20ac5a4d76a66,REVIEW_REQUIRED,Unknown,false,REVIEW_REQUIRED,REVIEW_REQUIRED,REVIEW,no path match in OpenProj baseline; classify origin manually,
modules/microproject_core/src/test/java/com/microproject/pm/resource/SharedResourcePoolServiceTest.java,microproject_core,test,HEAD,9facb56c82d3816d3a4e311b8cf3be991064f0bc56f8f7e5e151a183af768efd,d2fa3c20a,,,0530be227f4a10c5545cce8d3db20ac5a4d76a66,REVIEW_REQUIRED,Unknown,false,REVIEW_REQUIRED,REVIEW_REQUIRED,REVIEW,no path match in OpenProj baseline; classify origin manually,
modules/microproject_core/src/test/java/com/microproject/pm/resource/TeamPlannerServiceTest.java,microproject_core,test,HEAD,2b2a222d69f735cd0b683bcdfe3e5c52bd08e55490131b70da3054c1d70b39d0,d2fa3c20a,,,0530be227f4a10c5545cce8d3db20ac5a4d76a66,REVIEW_REQUIRED,Unknown,false,REVIEW_REQUIRED,REVIEW_REQUIRED,REVIEW,no path match in OpenProj baseline; classify origin manually,
modules/microproject_core/src/test/java/com/microproject/pm/scheduling/BarClosureTest.java,microproject_core,test,HEAD,73cf4a4d5f3e68121a1d89572595b6dfc89e681bc815b078dc756679f9c596dc,d2fa3c20a,,,0530be227f4a10c5545cce8d3db20ac5a4d76a66,REVIEW_REQUIRED,Unknown,false,REVIEW_REQUIRED,REVIEW_REQUIRED,REVIEW,no path match in OpenProj baseline; classify origin manually,
modules/microproject_core/src/test/java/com/microproject/pm/scheduling/ConstraintTypeKindTest.java,microproject_core,test,HEAD,4bb0a60a40767c6e3f6d79abaa9aad1331cee401ccd94ed3fd24229729be575a,d2fa3c20a,,,0530be227f4a10c5545cce8d3db20ac5a4d76a66,REVIEW_REQUIRED,Unknown,false,REVIEW_REQUIRED,REVIEW_REQUIRED,REVIEW,no path match in OpenProj baseline; classify origin manually,
modules/microproject_core/src/test/java/com/microproject/pm/scheduling/ScheduleIntervalTest.java,microproject_core,test,HEAD,eeb2abadb1a1e9f8873a1469adff14d764251588ae37a2ce60df26cfa21f5ba8,d2fa3c20a,,,0530be227f4a10c5545cce8d3db20ac5a4d76a66,REVIEW_REQUIRED,Unknown,false,REVIEW_REQUIRED,REVIEW_REQUIRED,REVIEW,no path match in OpenProj baseline; classify origin manually,
modules/microproject_core/src/test/java/com/microproject/pm/scheduling/ScheduleServiceConstraintTest.java,microproject_core,test,HEAD,e5b18b502974c4917e73a3387928f863da3fe31a5cc2d4eeac401db5cd14be6c,d2fa3c20a,,,0530be227f4a10c5545cce8d3db20ac5a4d76a66,REVIEW_REQUIRED,Unknown,false,REVIEW_REQUIRED,REVIEW_REQUIRED,REVIEW,no path match in OpenProj baseline; classify origin manually,
modules/microproject_core/src/test/java/com/microproject/pm/scheduling/ScheduleServiceSplitTest.java,microproject_core,test,HEAD,7f7299bf695a63ba86f7baeffffce13eb38f8595006fe438889330c72ff6e17b,d2fa3c20a,,,0530be227f4a10c5545cce8d3db20ac5a4d76a66,REVIEW_REQUIRED,Unknown,false,REVIEW_REQUIRED,REVIEW_REQUIRED,REVIEW,no path match in OpenProj baseline; classify origin manually,
modules/microproject_core/src/test/java/com/microproject/pm/scheduling/ScheduleUtilTest.java,microproject_core,test,HEAD,f2fbf138b2fb053352b40a7b5b3d911e961101e8ff7d7e701a83641c4adfbfd1,d2fa3c20a,,,0530be227f4a10c5545cce8d3db20ac5a4d76a66,REVIEW_REQUIRED,Unknown,false,REVIEW_REQUIRED,REVIEW_REQUIRED,REVIEW,no path match in OpenProj baseline; classify origin manually,
modules/microproject_core/src/test/java/com/microproject/pm/scheduling/SchedulingTypeTest.java,microproject_core,test,HEAD,cc6544672fd574643a72517076849d8f3025d80ab2550f3dc5814f911420b178,d2fa3c20a,,,0530be227f4a10c5545cce8d3db20ac5a4d76a66,REVIEW_REQUIRED,Unknown,false,REVIEW_REQUIRED,REVIEW_REQUIRED,REVIEW,no path match in OpenProj baseline; classify origin manually,
modules/microproject_core/src/test/java/com/microproject/pm/scheduling/TaskLinkAndBarAdversarialThirtyCasesTest.java,microproject_core,test,HEAD,a600c3fb27240d03ffc0887299cd89ad92dbc909a4c536a95d06932b646c27fc,d2fa3c20a,,,0530be227f4a10c5545cce8d3db20ac5a4d76a66,REVIEW_REQUIRED,Unknown,false,REVIEW_REQUIRED,REVIEW_REQUIRED,REVIEW,no path match in OpenProj baseline; classify origin manually,
modules/microproject_core/src/test/java/com/microproject/pm/scheduling/TaskLinkAndBarMovementThirtyCasesTest.java,microproject_core,test,HEAD,1a03330f6c8acc2dfb68e3488283e653d1efb0235baa0fba9a19121c9c79c671,d2fa3c20a,,,0530be227f4a10c5545cce8d3db20ac5a4d76a66,REVIEW_REQUIRED,Unknown,false,REVIEW_REQUIRED,REVIEW_REQUIRED,REVIEW,no path match in OpenProj baseline; classify origin manually,
modules/microproject_core/src/test/java/com/microproject/pm/snapshot/SnapshottableImplTest.java,microproject_core,test,HEAD,073f19f2d8918497c268449988345c871923fd76113ef07f3ad18c7af9899bc8,d2fa3c20a,,,0530be227f4a10c5545cce8d3db20ac5a4d76a66,REVIEW_REQUIRED,Unknown,false,REVIEW_REQUIRED,REVIEW_REQUIRED,REVIEW,no path match in OpenProj baseline; classify origin manually,
modules/microproject_core/src/test/java/com/microproject/pm/task/DefaultSubProjTest.java,microproject_core,test,HEAD,e1e370ed80c1333af3105e3ec6e1c8eac5d1abde6198d5550a5e0289e92d0cbd,d2fa3c20a,,,0530be227f4a10c5545cce8d3db20ac5a4d76a66,REVIEW_REQUIRED,Unknown,false,REVIEW_REQUIRED,REVIEW_REQUIRED,REVIEW,no path match in OpenProj baseline; classify origin manually,
modules/microproject_core/src/test/java/com/microproject/pm/task/DefaultSubprojectHandlerTest.java,microproject_core,test,HEAD,9cf58c0b08d95cc58a92a8dbaf3ba228ddb630a413caa6e8ae8505f1478b5c5c,d2fa3c20a,,,0530be227f4a10c5545cce8d3db20ac5a4d76a66,REVIEW_REQUIRED,Unknown,false,REVIEW_REQUIRED,REVIEW_REQUIRED,REVIEW,no path match in OpenProj baseline; classify origin manually,
modules/microproject_core/src/test/java/com/microproject/pm/task/FinderTest.java,microproject_core,test,HEAD,55203fdc44ea71a8e978f5b5ca1670983790a7113d2138e9cddc060e1e63dfe5,d2fa3c20a,,,0530be227f4a10c5545cce8d3db20ac5a4d76a66,REVIEW_REQUIRED,Unknown,false,REVIEW_REQUIRED,REVIEW_REQUIRED,REVIEW,no path match in OpenProj baseline; classify origin manually,
modules/microproject_core/src/test/java/com/microproject/pm/task/ManualAndInactiveTaskSchedulingTest.java,microproject_core,test,HEAD,efd7f76c30929a0d0cc2fa416b4fe327e0f52de4828ef849c2052ade0beac80a,d2fa3c20a,,,0530be227f4a10c5545cce8d3db20ac5a4d76a66,REVIEW_REQUIRED,Unknown,false,REVIEW_REQUIRED,REVIEW_REQUIRED,REVIEW,no path match in OpenProj baseline; classify origin manually,
modules/microproject_core/src/test/java/com/microproject/pm/task/NormalTaskCriticalPathCompatibilityTest.java,microproject_core,test,HEAD,241fbc9f0c1c92a309b158d465c5b0c105e53ea4044573b2bede3ee37b00a90e,d2fa3c20a,,,0530be227f4a10c5545cce8d3db20ac5a4d76a66,REVIEW_REQUIRED,Unknown,false,REVIEW_REQUIRED,REVIEW_REQUIRED,REVIEW,no path match in OpenProj baseline; classify origin manually,
modules/microproject_core/src/test/java/com/microproject/pm/task/NormalTaskDurationTest.java,microproject_core,test,HEAD,4a074a17904bf34facfcfc499e011499c1b9855fad5f919513c90fafe8d7f0bc,d2fa3c20a,,,0530be227f4a10c5545cce8d3db20ac5a4d76a66,REVIEW_REQUIRED,Unknown,false,REVIEW_REQUIRED,REVIEW_REQUIRED,REVIEW,no path match in OpenProj baseline; classify origin manually,
modules/microproject_core/src/test/java/com/microproject/pm/task/NormalTaskPercentCompleteTest.java,microproject_core,test,HEAD,e3b7b0302903fdda524f72220b537f443ff2632bc60ae1dad2cb274c863c6002,d2fa3c20a,,,0530be227f4a10c5545cce8d3db20ac5a4d76a66,REVIEW_REQUIRED,Unknown,false,REVIEW_REQUIRED,REVIEW_REQUIRED,REVIEW,no path match in OpenProj baseline; classify origin manually,
modules/microproject_core/src/test/java/com/microproject/pm/task/NormalTaskResourceNamesTest.java,microproject_core,test,HEAD,5e27e3677fa899b88732496fa26738c2870e66a4a207027aa4e376980827a0af,d2fa3c20a,,,0530be227f4a10c5545cce8d3db20ac5a4d76a66,REVIEW_REQUIRED,Unknown,false,REVIEW_REQUIRED,REVIEW_REQUIRED,REVIEW,no path match in OpenProj baseline; classify origin manually,
modules/microproject_core/src/test/java/com/microproject/pm/task/PortfolioDocumentTest.java,microproject_core,test,HEAD,fbd10ff275fea06c24c43357133746070ea4764fa5cd8b8eb46b000965d71d48,d2fa3c20a,,,0530be227f4a10c5545cce8d3db20ac5a4d76a66,REVIEW_REQUIRED,Unknown,false,REVIEW_REQUIRED,REVIEW_REQUIRED,REVIEW,no path match in OpenProj baseline; classify origin manually,
modules/microproject_core/src/test/java/com/microproject/pm/task/ProjectChoiceKindTest.java,microproject_core,test,HEAD,1825b32bf29f7b23cf5db7933407d61f348e6938b8f539f2d9c6fea8a51e0aa1,d2fa3c20a,,,0530be227f4a10c5545cce8d3db20ac5a4d76a66,REVIEW_REQUIRED,Unknown,false,REVIEW_REQUIRED,REVIEW_REQUIRED,REVIEW,no path match in OpenProj baseline; classify origin manually,
modules/microproject_core/src/test/java/com/microproject/pm/task/ProjectEventKindTest.java,microproject_core,test,HEAD,3e07774f25b808e32633b74b959c4f3a866cf9ef3546c9c6de09735263c28b5d,d2fa3c20a,,,0530be227f4a10c5545cce8d3db20ac5a4d76a66,REVIEW_REQUIRED,Unknown,false,REVIEW_REQUIRED,REVIEW_REQUIRED,REVIEW,no path match in OpenProj baseline; classify origin manually,
modules/microproject_core/src/test/java/com/microproject/pm/task/ProjectFactoryClosingTest.java,microproject_core,test,HEAD,0aef419eb08906567a1ed543c5650ee4d9e11c651c00f88ebba5ea55babce1cd,d2fa3c20a,,,0530be227f4a10c5545cce8d3db20ac5a4d76a66,REVIEW_REQUIRED,Unknown,false,REVIEW_REQUIRED,REVIEW_REQUIRED,REVIEW,no path match in OpenProj baseline; classify origin manually,
modules/microproject_core/src/test/java/com/microproject/pm/task/ProjectHierarchyQueriesTest.java,microproject_core,test,HEAD,7a218cc0c9e28709e2bf985960ebb518828ee16d68ceed18d43cd39e318fae8b,d2fa3c20a,,,0530be227f4a10c5545cce8d3db20ac5a4d76a66,REVIEW_REQUIRED,Unknown,false,REVIEW_REQUIRED,REVIEW_REQUIRED,REVIEW,no path match in OpenProj baseline; classify origin manually,
modules/microproject_core/src/test/java/com/microproject/pm/task/ProjectScheduleBehaviorTest.java,microproject_core,test,HEAD,769b58f238f64931c90b08ed0739d1759dd7f46ee84a597788edb526d8e5f567,d2fa3c20a,,,0530be227f4a10c5545cce8d3db20ac5a4d76a66,REVIEW_REQUIRED,Unknown,false,REVIEW_REQUIRED,REVIEW_REQUIRED,REVIEW,no path match in OpenProj baseline; classify origin manually,
modules/microproject_core/src/test/java/com/microproject/pm/task/ProjectTitleFormattingTest.java,microproject_core,test,HEAD,3ce0b10b162724f8fd2873317ec7c80a9df7d1d054028efdcaadced6de78f732,d2fa3c20a,,,0530be227f4a10c5545cce8d3db20ac5a4d76a66,REVIEW_REQUIRED,Unknown,false,REVIEW_REQUIRED,REVIEW_REQUIRED,REVIEW,no path match in OpenProj baseline; classify origin manually,
modules/microproject_core/src/test/java/com/microproject/pm/task/RecurringTaskGeneratorTest.java,microproject_core,test,HEAD,d40e3e0ec18d6af1201093d0621ec80769bd9839ce884965023c02f2fd05eaa9,d2fa3c20a,,,0530be227f4a10c5545cce8d3db20ac5a4d76a66,REVIEW_REQUIRED,Unknown,false,REVIEW_REQUIRED,REVIEW_REQUIRED,REVIEW,no path match in OpenProj baseline; classify origin manually,
modules/microproject_core/src/test/java/com/microproject/pm/task/RecurringTaskSpecTest.java,microproject_core,test,HEAD,3000abb322f4ba3b8a25a2241acfccbd637852457229a5a8997e8dd5b1cca3bb,d2fa3c20a,,,0530be227f4a10c5545cce8d3db20ac5a4d76a66,REVIEW_REQUIRED,Unknown,false,REVIEW_REQUIRED,REVIEW_REQUIRED,REVIEW,no path match in OpenProj baseline; classify origin manually,
modules/microproject_core/src/test/java/com/microproject/pm/task/ScheduleDiagnosticsServiceTest.java,microproject_core,test,HEAD,3ac3f22a270251d87c7d1eb29419e6397976e847afed845db5c17ae8a8a474b3,d2fa3c20a,,,0530be227f4a10c5545cce8d3db20ac5a4d76a66,REVIEW_REQUIRED,Unknown,false,REVIEW_REQUIRED,REVIEW_REQUIRED,REVIEW,no path match in OpenProj baseline; classify origin manually,
modules/microproject_core/src/test/java/com/microproject/pm/task/SubprojectDisplayFieldTest.java,microproject_core,test,HEAD,ca6584a8ceec9f585b7975a51c1cb5921cb8fe36dcea2e80461c2571cc00262a,d2fa3c20a,,,0530be227f4a10c5545cce8d3db20ac5a4d76a66,REVIEW_REQUIRED,Unknown,false,REVIEW_REQUIRED,REVIEW_REQUIRED,REVIEW,no path match in OpenProj baseline; classify origin manually,
modules/microproject_core/src/test/java/com/microproject/pm/task/TaskCleanupTest.java,microproject_core,test,HEAD,243dbc2b61a3ad6fe0d4b594d863aec377e79475aff28da47f26cbcf00982c79,d2fa3c20a,,,0530be227f4a10c5545cce8d3db20ac5a4d76a66,REVIEW_REQUIRED,Unknown,false,REVIEW_REQUIRED,REVIEW_REQUIRED,REVIEW,no path match in OpenProj baseline; classify origin manually,
modules/microproject_core/src/test/java/com/microproject/pm/task/TaskDependencyInvalidationTest.java,microproject_core,test,HEAD,ce7aed8a6a9bf8e9ef585c91eb3e8b72b69279369a94f0576c47f53fc4afd49b,d2fa3c20a,,,0530be227f4a10c5545cce8d3db20ac5a4d76a66,REVIEW_REQUIRED,Unknown,false,REVIEW_REQUIRED,REVIEW_REQUIRED,REVIEW,no path match in OpenProj baseline; classify origin manually,
modules/microproject_core/src/test/java/com/microproject/pm/task/TaskExpenseTypeTest.java,microproject_core,test,HEAD,be13da38b4fdb667316f6e310c4312c1e208f3c408b9c1368cbb23efd649f198,d2fa3c20a,,,0530be227f4a10c5545cce8d3db20ac5a4d76a66,REVIEW_REQUIRED,Unknown,false,REVIEW_REQUIRED,REVIEW_REQUIRED,REVIEW,no path match in OpenProj baseline; classify origin manually,
modules/microproject_core/src/test/java/com/microproject/pm/task/TaskFontPropertiesTest.java,microproject_core,test,HEAD,cb38add3392f39abd6017983ea8b1fca2e7df7379f6606cde0867ec106ce57d0,d2fa3c20a,,,0530be227f4a10c5545cce8d3db20ac5a4d76a66,REVIEW_REQUIRED,Unknown,false,REVIEW_REQUIRED,REVIEW_REQUIRED,REVIEW,no path match in OpenProj baseline; classify origin manually,
modules/microproject_core/src/test/java/com/microproject/pm/task/TaskModeServiceTest.java,microproject_core,test,HEAD,e90f2d89f1c5c827bd75d0f49a7d8f9fb796ff2ef40a2a2f746a0b29528e8883,d2fa3c20a,,,0530be227f4a10c5545cce8d3db20ac5a4d76a66,REVIEW_REQUIRED,Unknown,false,REVIEW_REQUIRED,REVIEW_REQUIRED,REVIEW,no path match in OpenProj baseline; classify origin manually,
modules/microproject_core/src/test/java/com/microproject/pm/task/TaskProgressServiceTest.java,microproject_core,test,HEAD,66ec8ed7c5873579fed3f3d79365150ec88b8b7ebc6bb666f134b50c1856258b,d2fa3c20a,,,0530be227f4a10c5545cce8d3db20ac5a4d76a66,REVIEW_REQUIRED,Unknown,false,REVIEW_REQUIRED,REVIEW_REQUIRED,REVIEW,no path match in OpenProj baseline; classify origin manually,
modules/microproject_core/src/test/java/com/microproject/pm/task/TaskVisibilityStateTest.java,microproject_core,test,HEAD,1f582185defa9f59c65527f747c56f0237f90dbff9b16afb55d927b1e924c90b,d2fa3c20a,,,0530be227f4a10c5545cce8d3db20ac5a4d76a66,REVIEW_REQUIRED,Unknown,false,REVIEW_REQUIRED,REVIEW_REQUIRED,REVIEW,no path match in OpenProj baseline; classify origin manually,
modules/microproject_core/src/test/java/com/microproject/pm/task/UpdateProjectRequestTest.java,microproject_core,test,HEAD,f087f2825a3073b6b12aa34af20e278417843d46f570ad599a1076a270ddc4c7,d2fa3c20a,,,0530be227f4a10c5545cce8d3db20ac5a4d76a66,REVIEW_REQUIRED,Unknown,false,REVIEW_REQUIRED,REVIEW_REQUIRED,REVIEW,no path match in OpenProj baseline; classify origin manually,
modules/microproject_core/src/test/java/com/microproject/pm/time/IntervalConsolidationTest.java,microproject_core,test,HEAD,e6966aa225c1ad8361dcd02b76da46ef6b097b0688dea54cee1358d46030d0e6,d2fa3c20a,,,0530be227f4a10c5545cce8d3db20ac5a4d76a66,REVIEW_REQUIRED,Unknown,false,REVIEW_REQUIRED,REVIEW_REQUIRED,REVIEW,no path match in OpenProj baseline; classify origin manually,
modules/microproject_core/src/test/java/com/microproject/port/PortApiTest.java,microproject_core,test,HEAD,ccdb068d380df521490785579825e8681f35bf9c7158a69919ce146dad65548f,d2fa3c20a,,,0530be227f4a10c5545cce8d3db20ac5a4d76a66,REVIEW_REQUIRED,Unknown,false,REVIEW_REQUIRED,REVIEW_REQUIRED,REVIEW,no path match in OpenProj baseline; classify origin manually,
modules/microproject_core/src/test/java/com/microproject/preference/GlobalPreferencesTest.java,microproject_core,test,HEAD,a87269efc44c655ef6830c35cdfdd48938d37efa3a37633846876df7618f76cb,d2fa3c20a,,,0530be227f4a10c5545cce8d3db20ac5a4d76a66,REVIEW_REQUIRED,Unknown,false,REVIEW_REQUIRED,REVIEW_REQUIRED,REVIEW,no path match in OpenProj baseline; classify origin manually,
modules/microproject_core/src/test/java/com/microproject/print/ExtendedPageFormatTest.java,microproject_core,test,HEAD,f32e855ac72ff30dd475f328152c67cf2df00b7a674c33e32e57ff57bc5c501e,d2fa3c20a,,,0530be227f4a10c5545cce8d3db20ac5a4d76a66,REVIEW_REQUIRED,Unknown,false,REVIEW_REQUIRED,REVIEW_REQUIRED,REVIEW,no path match in OpenProj baseline; classify origin manually,
modules/microproject_core/src/test/java/com/microproject/print/FitToSettingsTest.java,microproject_core,test,HEAD,f50435c0dd5b18813db3bcd4da6f007720d001a367fa083921970c5b679b3156,d2fa3c20a,,,0530be227f4a10c5545cce8d3db20ac5a4d76a66,REVIEW_REQUIRED,Unknown,false,REVIEW_REQUIRED,REVIEW_REQUIRED,REVIEW,no path match in OpenProj baseline; classify origin manually,
modules/microproject_core/src/test/java/com/microproject/script/ContextStoreTest.java,microproject_core,test,HEAD,00b536d3d1f9c3119794dc9543bc82d7b6235b74b615bdbd34ae59c57c5769de,d2fa3c20a,,,0530be227f4a10c5545cce8d3db20ac5a4d76a66,REVIEW_REQUIRED,Unknown,false,REVIEW_REQUIRED,REVIEW_REQUIRED,REVIEW,no path match in OpenProj baseline; classify origin manually,
modules/microproject_core/src/test/java/com/microproject/script/FieldArrayUtilTest.java,microproject_core,test,HEAD,a94646c7b6675c906370be18fb6bcdd6b0a06e82771d16334b33900ca4305a2f,d2fa3c20a,,,0530be227f4a10c5545cce8d3db20ac5a4d76a66,REVIEW_REQUIRED,Unknown,false,REVIEW_REQUIRED,REVIEW_REQUIRED,REVIEW,no path match in OpenProj baseline; classify origin manually,
modules/microproject_core/src/test/java/com/microproject/script/object/TimeIntervalsTest.java,microproject_core,test,HEAD,334008a394354dc51dc3860be272778e31f76d6352c3db70cfcb869d750d6d35,d2fa3c20a,,,0530be227f4a10c5545cce8d3db20ac5a4d76a66,REVIEW_REQUIRED,Unknown,false,REVIEW_REQUIRED,REVIEW_REQUIRED,REVIEW,no path match in OpenProj baseline; classify origin manually,
modules/microproject_core/src/test/java/com/microproject/scripting/FormulaClassTest.java,microproject_core,test,HEAD,59221e8eb015a0d5408195a4258280a5b815922becd14daf1b5e020d44aef2bb,d2fa3c20a,,,0530be227f4a10c5545cce8d3db20ac5a4d76a66,REVIEW_REQUIRED,Unknown,false,REVIEW_REQUIRED,REVIEW_REQUIRED,REVIEW,no path match in OpenProj baseline; classify origin manually,
modules/microproject_core/src/test/java/com/microproject/scripting/GroovyClassCompilerTest.java,microproject_core,test,HEAD,1a7b2b1e5fcad865ae8c3ff53704a858a069c46ddc3205aa0a6db68cf07e3ef6,d2fa3c20a,,,0530be227f4a10c5545cce8d3db20ac5a4d76a66,REVIEW_REQUIRED,Unknown,false,REVIEW_REQUIRED,REVIEW_REQUIRED,REVIEW,no path match in OpenProj baseline; classify origin manually,
modules/microproject_core/src/test/java/com/microproject/scripting/formulas/TaskFormulaTest.java,microproject_core,test,HEAD,ebc2a56495d6f09fd1af7ce64a252973d7187e07ce82563cc53dfafe59b8945e,d2fa3c20a,,,0530be227f4a10c5545cce8d3db20ac5a4d76a66,REVIEW_REQUIRED,Unknown,false,REVIEW_REQUIRED,REVIEW_REQUIRED,REVIEW,no path match in OpenProj baseline; classify origin manually,
modules/microproject_core/src/test/java/com/microproject/server/data/DistributionConverterTest.java,microproject_core,test,HEAD,45d72fce8ef6eac10649b33571ddd6ba8cc5bfc44a60d3d3dad418d083ab3b15,d2fa3c20a,,,0530be227f4a10c5545cce8d3db20ac5a4d76a66,REVIEW_REQUIRED,Unknown,false,REVIEW_REQUIRED,REVIEW_REQUIRED,REVIEW,no path match in OpenProj baseline; classify origin manually,
modules/microproject_core/src/test/java/com/microproject/server/data/DistributionDataTest.java,microproject_core,test,HEAD,04e4e00aaa2649fa5f5d05fcac45e78cd88696a0d1a3eab51aa189cb567c487f,d2fa3c20a,,,0530be227f4a10c5545cce8d3db20ac5a4d76a66,REVIEW_REQUIRED,Unknown,false,REVIEW_REQUIRED,REVIEW_REQUIRED,REVIEW,no path match in OpenProj baseline; classify origin manually,
modules/microproject_core/src/test/java/com/microproject/server/data/ProjectDataTest.java,microproject_core,test,HEAD,754a786ce2a33088ada14903709ea6faa887ab7efa4d0dfad48b0ec8109225a2,d2fa3c20a,,,0530be227f4a10c5545cce8d3db20ac5a4d76a66,REVIEW_REQUIRED,Unknown,false,REVIEW_REQUIRED,REVIEW_REQUIRED,REVIEW,no path match in OpenProj baseline; classify origin manually,
modules/microproject_core/src/test/java/com/microproject/session/AbstractSessionTest.java,microproject_core,test,HEAD,93cd129b02ec537ba1eccb1ca4ffca294534859f39b3cb7ebf5c4f8227a58619,d2fa3c20a,,,0530be227f4a10c5545cce8d3db20ac5a4d76a66,REVIEW_REQUIRED,Unknown,false,REVIEW_REQUIRED,REVIEW_REQUIRED,REVIEW,no path match in OpenProj baseline; classify origin manually,
modules/microproject_core/src/test/java/com/microproject/session/FileHelperEdgeCaseTest.java,microproject_core,test,HEAD,a70587dd8900b03ea8a0c0f1ec26a7560b188dc1bad1ccc3c08eed4dd9e007db,d2fa3c20a,,,0530be227f4a10c5545cce8d3db20ac5a4d76a66,REVIEW_REQUIRED,Unknown,false,REVIEW_REQUIRED,REVIEW_REQUIRED,REVIEW,no path match in OpenProj baseline; classify origin manually,
modules/microproject_core/src/test/java/com/microproject/session/LocalSessionLoadFailureTest.java,microproject_core,test,HEAD,d335dccae45bd9489930f42d64aa47362363cdefb6644c624bcc811185a960e1,d2fa3c20a,,,0530be227f4a10c5545cce8d3db20ac5a4d76a66,REVIEW_REQUIRED,Unknown,false,REVIEW_REQUIRED,REVIEW_REQUIRED,REVIEW,no path match in OpenProj baseline; classify origin manually,
modules/microproject_core/src/test/java/com/microproject/session/LocalSessionSubprojectTest.java,microproject_core,test,HEAD,df256a547127c8693d14ac846c3e9f3d1c6f0341a29f399c8db690f1ef7a505a,d2fa3c20a,,,0530be227f4a10c5545cce8d3db20ac5a4d76a66,REVIEW_REQUIRED,Unknown,false,REVIEW_REQUIRED,REVIEW_REQUIRED,REVIEW,no path match in OpenProj baseline; classify origin manually,
modules/microproject_core/src/test/java/com/microproject/temporary/TemporaryCleanupQueueTest.java,microproject_core,test,HEAD,4824f03afd40438ea93ddfbf6d59fd28fa9fdcb4867d850ec51c8123ba5767d4,d2fa3c20a,,,0530be227f4a10c5545cce8d3db20ac5a4d76a66,REVIEW_REQUIRED,Unknown,false,REVIEW_REQUIRED,REVIEW_REQUIRED,REVIEW,no path match in OpenProj baseline; classify origin manually,
modules/microproject_core/src/test/java/com/microproject/timescale/TimeScaleLocaleTest.java,microproject_core,test,HEAD,a0ea6aa61d27dd6be196061b0cb7167ee79f92c6bf1a66b8f368c5637bdf68bc,d2fa3c20a,,,0530be227f4a10c5545cce8d3db20ac5a4d76a66,REVIEW_REQUIRED,Unknown,false,REVIEW_REQUIRED,REVIEW_REQUIRED,REVIEW,no path match in OpenProj baseline; classify origin manually,
modules/microproject_core/src/test/java/com/microproject/timescale/TimeScaleManagerTest.java,microproject_core,test,HEAD,32908d761d74544328413dc36cef796b290fb3e17002a825c5b67075f2b212a9,d2fa3c20a,,,0530be227f4a10c5545cce8d3db20ac5a4d76a66,REVIEW_REQUIRED,Unknown,false,REVIEW_REQUIRED,REVIEW_REQUIRED,REVIEW,no path match in OpenProj baseline; classify origin manually,
modules/microproject_core/src/test/java/com/microproject/undo/FieldEditTest.java,microproject_core,test,HEAD,9fb73034333515af504ca41fd61e496f918aea30ff672a750f440a91c760321e,d2fa3c20a,,,0530be227f4a10c5545cce8d3db20ac5a4d76a66,REVIEW_REQUIRED,Unknown,false,REVIEW_REQUIRED,REVIEW_REQUIRED,REVIEW,no path match in OpenProj baseline; classify origin manually,
modules/microproject_core/src/test/java/com/microproject/undo/ScheduleBackupEditTest.java,microproject_core,test,HEAD,9b89a02120a8a616d3dd4f51f0fb3d5871bcf842ebf7f06483d9d99eb323b1ca,d2fa3c20a,,,0530be227f4a10c5545cce8d3db20ac5a4d76a66,REVIEW_REQUIRED,Unknown,false,REVIEW_REQUIRED,REVIEW_REQUIRED,REVIEW,no path match in OpenProj baseline; classify origin manually,
modules/microproject_core/src/test/java/com/microproject/undo/SplitEditTest.java,microproject_core,test,HEAD,2d5d5d18c2494a928877f8226ca6066e679f19e8c4929bd8d127494f99cb5caa,d2fa3c20a,,,0530be227f4a10c5545cce8d3db20ac5a4d76a66,REVIEW_REQUIRED,Unknown,false,REVIEW_REQUIRED,REVIEW_REQUIRED,REVIEW,no path match in OpenProj baseline; classify origin manually,
modules/microproject_core/src/test/java/com/microproject/undo/UndoControllerBatchModeTest.java,microproject_core,test,HEAD,6a36794af1ecd6f6d663867f0ed0518f9f972006270c921815588d72fba3b91a,d2fa3c20a,,,0530be227f4a10c5545cce8d3db20ac5a4d76a66,REVIEW_REQUIRED,Unknown,false,REVIEW_REQUIRED,REVIEW_REQUIRED,REVIEW,no path match in OpenProj baseline; classify origin manually,
modules/microproject_core/src/test/java/com/microproject/util/ClassUtilsReadOnlyTest.java,microproject_core,test,HEAD,3a28ccd6b127a55ca851983adc47db0c6f48df376d93d868659038557fae6247,d2fa3c20a,,,0530be227f4a10c5545cce8d3db20ac5a4d76a66,REVIEW_REQUIRED,Unknown,false,REVIEW_REQUIRED,REVIEW_REQUIRED,REVIEW,no path match in OpenProj baseline; classify origin manually,
modules/microproject_core/src/test/java/com/microproject/util/DataUtilsTest.java,microproject_core,test,HEAD,968b01ebbbd004673b5155865efce5b155884ae55f721e2e2cf22b6bcd5cf80c,d2fa3c20a,,,0530be227f4a10c5545cce8d3db20ac5a4d76a66,REVIEW_REQUIRED,Unknown,false,REVIEW_REQUIRED,REVIEW_REQUIRED,REVIEW,no path match in OpenProj baseline; classify origin manually,
modules/microproject_core/src/test/java/com/microproject/util/DisplayMathTest.java,microproject_core,test,HEAD,08912b3c372aea549a371d4d226bdd11d9a531338393742427f78c208e165378,d2fa3c20a,,,0530be227f4a10c5545cce8d3db20ac5a4d76a66,REVIEW_REQUIRED,Unknown,false,REVIEW_REQUIRED,REVIEW_REQUIRED,REVIEW,no path match in OpenProj baseline; classify origin manually,
modules/microproject_core/src/test/java/com/microproject/util/EnvironmentTest.java,microproject_core,test,HEAD,09cf06d1b957b2c45ead6ff18c57b3d6958e1e55c4529e458618380fcfe03c53,d2fa3c20a,,,0530be227f4a10c5545cce8d3db20ac5a4d76a66,REVIEW_REQUIRED,Unknown,false,REVIEW_REQUIRED,REVIEW_REQUIRED,REVIEW,no path match in OpenProj baseline; classify origin manually,
modules/microproject_core/src/test/java/com/microproject/util/PopupDialogSupportTest.java,microproject_core,test,HEAD,e7e779be3141e160b594ca8ed445ac024d317056a28fa562b01cbf0c0df5d327,d2fa3c20a,,,0530be227f4a10c5545cce8d3db20ac5a4d76a66,REVIEW_REQUIRED,Unknown,false,REVIEW_REQUIRED,REVIEW_REQUIRED,REVIEW,no path match in OpenProj baseline; classify origin manually,
modules/microproject_core/src/test/java/com/microproject/util/PopupDialogUsageAuditTest.java,microproject_core,test,HEAD,08fa6d4b463ee14391b0ff08d29d4c3ea35f253f8ec799218f45f8ee8192aa0b,d2fa3c20a,,,0530be227f4a10c5545cce8d3db20ac5a4d76a66,REVIEW_REQUIRED,Unknown,false,REVIEW_REQUIRED,REVIEW_REQUIRED,REVIEW,no path match in OpenProj baseline; classify origin manually,
modules/microproject_core/src/test/java/com/microproject/util/SafeFileReplaceTest.java,microproject_core,test,HEAD,318881937b6418b6e5d73cb14fa194a1f3141ec7c649d66a36f8cdaf1fa183e4,d2fa3c20a,,,0530be227f4a10c5545cce8d3db20ac5a4d76a66,REVIEW_REQUIRED,Unknown,false,REVIEW_REQUIRED,REVIEW_REQUIRED,REVIEW,no path match in OpenProj baseline; classify origin manually,
modules/microproject_core/src/test/java/com/microproject/util/SafeObjectInputTest.java,microproject_core,test,HEAD,4ed027bad72ebaae9e38c2600dc63698c7d1dda832612fbc39e4549d1909706d,d2fa3c20a,,,0530be227f4a10c5545cce8d3db20ac5a4d76a66,REVIEW_REQUIRED,Unknown,false,REVIEW_REQUIRED,REVIEW_REQUIRED,REVIEW,no path match in OpenProj baseline; classify origin manually,
modules/microproject_core/src/test/java/com/microproject/util/SpecialDateFormatConcurrencyTest.java,microproject_core,test,HEAD,5aa1ddd7001612a1b942f8408c27d37513b3e40d5266f272e3e216d1576aadc5,d2fa3c20a,,,0530be227f4a10c5545cce8d3db20ac5a4d76a66,REVIEW_REQUIRED,Unknown,false,REVIEW_REQUIRED,REVIEW_REQUIRED,REVIEW,no path match in OpenProj baseline; classify origin manually,
modules/microproject_core/src/test/java/com/microproject/util/TimeInputParserTest.java,microproject_core,test,HEAD,ef5ba19b95733786308ce7e13850808b38b488c3280ff38b87951c1e92ea7678,d2fa3c20a,,,0530be227f4a10c5545cce8d3db20ac5a4d76a66,REVIEW_REQUIRED,Unknown,false,REVIEW_REQUIRED,REVIEW_REQUIRED,REVIEW,no path match in OpenProj baseline; classify origin manually,
modules/microproject_core/src/test/java/com/microproject/util/UiServicesFileChooserProviderTest.java,microproject_core,test,HEAD,9c64167be3df0fc1bc1b349127d4051ac0b8fad0603b14c30dace71b00b28241,d2fa3c20a,,,0530be227f4a10c5545cce8d3db20ac5a4d76a66,REVIEW_REQUIRED,Unknown,false,REVIEW_REQUIRED,REVIEW_REQUIRED,REVIEW,no path match in OpenProj baseline; classify origin manually,
modules/microproject_core/src/test/java/com/microproject/util/VersionParseTest.java,microproject_core,test,HEAD,e6af43b7d1e06513e6e66ebc0b2ed3fec6c9ff8af9c0d0c1ea5891710c9b9997,d2fa3c20a,,,0530be227f4a10c5545cce8d3db20ac5a4d76a66,REVIEW_REQUIRED,Unknown,false,REVIEW_REQUIRED,REVIEW_REQUIRED,REVIEW,no path match in OpenProj baseline; classify origin manually,
modules/microproject_core/src/test/java/com/microproject/util/VersionUtilsTest.java,microproject_core,test,HEAD,9f8228911c003c9ddabe77bb2ed7757e93d78b8b0019138ca200db00b31d65f3,d2fa3c20a,,,0530be227f4a10c5545cce8d3db20ac5a4d76a66,REVIEW_REQUIRED,Unknown,false,REVIEW_REQUIRED,REVIEW_REQUIRED,REVIEW,no path match in OpenProj baseline; classify origin manually,
modules/microproject_core/src/test/java/com/microproject/util/YearlessDateInputParserTest.java,microproject_core,test,HEAD,6c0ec6460cc7493994070c9ab2e207e13c9864db2fd0a34ba55d6778cfa8da77,d2fa3c20a,,,0530be227f4a10c5545cce8d3db20ac5a4d76a66,REVIEW_REQUIRED,Unknown,false,REVIEW_REQUIRED,REVIEW_REQUIRED,REVIEW,no path match in OpenProj baseline; classify origin manually,
modules/microproject_exchange/.gitignore,microproject_exchange,other,HEAD,011944fae84d5c0f64d150e38daee4b583d6a31d828c305d0424521603f1b309,d2fa3c20a,,,0530be227f4a10c5545cce8d3db20ac5a4d76a66,REVIEW_REQUIRED,Unknown,false,REVIEW_REQUIRED,REVIEW_REQUIRED,REVIEW,no path match in OpenProj baseline; classify origin manually,
modules/microproject_exchange/build.gradle.kts,microproject_exchange,other,HEAD,b3b86cff2db1f0627207f20aac7078af43aea8c8e98f4958e2eedd5fd8e09274,d2fa3c20a,,,0530be227f4a10c5545cce8d3db20ac5a4d76a66,REVIEW_REQUIRED,Unknown,false,REVIEW_REQUIRED,REVIEW_REQUIRED,REVIEW,no path match in OpenProj baseline; classify origin manually,
modules/microproject_exchange/src/main/java/com/microproject/core/pm/exchange/MspImporter.java,microproject_exchange,java,HEAD,b928ebc0bcfb2bbfdb515f50a7c16c1c2697bcc9b5b45dc92d20c0474ca1f1c7,d2fa3c20a,,,0530be227f4a10c5545cce8d3db20ac5a4d76a66,REVIEW_REQUIRED,Unknown,false,REVIEW_REQUIRED,REVIEW_REQUIRED,REVIEW,no path match in OpenProj baseline; classify origin manually,
modules/microproject_exchange/src/main/java/com/microproject/core/pm/exchange/converters/mpx/MpxAssignmentConverter.java,microproject_exchange,java,HEAD,ecc78964196d173ad5a983475d8d82348197d08fac5bda5e82ed1d029b080c44,d2fa3c20a,,,0530be227f4a10c5545cce8d3db20ac5a4d76a66,REVIEW_REQUIRED,Unknown,false,REVIEW_REQUIRED,REVIEW_REQUIRED,REVIEW,no path match in OpenProj baseline; classify origin manually,
modules/microproject_exchange/src/main/java/com/microproject/core/pm/exchange/converters/mpx/MpxCalendarConverter.java,microproject_exchange,java,HEAD,4e020b12263c8c4d19c634ef1f434fc3b108c02cb553143f09cda9e936aa6da3,d2fa3c20a,,,0530be227f4a10c5545cce8d3db20ac5a4d76a66,REVIEW_REQUIRED,Unknown,false,REVIEW_REQUIRED,REVIEW_REQUIRED,REVIEW,no path match in OpenProj baseline; classify origin manually,
modules/microproject_exchange/src/main/java/com/microproject/core/pm/exchange/converters/mpx/MpxCalendarRecurrenceConverter.java,microproject_exchange,java,HEAD,134cd170a4c308839bcf43df54a9d9b8ebbb12a3c3544016f56cf2d3fc31e1ae,d2fa3c20a,,,0530be227f4a10c5545cce8d3db20ac5a4d76a66,REVIEW_REQUIRED,Unknown,false,REVIEW_REQUIRED,REVIEW_REQUIRED,REVIEW,no path match in OpenProj baseline; classify origin manually,
modules/microproject_exchange/src/main/java/com/microproject/core/pm/exchange/converters/mpx/MpxDependencyConverter.java,microproject_exchange,java,HEAD,0f243723c0f9abfca682bdde26aa69d117c6b0d1f13116d12a289964a80938a6,d2fa3c20a,,,0530be227f4a10c5545cce8d3db20ac5a4d76a66,REVIEW_REQUIRED,Unknown,false,REVIEW_REQUIRED,REVIEW_REQUIRED,REVIEW,no path match in OpenProj baseline; classify origin manually,
modules/microproject_exchange/src/main/java/com/microproject/core/pm/exchange/converters/mpx/MpxExceptionConverter.java,microproject_exchange,java,HEAD,6efc806733c1981aaad7fd2066c9abc1227da91925716b6c3a5f424bb7e4963d,d2fa3c20a,,,0530be227f4a10c5545cce8d3db20ac5a4d76a66,REVIEW_REQUIRED,Unknown,false,REVIEW_REQUIRED,REVIEW_REQUIRED,REVIEW,no path match in OpenProj baseline; classify origin manually,
modules/microproject_exchange/src/main/java/com/microproject/core/pm/exchange/converters/mpx/MpxImportState.java,microproject_exchange,java,HEAD,193b746c752a19a5d07366ddf148ab60dc831747a456c7f0d71580ee8de0274c,d2fa3c20a,,,0530be227f4a10c5545cce8d3db20ac5a4d76a66,REVIEW_REQUIRED,Unknown,false,REVIEW_REQUIRED,REVIEW_REQUIRED,REVIEW,no path match in OpenProj baseline; classify origin manually,
modules/microproject_exchange/src/main/java/com/microproject/core/pm/exchange/converters/mpx/MpxOptionsConverter.java,microproject_exchange,java,HEAD,3dac0a45ae8f965a274fb21a49930036ec4ed5835dd1aa27e77b65893647cd0a,d2fa3c20a,,,0530be227f4a10c5545cce8d3db20ac5a4d76a66,REVIEW_REQUIRED,Unknown,false,REVIEW_REQUIRED,REVIEW_REQUIRED,REVIEW,no path match in OpenProj baseline; classify origin manually,
modules/microproject_exchange/src/main/java/com/microproject/core/pm/exchange/converters/mpx/MpxProjectConverter.java,microproject_exchange,java,HEAD,3874221affd48135b2357a9db8d0e6992bc709b952f44f8735f1f3d7d5f5398f,d2fa3c20a,,,0530be227f4a10c5545cce8d3db20ac5a4d76a66,REVIEW_REQUIRED,Unknown,false,REVIEW_REQUIRED,REVIEW_REQUIRED,REVIEW,no path match in OpenProj baseline; classify origin manually,
modules/microproject_exchange/src/main/java/com/microproject/core/pm/exchange/converters/mpx/MpxRangeConverter.java,microproject_exchange,java,HEAD,8055f0a20543b0eec2d3c911321bed6f5ae2de055b4811092dee65561607f591,d2fa3c20a,,,0530be227f4a10c5545cce8d3db20ac5a4d76a66,REVIEW_REQUIRED,Unknown,false,REVIEW_REQUIRED,REVIEW_REQUIRED,REVIEW,no path match in OpenProj baseline; classify origin manually,
modules/microproject_exchange/src/main/java/com/microproject/core/pm/exchange/converters/mpx/MpxResourceConverter.java,microproject_exchange,java,HEAD,2e4b0a3bc30f19b24a418e6fd7e6fd1d8eb7b9e1e1fbc0c6f2038988e26a55b1,d2fa3c20a,,,0530be227f4a10c5545cce8d3db20ac5a4d76a66,REVIEW_REQUIRED,Unknown,false,REVIEW_REQUIRED,REVIEW_REQUIRED,REVIEW,no path match in OpenProj baseline; classify origin manually,
modules/microproject_exchange/src/main/java/com/microproject/core/pm/exchange/converters/mpx/MpxTaskConverter.java,microproject_exchange,java,HEAD,6c1ab0103c20d61f8907341139dd01bcbe44e1d598b4293b8ad8ea1f0c0ea136,d2fa3c20a,,,0530be227f4a10c5545cce8d3db20ac5a4d76a66,REVIEW_REQUIRED,Unknown,false,REVIEW_REQUIRED,REVIEW_REQUIRED,REVIEW,no path match in OpenProj baseline; classify origin manually,
modules/microproject_exchange/src/main/java/com/microproject/core/pm/exchange/converters/mpx/MpxUtils.java,microproject_exchange,java,HEAD,00c723094eadf35302eff1bb315c8cf6eec65d37722d0f0f900ff5e0549dd56c,d2fa3c20a,,,0530be227f4a10c5545cce8d3db20ac5a4d76a66,REVIEW_REQUIRED,Unknown,false,REVIEW_REQUIRED,REVIEW_REQUIRED,REVIEW,no path match in OpenProj baseline; classify origin manually,
modules/microproject_exchange/src/main/java/com/microproject/core/pm/exchange/converters/mpx/type/MpxAccrueTypeConverter.java,microproject_exchange,java,HEAD,9741e7cbb3e2d10ed403393ad21a19f12670c77042fe9665812433f2db85bf5f,d2fa3c20a,,,0530be227f4a10c5545cce8d3db20ac5a4d76a66,REVIEW_REQUIRED,Unknown,false,REVIEW_REQUIRED,REVIEW_REQUIRED,REVIEW,no path match in OpenProj baseline; classify origin manually,
modules/microproject_exchange/src/main/java/com/microproject/core/pm/exchange/converters/mpx/type/MpxConstraintTypeConverter.java,microproject_exchange,java,HEAD,86ea1fbb3f3c21d3cc724d324856fd1b2c5c51c52d55c181edea0cdaf37e8e18,d2fa3c20a,,,0530be227f4a10c5545cce8d3db20ac5a4d76a66,REVIEW_REQUIRED,Unknown,false,REVIEW_REQUIRED,REVIEW_REQUIRED,REVIEW,no path match in OpenProj baseline; classify origin manually,
modules/microproject_exchange/src/main/java/com/microproject/core/pm/exchange/converters/mpx/type/MpxDependencyTypeConverter.java,microproject_exchange,java,HEAD,f29f52947a1551d55b4b89599d25739863121ccf0b45c903601d40ccacd21f01,d2fa3c20a,,,0530be227f4a10c5545cce8d3db20ac5a4d76a66,REVIEW_REQUIRED,Unknown,false,REVIEW_REQUIRED,REVIEW_REQUIRED,REVIEW,no path match in OpenProj baseline; classify origin manually,
modules/microproject_exchange/src/main/java/com/microproject/core/pm/exchange/converters/mpx/type/MpxEarnedValueMethodConverter.java,microproject_exchange,java,HEAD,d41ced601fceb4d8c1fb70d89d3d76bdd609f7019f88ee844c9cec929280906f,d2fa3c20a,,,0530be227f4a10c5545cce8d3db20ac5a4d76a66,REVIEW_REQUIRED,Unknown,false,REVIEW_REQUIRED,REVIEW_REQUIRED,REVIEW,no path match in OpenProj baseline; classify origin manually,
modules/microproject_exchange/src/main/java/com/microproject/core/pm/exchange/converters/mpx/type/MpxPriorityConverter.java,microproject_exchange,java,HEAD,ab5c64d87d3ab5cdd3a1ddde7507c0d07bd6d9717706d86b72947f5a7d245f31,d2fa3c20a,,,0530be227f4a10c5545cce8d3db20ac5a4d76a66,REVIEW_REQUIRED,Unknown,false,REVIEW_REQUIRED,REVIEW_REQUIRED,REVIEW,no path match in OpenProj baseline; classify origin manually,
modules/microproject_exchange/src/main/java/com/microproject/core/pm/exchange/converters/mpx/type/MpxScheduleFromConverter.java,microproject_exchange,java,HEAD,939b3ac91209a16a479d7b0eec47bd98caead4da056123a842015bd413aa1408,d2fa3c20a,,,0530be227f4a10c5545cce8d3db20ac5a4d76a66,REVIEW_REQUIRED,Unknown,false,REVIEW_REQUIRED,REVIEW_REQUIRED,REVIEW,no path match in OpenProj baseline; classify origin manually,
modules/microproject_exchange/src/main/java/com/microproject/core/pm/exchange/converters/mpx/type/MpxSchedulingTypeConverter.java,microproject_exchange,java,HEAD,7c658a72b813fca215ef6851cb59a44ed13213698cfcf60c80fc4fa222695b52,d2fa3c20a,,,0530be227f4a10c5545cce8d3db20ac5a4d76a66,REVIEW_REQUIRED,Unknown,false,REVIEW_REQUIRED,REVIEW_REQUIRED,REVIEW,no path match in OpenProj baseline; classify origin manually,
modules/microproject_exchange/src/main/java/com/microproject/core/pm/exchange/converters/type/CalendarUTCLongConverter.java,microproject_exchange,java,HEAD,60bcd02cf9e8b398a90e3cadb33a58b3f97bfaec3dee292d9ac09edd452b1734,d2fa3c20a,,,0530be227f4a10c5545cce8d3db20ac5a4d76a66,REVIEW_REQUIRED,Unknown,false,REVIEW_REQUIRED,REVIEW_REQUIRED,REVIEW,no path match in OpenProj baseline; classify origin manually,
modules/microproject_exchange/src/main/java/com/microproject/core/pm/exchange/converters/type/DateHoursMinsConverter.java,microproject_exchange,java,HEAD,695526f03b02c18543f235d6f90e50d775392b5f1660ad2bff3633541f527ee4,d2fa3c20a,,,0530be227f4a10c5545cce8d3db20ac5a4d76a66,REVIEW_REQUIRED,Unknown,false,REVIEW_REQUIRED,REVIEW_REQUIRED,REVIEW,no path match in OpenProj baseline; classify origin manually,
modules/microproject_exchange/src/main/java/com/microproject/core/pm/exchange/converters/type/DateLongConverter.java,microproject_exchange,java,HEAD,efd9da9727949d2aa5e8a4e7db8cc405756533a5bedd8619fb31e2b3501d694e,d2fa3c20a,,,0530be227f4a10c5545cce8d3db20ac5a4d76a66,REVIEW_REQUIRED,Unknown,false,REVIEW_REQUIRED,REVIEW_REQUIRED,REVIEW,no path match in OpenProj baseline; classify origin manually,
modules/microproject_exchange/src/main/java/com/microproject/core/pm/exchange/converters/type/DateUTCConverter.java,microproject_exchange,java,HEAD,71887947ebf6cdfd8281fcc468218e68e7c08ef0da411568eed975842d74b377,d2fa3c20a,,,0530be227f4a10c5545cce8d3db20ac5a4d76a66,REVIEW_REQUIRED,Unknown,false,REVIEW_REQUIRED,REVIEW_REQUIRED,REVIEW,no path match in OpenProj baseline; classify origin manually,
modules/microproject_exchange/src/main/java/com/microproject/core/pm/exchange/converters/type/DateUTCLongConverter.java,microproject_exchange,java,HEAD,b096b0081ea43ce40da3c131a05c16c3407990c0b2b29a078ca08d2357fb60ab,d2fa3c20a,,,0530be227f4a10c5545cce8d3db20ac5a4d76a66,REVIEW_REQUIRED,Unknown,false,REVIEW_REQUIRED,REVIEW_REQUIRED,REVIEW,no path match in OpenProj baseline; classify origin manually,
modules/microproject_exchange/src/main/java/com/microproject/core/pm/exchange/converters/type/LongDateConverter.java,microproject_exchange,java,HEAD,ecf4572e6a662ee816455d81f7df337751b4ee96fc91f05f1008adda338d15b8,d2fa3c20a,,,0530be227f4a10c5545cce8d3db20ac5a4d76a66,REVIEW_REQUIRED,Unknown,false,REVIEW_REQUIRED,REVIEW_REQUIRED,REVIEW,no path match in OpenProj baseline; classify origin manually,
modules/microproject_exchange/src/main/java/com/microproject/core/pm/exchange/converters/type/NumberDoubleConverter.java,microproject_exchange,java,HEAD,80ed94bbf5733ae326436848f0ce25c9cb9273bfa32287ce7b6b82a3db63be74,d2fa3c20a,,,0530be227f4a10c5545cce8d3db20ac5a4d76a66,REVIEW_REQUIRED,Unknown,false,REVIEW_REQUIRED,REVIEW_REQUIRED,REVIEW,no path match in OpenProj baseline; classify origin manually,
modules/microproject_exchange/src/main/java/com/microproject/core/pm/exchange/converters/type/PercentNumberRatioDoubleConverter.java,microproject_exchange,java,HEAD,cd06dc4701790666a95c35cc6ae62aa2734c97f3ec741f043e206ec06920c07c,d2fa3c20a,,,0530be227f4a10c5545cce8d3db20ac5a4d76a66,REVIEW_REQUIRED,Unknown,false,REVIEW_REQUIRED,REVIEW_REQUIRED,REVIEW,no path match in OpenProj baseline; classify origin manually,
modules/microproject_exchange/src/main/java/com/microproject/core/pm/exchange/converters/type/TruncatedStringConverter.java,microproject_exchange,java,HEAD,be2c7b35461e81f0d3930160bbf02e2f42465f2c3dd753c8e7e7f184f6a3e4cf,d2fa3c20a,,,0530be227f4a10c5545cce8d3db20ac5a4d76a66,REVIEW_REQUIRED,Unknown,false,REVIEW_REQUIRED,REVIEW_REQUIRED,REVIEW,no path match in OpenProj baseline; classify origin manually,
modules/microproject_exchange/src/main/java/com/microproject/exchange/BoundedInput.java,microproject_exchange,java,HEAD,92cacef58bd7f93d7b1b48967b3766cd1f1ffe977d99d9fbdad6f93141a0bcd0,d2fa3c20a,,,0530be227f4a10c5545cce8d3db20ac5a4d76a66,REVIEW_REQUIRED,Unknown,false,REVIEW_REQUIRED,REVIEW_REQUIRED,REVIEW,no path match in OpenProj baseline; classify origin manually,
modules/microproject_exchange/src/main/java/com/microproject/exchange/Context.java,microproject_exchange,java,HEAD,8b380c78c717a8669226eecf7e729daa0f77d482fb5fbcbf54dc0891279ddf37,d2fa3c20a,openproj_exchange/src/com/projity/exchange/Context.java,cad6a134de3300b03ff4680c49d658abfa8674bd96c4063ee7074f263eada398,0530be227f4a10c5545cce8d3db20ac5a4d76a66,REVIEW_REQUIRED,Unknown,true,REVIEW_REQUIRED,REVIEW_REQUIRED,KEEP_OPENPROJ,normalized content matches OpenProj baseline,
modules/microproject_exchange/src/main/java/com/microproject/exchange/DefaultFileImporterProvider.java,microproject_exchange,java,HEAD,3ce5d07ddae6843939439854d7aeba937bb276c651469a2f2df461f51c95c109,d2fa3c20a,,,0530be227f4a10c5545cce8d3db20ac5a4d76a66,REVIEW_REQUIRED,Unknown,false,REVIEW_REQUIRED,REVIEW_REQUIRED,REVIEW,no path match in OpenProj baseline; classify origin manually,
modules/microproject_exchange/src/main/java/com/microproject/exchange/FileImporterPortAdapter.java,microproject_exchange,java,HEAD,221869b05ba6a5cb90746e3c53761a8c7a54f8f1ad62c3edd006f2669bddee68,d2fa3c20a,,,0530be227f4a10c5545cce8d3db20ac5a4d76a66,REVIEW_REQUIRED,Unknown,false,REVIEW_REQUIRED,REVIEW_REQUIRED,REVIEW,no path match in OpenProj baseline; classify origin manually,
modules/microproject_exchange/src/main/java/com/microproject/exchange/ImportedCalendarService.java,microproject_exchange,java,HEAD,26492e1a2b79e520190af69305455516028898534716f88d19d342cbc37a707b,d2fa3c20a,openproj_exchange/src/com/projity/exchange/ImportedCalendarService.java,64cb56f1d09e69826b40809311866458faa5e1c8fd645fedecbb1f98fb82ae02,0530be227f4a10c5545cce8d3db20ac5a4d76a66,REVIEW_REQUIRED,Unknown,false,REVIEW_REQUIRED,REVIEW_REQUIRED,REVIEW,OpenProj path exists but content differs; perform hunk-level comparison,
modules/microproject_exchange/src/main/java/com/microproject/exchange/MicrosoftImporter.java,microproject_exchange,java,HEAD,0deca7d510b4677cebcddbde188d2d02ac9f4dbd5176ffb9305bf7c1a1957a1b,d2fa3c20a,openproj_exchange/src/com/projity/exchange/MicrosoftImporter.java,d179a485ddc0d5bac570e8c5127b22eb21ced75dc94618e0be56f8855eb9d1c4,0530be227f4a10c5545cce8d3db20ac5a4d76a66,REVIEW_REQUIRED,Unknown,false,REVIEW_REQUIRED,REVIEW_REQUIRED,REVIEW,OpenProj path exists but content differs; perform hunk-level comparison,
modules/microproject_exchange/src/main/java/com/microproject/exchange/MpoArchiveBudgetValidator.java,microproject_exchange,java,HEAD,5d208b5a5aa939b0b81369dbb0c9788dea327b43815964994cc0418994e74bce,d2fa3c20a,,,0530be227f4a10c5545cce8d3db20ac5a4d76a66,REVIEW_REQUIRED,Unknown,false,REVIEW_REQUIRED,REVIEW_REQUIRED,REVIEW,no path match in OpenProj baseline; classify origin manually,
modules/microproject_exchange/src/main/java/com/microproject/exchange/MpoArchiveSnapshot.java,microproject_exchange,java,HEAD,f1df5e9e38c51e8d47530357a2980d1c89ab8c4d0aceb002c403ded6781c447b,d2fa3c20a,,,0530be227f4a10c5545cce8d3db20ac5a4d76a66,REVIEW_REQUIRED,Unknown,false,REVIEW_REQUIRED,REVIEW_REQUIRED,REVIEW,no path match in OpenProj baseline; classify origin manually,
modules/microproject_exchange/src/main/java/com/microproject/exchange/MpoArchiveValidator.java,microproject_exchange,java,HEAD,2940e9577234afb441503e117a0200cfb917256077fed1a821804d804376cfe3,d2fa3c20a,,,0530be227f4a10c5545cce8d3db20ac5a4d76a66,REVIEW_REQUIRED,Unknown,false,REVIEW_REQUIRED,REVIEW_REQUIRED,REVIEW,no path match in OpenProj baseline; classify origin manually,
modules/microproject_exchange/src/main/java/com/microproject/exchange/MpoExtractionOwnershipRegistry.java,microproject_exchange,java,HEAD,a7f44ec3ff5b365af393be1b4a127804a6ea2cde74bee348574409c3e1722a2a,d2fa3c20a,,,0530be227f4a10c5545cce8d3db20ac5a4d76a66,REVIEW_REQUIRED,Unknown,false,REVIEW_REQUIRED,REVIEW_REQUIRED,REVIEW,no path match in OpenProj baseline; classify origin manually,
modules/microproject_exchange/src/main/java/com/microproject/exchange/MpoExtractionSession.java,microproject_exchange,java,HEAD,f1327cd1ce1472387b1e36f90e4417bfd96ea229b654fd41158c2508a9c1fe3f,d2fa3c20a,,,0530be227f4a10c5545cce8d3db20ac5a4d76a66,REVIEW_REQUIRED,Unknown,false,REVIEW_REQUIRED,REVIEW_REQUIRED,REVIEW,no path match in OpenProj baseline; classify origin manually,
modules/microproject_exchange/src/main/java/com/microproject/exchange/MpoFileImporter.java,microproject_exchange,java,HEAD,b5dce48e53ca1510434c8dc868571da27bc554a09310c158f516a36b6266fbc7,d2fa3c20a,,,0530be227f4a10c5545cce8d3db20ac5a4d76a66,REVIEW_REQUIRED,Unknown,false,REVIEW_REQUIRED,REVIEW_REQUIRED,REVIEW,no path match in OpenProj baseline; classify origin manually,
modules/microproject_exchange/src/main/java/com/microproject/exchange/MpoFormatVersion.java,microproject_exchange,java,HEAD,2d037f0dc8bd488a40f0acb8d09b848f07a5d9ce5943173065da97299464acd5,d2fa3c20a,,,0530be227f4a10c5545cce8d3db20ac5a4d76a66,REVIEW_REQUIRED,Unknown,false,REVIEW_REQUIRED,REVIEW_REQUIRED,REVIEW,no path match in OpenProj baseline; classify origin manually,
modules/microproject_exchange/src/main/java/com/microproject/exchange/MpoMergePlan.java,microproject_exchange,java,HEAD,41d8842a63d3ab6669b2dfc88496b7a1151369d8398cf529bd34575723449b79,d2fa3c20a,,,0530be227f4a10c5545cce8d3db20ac5a4d76a66,REVIEW_REQUIRED,Unknown,false,REVIEW_REQUIRED,REVIEW_REQUIRED,REVIEW,no path match in OpenProj baseline; classify origin manually,
modules/microproject_exchange/src/main/java/com/microproject/exchange/MpoPartialApplyException.java,microproject_exchange,java,HEAD,d831260226b6f1cd36f4b4fd1b67f21cc236f7f6408e3e05708a33bf2f905ee7,d2fa3c20a,,,0530be227f4a10c5545cce8d3db20ac5a4d76a66,REVIEW_REQUIRED,Unknown,false,REVIEW_REQUIRED,REVIEW_REQUIRED,REVIEW,no path match in OpenProj baseline; classify origin manually,
modules/microproject_exchange/src/main/java/com/microproject/exchange/MpoValidationDiagnostic.java,microproject_exchange,java,HEAD,d9a03042767e1888a229319e5afd9a6977254d7c408536918670778bb7f71d3f,d2fa3c20a,,,0530be227f4a10c5545cce8d3db20ac5a4d76a66,REVIEW_REQUIRED,Unknown,false,REVIEW_REQUIRED,REVIEW_REQUIRED,REVIEW,no path match in OpenProj baseline; classify origin manually,
modules/microproject_exchange/src/main/java/com/microproject/exchange/MpoValidationResult.java,microproject_exchange,java,HEAD,63f1db7095b20e21b0b4ae65c6578f36846c831be735133dd650faca7c9d3af4,d2fa3c20a,,,0530be227f4a10c5545cce8d3db20ac5a4d76a66,REVIEW_REQUIRED,Unknown,false,REVIEW_REQUIRED,REVIEW_REQUIRED,REVIEW,no path match in OpenProj baseline; classify origin manually,
modules/microproject_exchange/src/main/java/com/microproject/exchange/ServerFileImporter.java,microproject_exchange,java,HEAD,a1db2de461ebb279f6a53079c26131b11cfea7a955a8bde656c7adc5a79397b5,d2fa3c20a,openproj_exchange/src/com/projity/exchange/ServerFileImporter.java,ea44c30fe73a7bbb795dafe7d21f36378065151e64092ca3be4c63932e49f9df,0530be227f4a10c5545cce8d3db20ac5a4d76a66,REVIEW_REQUIRED,Unknown,false,REVIEW_REQUIRED,REVIEW_REQUIRED,REVIEW,OpenProj path exists but content differs; perform hunk-level comparison,
modules/microproject_exchange/src/main/java/com/microproject/exchange/ServerLocalFileImporter.java,microproject_exchange,java,HEAD,2540d8949063ad8828e711665527a23b4fadc97cd79e1745519d8a3d7d7162d6,d2fa3c20a,openproj_exchange/src/com/projity/exchange/ServerLocalFileImporter.java,07f30c91ccaf04734c16fcdf4750d66e3ea95bd4e9a772131b6597f7727ed229,0530be227f4a10c5545cce8d3db20ac5a4d76a66,REVIEW_REQUIRED,Unknown,false,REVIEW_REQUIRED,REVIEW_REQUIRED,REVIEW,OpenProj path exists but content differs; perform hunk-level comparison,
modules/microproject_exchange/src/main/java/com/microproject/exchange/mpxj/MpxjApi.java,microproject_exchange,java,HEAD,88572a3e0cf912908245ba722bfa1d73e47a39edded710f8f7fac9b24303dc61,d2fa3c20a,,,0530be227f4a10c5545cce8d3db20ac5a4d76a66,REVIEW_REQUIRED,Unknown,false,REVIEW_REQUIRED,REVIEW_REQUIRED,REVIEW,no path match in OpenProj baseline; classify origin manually,
modules/microproject_exchange/src/main/java/com/microproject/exchange/mpxj/ProjectWriterFactory.java,microproject_exchange,java,HEAD,c87e6f15f60ab332eca58af1465aa2222b1b7eda9abafcbe18a1ebc5dc6dfc9c,d2fa3c20a,,,0530be227f4a10c5545cce8d3db20ac5a4d76a66,REVIEW_REQUIRED,Unknown,false,REVIEW_REQUIRED,REVIEW_REQUIRED,REVIEW,no path match in OpenProj baseline; classify origin manually,
modules/microproject_exchange/src/main/java/com/microproject/exchange/xlsx/ProjectLibreXlsxReader.java,microproject_exchange,java,HEAD,b079792f9c32740ad4be39e9188d610504e2746bbb5ab19ece1df035987d3bf0,d2fa3c20a,,,0530be227f4a10c5545cce8d3db20ac5a4d76a66,REVIEW_REQUIRED,Unknown,false,REVIEW_REQUIRED,REVIEW_REQUIRED,REVIEW,no path match in OpenProj baseline; classify origin manually,
modules/microproject_exchange/src/main/java/com/microproject/exchange/xlsx/ProjectLibreXlsxWriter.java,microproject_exchange,java,HEAD,af42ae2c5598614b14bd9f044525325e0a71a3e8f4b57f2fe71fe1b9c6640734,d2fa3c20a,,,0530be227f4a10c5545cce8d3db20ac5a4d76a66,REVIEW_REQUIRED,Unknown,false,REVIEW_REQUIRED,REVIEW_REQUIRED,REVIEW,no path match in OpenProj baseline; classify origin manually,
modules/microproject_exchange/src/main/java/com/microproject/server/data/AssignmentData.java,microproject_exchange,java,HEAD,837231a7bfc25a85ac4745378ea32503a6be906defcb15d63fa368db82b47c22,d2fa3c20a,openproj_exchange/src/com/projity/server/data/AssignmentData.java,681b16ad97b4b9f43b9d9c6eaff148e95b5868401a7c74691b8d59273e65d9da,0530be227f4a10c5545cce8d3db20ac5a4d76a66,REVIEW_REQUIRED,Unknown,false,REVIEW_REQUIRED,REVIEW_REQUIRED,REVIEW,OpenProj path exists but content differs; perform hunk-level comparison,
modules/microproject_exchange/src/main/java/com/microproject/server/data/ByteArrayObject.java,microproject_exchange,java,HEAD,d7ee988d192fbb2c6dd0a6aa0c08ab6921d308a7c9888766dc576e9b15a8e5e5,d2fa3c20a,openproj_exchange/src/com/projity/server/data/ByteArrayObject.java,4fa91d108187166f9ea386226262dc0d0ab8a7e8008fc23186f1884359ec7763,0530be227f4a10c5545cce8d3db20ac5a4d76a66,REVIEW_REQUIRED,Unknown,true,REVIEW_REQUIRED,REVIEW_REQUIRED,KEEP_OPENPROJ,normalized content matches OpenProj baseline,
modules/microproject_exchange/src/main/java/com/microproject/server/data/CompanyData.java,microproject_exchange,java,HEAD,818dd4c60d80d5ae50f7388ea2e683a2013058858f2f9ce124c1f150f3dffe9f,d2fa3c20a,openproj_exchange/src/com/projity/server/data/CompanyData.java,c05f47a70170fe60b7bd2d9a3c5343dc3ec6c3d869e538bed4bbb3db1124c87d,0530be227f4a10c5545cce8d3db20ac5a4d76a66,REVIEW_REQUIRED,Unknown,true,REVIEW_REQUIRED,REVIEW_REQUIRED,KEEP_OPENPROJ,normalized content matches OpenProj baseline,
modules/microproject_exchange/src/main/java/com/microproject/server/data/CustomFieldsMapper.java,microproject_exchange,java,HEAD,7580f897252925a3e6586762a38c130610d39d37fa89da0aae2acb509a621bb4,d2fa3c20a,openproj_exchange/src/com/projity/server/data/CustomFieldsMapper.java,e78484fa5b37e4c0bd316fc0aee0827001ffa776777bf36426f605ba801b3727,0530be227f4a10c5545cce8d3db20ac5a4d76a66,REVIEW_REQUIRED,Unknown,false,REVIEW_REQUIRED,REVIEW_REQUIRED,REVIEW,OpenProj path exists but content differs; perform hunk-level comparison,
modules/microproject_exchange/src/main/java/com/microproject/server/data/DataObjectImpl.java,microproject_exchange,java,HEAD,a32c1d6ddd47dce87ce42da78b53edc56efd09c164946fd871607b6faad8cca9,d2fa3c20a,openproj_exchange/src/com/projity/server/data/DataObjectImpl.java,6277bd76a2215cefd4a8042911df04a8f2459a1f53585e85f60317c91c08cbe7,0530be227f4a10c5545cce8d3db20ac5a4d76a66,REVIEW_REQUIRED,Unknown,false,REVIEW_REQUIRED,REVIEW_REQUIRED,REVIEW,OpenProj path exists but content differs; perform hunk-level comparison,
modules/microproject_exchange/src/main/java/com/microproject/server/data/EnterpriseResourceData.java,microproject_exchange,java,HEAD,42a06cfd3c95e1b160d418db0d522cef247a6b00f3d60342628dfce669201fe3,d2fa3c20a,openproj_exchange/src/com/projity/server/data/EnterpriseResourceData.java,d734f89cb79b96695daff19473fed17afa9e6a125c6c41be064d551d75ee5a3d,0530be227f4a10c5545cce8d3db20ac5a4d76a66,REVIEW_REQUIRED,Unknown,true,REVIEW_REQUIRED,REVIEW_REQUIRED,KEEP_OPENPROJ,normalized content matches OpenProj baseline,
modules/microproject_exchange/src/main/java/com/microproject/server/data/GroupData.java,microproject_exchange,java,HEAD,71934e65d02508c5a80da3289eab1cbdf1d5b5b9715be0a56c93392e4b8cec19,d2fa3c20a,openproj_exchange/src/com/projity/server/data/GroupData.java,a20e9ed7d8a2032b322316e72e10e65bd871be94fb1ecd4ca6a87d6d8efb39f6,0530be227f4a10c5545cce8d3db20ac5a4d76a66,REVIEW_REQUIRED,Unknown,true,REVIEW_REQUIRED,REVIEW_REQUIRED,KEEP_OPENPROJ,normalized content matches OpenProj baseline,
modules/microproject_exchange/src/main/java/com/microproject/server/data/IncrementalData.java,microproject_exchange,java,HEAD,55003f66c858ff114bf2567babe979c9474aa7d8578dc608dab83c4b44b55854,d2fa3c20a,openproj_exchange/src/com/projity/server/data/IncrementalData.java,a3ba27546c7d9f3a40fdf7f4d93008c3937ac179b7d41a26217ce93781e445fb,0530be227f4a10c5545cce8d3db20ac5a4d76a66,REVIEW_REQUIRED,Unknown,false,REVIEW_REQUIRED,REVIEW_REQUIRED,REVIEW,OpenProj path exists but content differs; perform hunk-level comparison,
modules/microproject_exchange/src/main/java/com/microproject/server/data/LinkData.java,microproject_exchange,java,HEAD,df0abb325e765becd0ebcba791cc644b7557bdc398383abee13e3c4d569fd21f,d2fa3c20a,openproj_exchange/src/com/projity/server/data/LinkData.java,f64f351f78729fae2d528fac7745ea024050b0afb033ef5c2d1e8d9e67ffcc87,0530be227f4a10c5545cce8d3db20ac5a4d76a66,REVIEW_REQUIRED,Unknown,false,REVIEW_REQUIRED,REVIEW_REQUIRED,REVIEW,OpenProj path exists but content differs; perform hunk-level comparison,
modules/microproject_exchange/src/main/java/com/microproject/server/data/LockException.java,microproject_exchange,java,HEAD,70aaff9e404de3dd2c8abda452583f582fdf17b9b3a0b3ae7a635df2f27eba44,d2fa3c20a,openproj_exchange/src/com/projity/server/data/LockException.java,5044ded0ea3b82139f8b199efd9aa1262dfc40a8bf5e56af5d6641482d7ad944,0530be227f4a10c5545cce8d3db20ac5a4d76a66,REVIEW_REQUIRED,Unknown,false,REVIEW_REQUIRED,REVIEW_REQUIRED,REVIEW,OpenProj path exists but content differs; perform hunk-level comparison,
modules/microproject_exchange/src/main/java/com/microproject/server/data/MPXConverter.java,microproject_exchange,java,HEAD,f1550e7c00362ec8c5dd6a087692d11608da1cae593aa557ab2cd287f23d1d6b,d2fa3c20a,openproj_exchange/src/com/projity/server/data/MPXConverter.java,7a7f453d0a63007b10257ebbd4e6294439074c289f13a6284df71c84a3a134f2,0530be227f4a10c5545cce8d3db20ac5a4d76a66,REVIEW_REQUIRED,Unknown,false,REVIEW_REQUIRED,REVIEW_REQUIRED,REVIEW,OpenProj path exists but content differs; perform hunk-level comparison,
modules/microproject_exchange/src/main/java/com/microproject/server/data/MSPDISerializer.java,microproject_exchange,java,HEAD,dde3ff68f3a3372e4edee2d0ea6f9a016144078bd401142096dc1d9bc592efad,d2fa3c20a,openproj_exchange/src/com/projity/server/data/MSPDISerializer.java,acbb827eac3d33ea8f2d60b0fdfba9485a114a3d1c67468023760b9e8538d094,0530be227f4a10c5545cce8d3db20ac5a4d76a66,REVIEW_REQUIRED,Unknown,false,REVIEW_REQUIRED,REVIEW_REQUIRED,REVIEW,OpenProj path exists but content differs; perform hunk-level comparison,
modules/microproject_exchange/src/main/java/com/microproject/server/data/ProjectSerializer.java,microproject_exchange,java,HEAD,09b98309c0afdc04bac02f9ced80ca96cdcbeb1de924d3628dd81edbe684d4a4,d2fa3c20a,openproj_exchange/src/com/projity/server/data/ProjectSerializer.java,0fcc0815b624cf73407ba39df3a23ae4773a92e510a792e094b03269fb434828,0530be227f4a10c5545cce8d3db20ac5a4d76a66,REVIEW_REQUIRED,Unknown,true,REVIEW_REQUIRED,REVIEW_REQUIRED,KEEP_OPENPROJ,normalized content matches OpenProj baseline,
modules/microproject_exchange/src/main/java/com/microproject/server/data/ResourceData.java,microproject_exchange,java,HEAD,4460265b81666c139e5432b7c8d0beefb306cb992c6591cee0c634a85b5efb8e,d2fa3c20a,openproj_exchange/src/com/projity/server/data/ResourceData.java,a562f5a955db2547d3a681e56a70b684c469dea8e4c276200f2e1540d76105c9,0530be227f4a10c5545cce8d3db20ac5a4d76a66,REVIEW_REQUIRED,Unknown,true,REVIEW_REQUIRED,REVIEW_REQUIRED,KEEP_OPENPROJ,normalized content matches OpenProj baseline,
modules/microproject_exchange/src/main/java/com/microproject/server/data/RoleData.java,microproject_exchange,java,HEAD,c2cc9451cc51db9fafa541dd0b7816eb2f5ea2f94c17ddc307a9c6436954763a,d2fa3c20a,openproj_exchange/src/com/projity/server/data/RoleData.java,06f40e7717383c5f01350d78094f89b0d84a3bd615b10e2354804b7fa44dffeb,0530be227f4a10c5545cce8d3db20ac5a4d76a66,REVIEW_REQUIRED,Unknown,true,REVIEW_REQUIRED,REVIEW_REQUIRED,KEEP_OPENPROJ,normalized content matches OpenProj baseline,
modules/microproject_exchange/src/main/java/com/microproject/server/data/SerializeOptions.java,microproject_exchange,java,HEAD,a1993f9aa14d01eb479cab20f24fd9378a39b9eb27ac6e7c789591a055fc4ffb,d2fa3c20a,openproj_exchange/src/com/projity/server/data/SerializeOptions.java,2f08e982010a3b873ce2923adccc9d4172b97e326edb53fa3ef129c3f9962d3a,0530be227f4a10c5545cce8d3db20ac5a4d76a66,REVIEW_REQUIRED,Unknown,false,REVIEW_REQUIRED,REVIEW_REQUIRED,REVIEW,OpenProj path exists but content differs; perform hunk-level comparison,
modules/microproject_exchange/src/main/java/com/microproject/server/data/SerializeUtil.java,microproject_exchange,java,HEAD,57a010766389dcc0bdf6941e0815615f80c8ac7006d25a707f01aa8a3efb5433,d2fa3c20a,openproj_exchange/src/com/projity/server/data/SerializeUtil.java,8a06f1055d0f2f546de2acdaebe98181a39e3dce327268f9c9280d323134b7cd,0530be227f4a10c5545cce8d3db20ac5a4d76a66,REVIEW_REQUIRED,Unknown,false,REVIEW_REQUIRED,REVIEW_REQUIRED,REVIEW,OpenProj path exists but content differs; perform hunk-level comparison,
modules/microproject_exchange/src/main/java/com/microproject/server/data/Serializer.java,microproject_exchange,java,HEAD,c3c109d675f7613b7b6d24fdf3a44e7e6f922655ecedaac68f35243e12e4e569,d2fa3c20a,openproj_exchange/src/com/projity/server/data/Serializer.java,79281349a8e32ec488fa9c6d355a3bc92c06ab5466f418fb1ceab803ae055420,0530be227f4a10c5545cce8d3db20ac5a4d76a66,REVIEW_REQUIRED,Unknown,false,REVIEW_REQUIRED,REVIEW_REQUIRED,REVIEW,OpenProj path exists but content differs; perform hunk-level comparison,
modules/microproject_exchange/src/main/java/com/microproject/server/data/TaskData.java,microproject_exchange,java,HEAD,eabb662b32f30b1b10808bab4c35d105b5457aa17633f382eaea8364c175efde,d2fa3c20a,openproj_exchange/src/com/projity/server/data/TaskData.java,66c4fa776fc114f4c38fa9361a3f423018126a032a1520bfd63a60674fc45622,0530be227f4a10c5545cce8d3db20ac5a4d76a66,REVIEW_REQUIRED,Unknown,false,REVIEW_REQUIRED,REVIEW_REQUIRED,REVIEW,OpenProj path exists but content differs; perform hunk-level comparison,
modules/microproject_exchange/src/main/java/com/microproject/server/data/TypeSystemConverter.java,microproject_exchange,java,HEAD,d820558276575a1c473f738527140b36dec41c9dba7fe4cae411e8d1803a0451,d2fa3c20a,openproj_exchange/src/com/projity/server/data/TypeSystemConverter.java,94f4c849fc6289163a775068d1b97a1ef7fc8ecca5644d290731af9bd17f6038,0530be227f4a10c5545cce8d3db20ac5a4d76a66,REVIEW_REQUIRED,Unknown,false,REVIEW_REQUIRED,REVIEW_REQUIRED,REVIEW,OpenProj path exists but content differs; perform hunk-level comparison,
modules/microproject_exchange/src/main/java/com/microproject/server/data/TypeSystemConverterFactory.java,microproject_exchange,java,HEAD,8b57d85d75ee87d57703e3d91f3118b014d6202c3bab1d1e52529bacc935f85f,d2fa3c20a,openproj_exchange/src/com/projity/server/data/TypeSystemConverterFactory.java,3f972c6b57b8b2cf19b042edc36cef1118431bcb30fce73721e11491b455ef79,0530be227f4a10c5545cce8d3db20ac5a4d76a66,REVIEW_REQUIRED,Unknown,false,REVIEW_REQUIRED,REVIEW_REQUIRED,REVIEW,OpenProj path exists but content differs; perform hunk-level comparison,
modules/microproject_exchange/src/main/java/com/microproject/server/data/UserData.java,microproject_exchange,java,HEAD,87b912e7266dc0ea929f871a3eb54515b285e771bf645d1894fe1ef310028c9c,d2fa3c20a,openproj_exchange/src/com/projity/server/data/UserData.java,c2dc9ef218bad2258b78f779d5b1ed3752c2eb959a43d52247075746ecb3149f,0530be227f4a10c5545cce8d3db20ac5a4d76a66,REVIEW_REQUIRED,Unknown,true,REVIEW_REQUIRED,REVIEW_REQUIRED,KEEP_OPENPROJ,normalized content matches OpenProj baseline,
modules/microproject_exchange/src/main/java/com/microproject/server/data/linker/Linker.java,microproject_exchange,java,HEAD,40ae1360a180e139e186695b28039c9fd7cf5bf8b219da899d58f4deb38bb7d3,d2fa3c20a,openproj_exchange/src/com/projity/server/data/linker/Linker.java,bc38546c8a51f6a5d9a2a4215c51972af8ca5afdb27e5950acd33dcc88e6273c,0530be227f4a10c5545cce8d3db20ac5a4d76a66,REVIEW_REQUIRED,Unknown,false,REVIEW_REQUIRED,REVIEW_REQUIRED,REVIEW,OpenProj path exists but content differs; perform hunk-level comparison,
modules/microproject_exchange/src/main/java/com/microproject/server/data/linker/ResourceLinker.java,microproject_exchange,java,HEAD,15fdb9ea5346ccfeb03bcfd735ab6bf7a0f062a5b97351c12675d65959ee440c,d2fa3c20a,openproj_exchange/src/com/projity/server/data/linker/ResourceLinker.java,7c63313e3819037d93bc3639c95b792cf5c015d751ee36f70f4aa80dffdb749a,0530be227f4a10c5545cce8d3db20ac5a4d76a66,REVIEW_REQUIRED,Unknown,false,REVIEW_REQUIRED,REVIEW_REQUIRED,REVIEW,OpenProj path exists but content differs; perform hunk-level comparison,
modules/microproject_exchange/src/main/java/com/microproject/server/data/linker/TaskLinker.java,microproject_exchange,java,HEAD,646cbaccd9c841f0a44fd622ae6ece32c32b51544345fdae07b2b7c601e67a0a,d2fa3c20a,openproj_exchange/src/com/projity/server/data/linker/TaskLinker.java,af81f2e3bd67e792d7dc4aa79633ad44d74934d5e2a66c499ca2cc73103c5a76,0530be227f4a10c5545cce8d3db20ac5a4d76a66,REVIEW_REQUIRED,Unknown,false,REVIEW_REQUIRED,REVIEW_REQUIRED,REVIEW,OpenProj path exists but content differs; perform hunk-level comparison,
modules/microproject_exchange/src/main/resources/META-INF/MANIFEST.MF,microproject_exchange,resource,HEAD,4e1cfddbc5dd375b247af82e2a4c5f374b9064c640879e869f3acb0b1cc0ca24,d2fa3c20a,,,0530be227f4a10c5545cce8d3db20ac5a4d76a66,REVIEW_REQUIRED,Unknown,false,REVIEW_REQUIRED,REVIEW_REQUIRED,REVIEW,no path match in OpenProj baseline; classify origin manually,
modules/microproject_exchange/src/main/resources/META-INF/services/com.microproject.exchange.FileImporterProvider,microproject_exchange,resource,HEAD,665ab29ec979cc5e62cd7557808d4de9b25d159abda2274680a12a9cfd37bea7,d2fa3c20a,,,0530be227f4a10c5545cce8d3db20ac5a4d76a66,REVIEW_REQUIRED,Unknown,false,REVIEW_REQUIRED,REVIEW_REQUIRED,REVIEW,no path match in OpenProj baseline; classify origin manually,
modules/microproject_exchange/src/main/resources/META-INF/services/com.microproject.port.SessionImporterProvider,microproject_exchange,resource,HEAD,665ab29ec979cc5e62cd7557808d4de9b25d159abda2274680a12a9cfd37bea7,d2fa3c20a,,,0530be227f4a10c5545cce8d3db20ac5a4d76a66,REVIEW_REQUIRED,Unknown,false,REVIEW_REQUIRED,REVIEW_REQUIRED,REVIEW,no path match in OpenProj baseline; classify origin manually,
modules/microproject_exchange/src/test/java/com/microproject/collaboration/CollaborationConflictTest.java,microproject_exchange,test,HEAD,44b9bb2a7f85707afbbe77783fc5642f40e28827d3cf6986eb0d6c72caf4cebe,d2fa3c20a,,,0530be227f4a10c5545cce8d3db20ac5a4d76a66,REVIEW_REQUIRED,Unknown,false,REVIEW_REQUIRED,REVIEW_REQUIRED,REVIEW,no path match in OpenProj baseline; classify origin manually,
modules/microproject_exchange/src/test/java/com/microproject/collaboration/CollaborationMetadataStoreTest.java,microproject_exchange,test,HEAD,200608fd3de15c1c1b3ba91d746fa1dcfca9a41af61f3fdc0af4e3192f10ac8b,d2fa3c20a,,,0530be227f4a10c5545cce8d3db20ac5a4d76a66,REVIEW_REQUIRED,Unknown,false,REVIEW_REQUIRED,REVIEW_REQUIRED,REVIEW,no path match in OpenProj baseline; classify origin manually,
modules/microproject_exchange/src/test/java/com/microproject/core/pm/exchange/converters/mpx/MpxCalendarWorkingHoursTest.java,microproject_exchange,test,HEAD,5f0ab2b3319e92a75ba39fbfdd90a9a911fed50e852dd64dde8e65536a74a150,d2fa3c20a,,,0530be227f4a10c5545cce8d3db20ac5a4d76a66,REVIEW_REQUIRED,Unknown,false,REVIEW_REQUIRED,REVIEW_REQUIRED,REVIEW,no path match in OpenProj baseline; classify origin manually,
modules/microproject_exchange/src/test/java/com/microproject/core/pm/exchange/converters/mpx/MpxDependencyConverterLagTest.java,microproject_exchange,test,HEAD,e9530303d1e05b3e9e9461be1e3a9eca36a561de671577e7db59036856c11541,d2fa3c20a,,,0530be227f4a10c5545cce8d3db20ac5a4d76a66,REVIEW_REQUIRED,Unknown,false,REVIEW_REQUIRED,REVIEW_REQUIRED,REVIEW,no path match in OpenProj baseline; classify origin manually,
modules/microproject_exchange/src/test/java/com/microproject/core/pm/exchange/converters/mpx/MpxDurationConversionTest.java,microproject_exchange,test,HEAD,238e7df1e60c564d970abb3bbc1525e0aa7599d441d2c4cae60380f906f6d4ca,d2fa3c20a,,,0530be227f4a10c5545cce8d3db20ac5a4d76a66,REVIEW_REQUIRED,Unknown,false,REVIEW_REQUIRED,REVIEW_REQUIRED,REVIEW,no path match in OpenProj baseline; classify origin manually,
modules/microproject_exchange/src/test/java/com/microproject/core/pm/exchange/converters/mpx/MpxProjectConverterTest.java,microproject_exchange,test,HEAD,0178835d4ed459f93d50cfdbb7ec234b6debcfe5d121305f07ff19b011c59de5,d2fa3c20a,,,0530be227f4a10c5545cce8d3db20ac5a4d76a66,REVIEW_REQUIRED,Unknown,false,REVIEW_REQUIRED,REVIEW_REQUIRED,REVIEW,no path match in OpenProj baseline; classify origin manually,
modules/microproject_exchange/src/test/java/com/microproject/exchange/CustomFieldsMapperTest.java,microproject_exchange,test,HEAD,3e9167daf9364a6975da90e192d6473a9e3ca6ce76b2791d6fcb915eb74b3d94,d2fa3c20a,,,0530be227f4a10c5545cce8d3db20ac5a4d76a66,REVIEW_REQUIRED,Unknown,false,REVIEW_REQUIRED,REVIEW_REQUIRED,REVIEW,no path match in OpenProj baseline; classify origin manually,
modules/microproject_exchange/src/test/java/com/microproject/exchange/DefaultFileImporterProviderTest.java,microproject_exchange,test,HEAD,b702b1eaba533f3c9285bebcfe77e20d563f8fd11359f47a20569eefee6048fb,d2fa3c20a,,,0530be227f4a10c5545cce8d3db20ac5a4d76a66,REVIEW_REQUIRED,Unknown,false,REVIEW_REQUIRED,REVIEW_REQUIRED,REVIEW,no path match in OpenProj baseline; classify origin manually,
modules/microproject_exchange/src/test/java/com/microproject/exchange/MicrosoftImporterTest.java,microproject_exchange,test,HEAD,f9e70ad0e1c613094d45a9656516e961b805da1c0ededc02c2bcaef86d26fa70,d2fa3c20a,,,0530be227f4a10c5545cce8d3db20ac5a4d76a66,REVIEW_REQUIRED,Unknown,false,REVIEW_REQUIRED,REVIEW_REQUIRED,REVIEW,no path match in OpenProj baseline; classify origin manually,
modules/microproject_exchange/src/test/java/com/microproject/exchange/MicrosoftTrackingImportTest.java,microproject_exchange,test,HEAD,2e7647e791d0e2ae2f10ee9abe10e07bace9ad477d68965a926a9033b6b5831e,d2fa3c20a,,,0530be227f4a10c5545cce8d3db20ac5a4d76a66,REVIEW_REQUIRED,Unknown,false,REVIEW_REQUIRED,REVIEW_REQUIRED,REVIEW,no path match in OpenProj baseline; classify origin manually,
modules/microproject_exchange/src/test/java/com/microproject/exchange/MpoArchiveBudgetValidatorTest.java,microproject_exchange,test,HEAD,13c6f3049f5e13d750d281b3e6c9aab136bb8d4102996f74f4e63a57939a6d2a,d2fa3c20a,,,0530be227f4a10c5545cce8d3db20ac5a4d76a66,REVIEW_REQUIRED,Unknown,false,REVIEW_REQUIRED,REVIEW_REQUIRED,REVIEW,no path match in OpenProj baseline; classify origin manually,
modules/microproject_exchange/src/test/java/com/microproject/exchange/MpoArchiveContractTest.java,microproject_exchange,test,HEAD,5bde38371e9352061e4d0357b50799214e838eb4f2b7fa20b645bd45845df877,d2fa3c20a,,,0530be227f4a10c5545cce8d3db20ac5a4d76a66,REVIEW_REQUIRED,Unknown,false,REVIEW_REQUIRED,REVIEW_REQUIRED,REVIEW,no path match in OpenProj baseline; classify origin manually,
modules/microproject_exchange/src/test/java/com/microproject/exchange/MpoArchiveValidatorTest.java,microproject_exchange,test,HEAD,c2bcb6021e501cf33b47a3dd5b5da85da465cdb635d676d9ef3f4f46930d655c,d2fa3c20a,,,0530be227f4a10c5545cce8d3db20ac5a4d76a66,REVIEW_REQUIRED,Unknown,false,REVIEW_REQUIRED,REVIEW_REQUIRED,REVIEW,no path match in OpenProj baseline; classify origin manually,
modules/microproject_exchange/src/test/java/com/microproject/exchange/MpoDependencySchedulingTest.java,microproject_exchange,test,HEAD,51d3654ec2e640241b9485050ace3188734ef9c9f0b14cb25ad1b1ceb94bbb88,d2fa3c20a,,,0530be227f4a10c5545cce8d3db20ac5a4d76a66,REVIEW_REQUIRED,Unknown,false,REVIEW_REQUIRED,REVIEW_REQUIRED,REVIEW,no path match in OpenProj baseline; classify origin manually,
modules/microproject_exchange/src/test/java/com/microproject/exchange/MpoExtractionLifecycleTest.java,microproject_exchange,test,HEAD,0e651b7fca2b0c378379260e5a29a71c74092a3f2240ffdcb4edd9dc43d0463f,d2fa3c20a,,,0530be227f4a10c5545cce8d3db20ac5a4d76a66,REVIEW_REQUIRED,Unknown,false,REVIEW_REQUIRED,REVIEW_REQUIRED,REVIEW,no path match in OpenProj baseline; classify origin manually,
modules/microproject_exchange/src/test/java/com/microproject/exchange/MpoExtractionSessionTest.java,microproject_exchange,test,HEAD,a6b2aa78ddbc895440bc5fd5b25a332ec593ca31014ba19d2aabf43c0877f4fd,d2fa3c20a,,,0530be227f4a10c5545cce8d3db20ac5a4d76a66,REVIEW_REQUIRED,Unknown,false,REVIEW_REQUIRED,REVIEW_REQUIRED,REVIEW,no path match in OpenProj baseline; classify origin manually,
modules/microproject_exchange/src/test/java/com/microproject/exchange/MpoFileImporterTest.java,microproject_exchange,test,HEAD,69ec2491225aab78eceb36269fc3418875a34f025a85c03e814faaac7e7a1b80,d2fa3c20a,,,0530be227f4a10c5545cce8d3db20ac5a4d76a66,REVIEW_REQUIRED,Unknown,false,REVIEW_REQUIRED,REVIEW_REQUIRED,REVIEW,no path match in OpenProj baseline; classify origin manually,
modules/microproject_exchange/src/test/java/com/microproject/exchange/MpoFormatVersionTest.java,microproject_exchange,test,HEAD,fedc9bc258e7d3e79e9225477a068604e50e7cd86b5690da692350eb0927fc6f,d2fa3c20a,,,0530be227f4a10c5545cce8d3db20ac5a4d76a66,REVIEW_REQUIRED,Unknown,false,REVIEW_REQUIRED,REVIEW_REQUIRED,REVIEW,no path match in OpenProj baseline; classify origin manually,
modules/microproject_exchange/src/test/java/com/microproject/exchange/MpoTransactionBoundaryTest.java,microproject_exchange,test,HEAD,e1567689e508e4dca46c533313e2004f67897e58597c6067470b54ed26c3c74d,d2fa3c20a,,,0530be227f4a10c5545cce8d3db20ac5a4d76a66,REVIEW_REQUIRED,Unknown,false,REVIEW_REQUIRED,REVIEW_REQUIRED,REVIEW,no path match in OpenProj baseline; classify origin manually,
modules/microproject_exchange/src/test/java/com/microproject/exchange/MsProjectTaskMoveCompatibilityTest.java,microproject_exchange,test,HEAD,33948939bbdcf64106c462f235429618ae35c9b072fb515309797ec25b330bc7,d2fa3c20a,,,0530be227f4a10c5545cce8d3db20ac5a4d76a66,REVIEW_REQUIRED,Unknown,false,REVIEW_REQUIRED,REVIEW_REQUIRED,REVIEW,no path match in OpenProj baseline; classify origin manually,
modules/microproject_exchange/src/test/java/com/microproject/exchange/PodRoundTripTest.java,microproject_exchange,test,HEAD,de1b955950033123cd8de9b76f8aa78644d387c2c1388f8f3eaf3766ec55710b,d2fa3c20a,,,0530be227f4a10c5545cce8d3db20ac5a4d76a66,REVIEW_REQUIRED,Unknown,false,REVIEW_REQUIRED,REVIEW_REQUIRED,REVIEW,no path match in OpenProj baseline; classify origin manually,
modules/microproject_exchange/src/test/java/com/microproject/exchange/ServerLocalFileImporterTest.java,microproject_exchange,test,HEAD,a81f6e9d8d1fa08e591727e943375b482e50613b4141811297681e495c9aabe1,d2fa3c20a,,,0530be227f4a10c5545cce8d3db20ac5a4d76a66,REVIEW_REQUIRED,Unknown,false,REVIEW_REQUIRED,REVIEW_REQUIRED,REVIEW,no path match in OpenProj baseline; classify origin manually,
modules/microproject_exchange/src/test/java/com/microproject/exchange/TypedExchangePortTest.java,microproject_exchange,test,HEAD,71699aff01622fb0325593ac618eb87627972e80cdbf541fc857c647fc837a94,d2fa3c20a,,,0530be227f4a10c5545cce8d3db20ac5a4d76a66,REVIEW_REQUIRED,Unknown,false,REVIEW_REQUIRED,REVIEW_REQUIRED,REVIEW,no path match in OpenProj baseline; classify origin manually,
modules/microproject_exchange/src/test/java/com/microproject/exchange/XlsxSupportTest.java,microproject_exchange,test,HEAD,4dcdce7d9c18ddbf8cdfa51e09f57da7178f42c6e0e5ea80dc106fd9638fe5fe,d2fa3c20a,,,0530be227f4a10c5545cce8d3db20ac5a4d76a66,REVIEW_REQUIRED,Unknown,false,REVIEW_REQUIRED,REVIEW_REQUIRED,REVIEW,no path match in OpenProj baseline; classify origin manually,
modules/microproject_exchange/src/test/java/com/microproject/server/data/DataObjectEqualsHashCodeTest.java,microproject_exchange,test,HEAD,06e5274a21e135526e67f3d295098e090a777daa2ac11d72f1c99f56a9305156,d2fa3c20a,,,0530be227f4a10c5545cce8d3db20ac5a4d76a66,REVIEW_REQUIRED,Unknown,false,REVIEW_REQUIRED,REVIEW_REQUIRED,REVIEW,no path match in OpenProj baseline; classify origin manually,
modules/microproject_exchange/src/test/java/com/microproject/server/data/MSPDISerializerAtomicSaveTest.java,microproject_exchange,test,HEAD,c5435ef7c4c047f862c337efe865f66a9e3725c5be69169f65ed86a3619f1f9a,d2fa3c20a,,,0530be227f4a10c5545cce8d3db20ac5a4d76a66,REVIEW_REQUIRED,Unknown,false,REVIEW_REQUIRED,REVIEW_REQUIRED,REVIEW,no path match in OpenProj baseline; classify origin manually,
modules/microproject_exchange/src/test/java/com/microproject/server/data/MpxExportTrackingTest.java,microproject_exchange,test,HEAD,65e5e77f4705c95b9372ef12932e3374480d51facad8f7df6d29c6633cee24df,d2fa3c20a,,,0530be227f4a10c5545cce8d3db20ac5a4d76a66,REVIEW_REQUIRED,Unknown,false,REVIEW_REQUIRED,REVIEW_REQUIRED,REVIEW,no path match in OpenProj baseline; classify origin manually,
modules/microproject_exchange/src/test/java/com/microproject/server/data/linker/LinkerTest.java,microproject_exchange,test,HEAD,d7e2c3720de9971e1e7b551a31a19c01cb7a64a63d60aa9a4f818cc8f87d290d,d2fa3c20a,,,0530be227f4a10c5545cce8d3db20ac5a4d76a66,REVIEW_REQUIRED,Unknown,false,REVIEW_REQUIRED,REVIEW_REQUIRED,REVIEW,no path match in OpenProj baseline; classify origin manually,
modules/microproject_exchange/src/test/java/com/microproject/session/LocalSessionSaveTest.java,microproject_exchange,test,HEAD,3946aae3ff40f7b1d2004ca0adaf76bc7e9137455ee432907d6c7427bf82cfa8,d2fa3c20a,,,0530be227f4a10c5545cce8d3db20ac5a4d76a66,REVIEW_REQUIRED,Unknown,false,REVIEW_REQUIRED,REVIEW_REQUIRED,REVIEW,no path match in OpenProj baseline; classify origin manually,
modules/microproject_exchange/testdata/New Product.mpp,microproject_exchange,other,HEAD,a4cc2320b757b33325ad2a37c9d68a25ce6dd1db520fede8738b1f97444dd777,d2fa3c20a,openproj_exchange/testdata/New Product.mpp,a4cc2320b757b33325ad2a37c9d68a25ce6dd1db520fede8738b1f97444dd777,0530be227f4a10c5545cce8d3db20ac5a4d76a66,REVIEW_REQUIRED,Unknown,true,REVIEW_REQUIRED,REVIEW_REQUIRED,KEEP_OPENPROJ,normalized content matches OpenProj baseline,
modules/microproject_exchange/testdata/New Product.xml,microproject_exchange,other,HEAD,cbe01ca4044f5114b4aeffc4eea902af321f36932b0e8c3006bc5ab6b4342755,d2fa3c20a,openproj_exchange/testdata/New Product.xml,cbe01ca4044f5114b4aeffc4eea902af321f36932b0e8c3006bc5ab6b4342755,0530be227f4a10c5545cce8d3db20ac5a4d76a66,REVIEW_REQUIRED,Unknown,true,REVIEW_REQUIRED,REVIEW_REQUIRED,KEEP_OPENPROJ,normalized content matches OpenProj baseline,
modules/microproject_reports/.gitignore,microproject_reports,other,HEAD,011944fae84d5c0f64d150e38daee4b583d6a31d828c305d0424521603f1b309,d2fa3c20a,,,0530be227f4a10c5545cce8d3db20ac5a4d76a66,REVIEW_REQUIRED,Unknown,false,REVIEW_REQUIRED,REVIEW_REQUIRED,REVIEW,no path match in OpenProj baseline; classify origin manually,
modules/microproject_reports/build.gradle.kts,microproject_reports,other,HEAD,615d1ce9e317ebd31f58745c8950915b01be07de6703d97e4b954c655eaba1cd,d2fa3c20a,,,0530be227f4a10c5545cce8d3db20ac5a4d76a66,REVIEW_REQUIRED,ThirdParty:JasperReports,false,REVIEW_REQUIRED,REVIEW_REQUIRED,KEEP_THIRD_PARTY,third-party notice detected; verify upstream license,
modules/microproject_reports/src/main/java/com/microproject/reports/adapter/DataSource.java,microproject_reports,java,HEAD,27f420e5d768712a236b467f55cb92afb1980ecf58eadebad642b324cabe36df,d2fa3c20a,openproj_reports/src/com/projity/reports/adapter/DataSource.java,c10d3dc8b27a5978aa16ce41f35014c35c7fdaddd2dfaf765586a150e27c24a9,0530be227f4a10c5545cce8d3db20ac5a4d76a66,REVIEW_REQUIRED,ThirdParty:JasperReports,false,REVIEW_REQUIRED,REVIEW_REQUIRED,KEEP_THIRD_PARTY,third-party notice detected; verify upstream license,
modules/microproject_reports/src/main/java/com/microproject/reports/adapter/DataSourceProvider.java,microproject_reports,java,HEAD,7a3eab3efc08a68a498d99d0c0eac3562ec1e876487b35868bd2db6d36591088,d2fa3c20a,openproj_reports/src/com/projity/reports/adapter/DataSourceProvider.java,73ce3af50038ef0ff94fd09d67ea5b5ca68094fe87fba972e04aa906a2c1282c,0530be227f4a10c5545cce8d3db20ac5a4d76a66,REVIEW_REQUIRED,ThirdParty:JasperReports,false,REVIEW_REQUIRED,REVIEW_REQUIRED,KEEP_THIRD_PARTY,third-party notice detected; verify upstream license,
modules/microproject_reports/src/main/java/com/microproject/reports/adapter/DecoratedField.java,microproject_reports,java,HEAD,c3c9d8e9c819a888ac73f087f68ba0deca8a0f65867e432fc0c6647e49c705d5,d2fa3c20a,openproj_reports/src/com/projity/reports/adapter/DecoratedField.java,c8ff6a91109d920c74f0437fac510cecba4de9b5485f0d80eed68d903ccc712f,0530be227f4a10c5545cce8d3db20ac5a4d76a66,REVIEW_REQUIRED,ThirdParty:JasperReports,false,REVIEW_REQUIRED,REVIEW_REQUIRED,KEEP_THIRD_PARTY,third-party notice detected; verify upstream license,
modules/microproject_reports/src/main/java/com/microproject/reports/adapter/ReportAdapter.java,microproject_reports,java,HEAD,9fcf12422e70bc17e8807f6120a64216fa3895009b87f405babe61c339f7500e,d2fa3c20a,openproj_reports/src/com/projity/reports/adapter/ReportAdapter.java,da44f2c2e6432e18fbdbb9a9148a2dcbe2749c243b706940e83aca6a6a2d676e,0530be227f4a10c5545cce8d3db20ac5a4d76a66,REVIEW_REQUIRED,ThirdParty:JasperReports,false,REVIEW_REQUIRED,REVIEW_REQUIRED,KEEP_THIRD_PARTY,third-party notice detected; verify upstream license,
modules/microproject_reports/src/main/java/com/microproject/reports/adapter/ReportFontSupport.java,microproject_reports,java,HEAD,75a39f5664ec058df3b806c3e39c708cfe07a853e5117d6ed6720cb3e32e3f65,d2fa3c20a,,,0530be227f4a10c5545cce8d3db20ac5a4d76a66,REVIEW_REQUIRED,ThirdParty:JasperReports,false,REVIEW_REQUIRED,REVIEW_REQUIRED,KEEP_THIRD_PARTY,third-party notice detected; verify upstream license,
modules/microproject_reports/src/main/java/com/microproject/reports/adapter/ReportUtil.java,microproject_reports,java,HEAD,7aeccd85d5e0cc66cf946d4444d30cc094123c97709d477d11f6eda16ce0d505,d2fa3c20a,openproj_reports/src/com/projity/reports/adapter/ReportUtil.java,b53b08740b3a94769de9f71cc684cffa5e62c5d17949ccddfd87389fc92a3bd8,0530be227f4a10c5545cce8d3db20ac5a4d76a66,REVIEW_REQUIRED,ThirdParty:JasperReports,false,REVIEW_REQUIRED,REVIEW_REQUIRED,KEEP_THIRD_PARTY,third-party notice detected; verify upstream license,
modules/microproject_reports/src/main/java/com/microproject/reports/adapter/ReportViewer.java,microproject_reports,java,HEAD,da6b22e73dfbd4e9d701c637e5f408b534a78cf393947b1e7897a56365d1730c,d2fa3c20a,openproj_reports/src/com/projity/reports/adapter/ReportViewer.java,a3e02d1c880e2c88fe4d679e5f8247ea057e3e95d610d7cddfed709e20778e4f,0530be227f4a10c5545cce8d3db20ac5a4d76a66,REVIEW_REQUIRED,ThirdParty:JasperReports,false,REVIEW_REQUIRED,REVIEW_REQUIRED,KEEP_THIRD_PARTY,third-party notice detected; verify upstream license,
modules/microproject_reports/src/main/resources/com/microproject/reports/definition/projectDetails.jrxml,microproject_reports,resource,HEAD,53f2bdc38124f33407a9f462246c82423b6d06806b19b54dadff603fe04590b5,d2fa3c20a,openproj_reports/src/com/projity/reports/definition/projectDetails.jrxml,54fc26070eedea6cb51df7a0da2cddea33ccba17026bd6211dcad0e8aed591ea,0530be227f4a10c5545cce8d3db20ac5a4d76a66,REVIEW_REQUIRED,ProjectLibre,false,REVIEW_REQUIRED,CPAL-1.0,REVIEW,OpenProj path exists but content differs; perform hunk-level comparison,
modules/microproject_reports/src/test/java/com/microproject/reports/adapter/DataSourceProviderTest.java,microproject_reports,test,HEAD,735f9a692c7f42794a6e030994ae0fd37e948729cacecb1083f5ae5fdef09619,d2fa3c20a,,,0530be227f4a10c5545cce8d3db20ac5a4d76a66,REVIEW_REQUIRED,Unknown,false,REVIEW_REQUIRED,REVIEW_REQUIRED,REVIEW,no path match in OpenProj baseline; classify origin manually,
modules/microproject_reports/src/test/java/com/microproject/reports/adapter/DataSourceTest.java,microproject_reports,test,HEAD,c35e83657f688d6865531a7f9c5f67700547ffdc402b1f2ca293112b76efe97f,d2fa3c20a,,,0530be227f4a10c5545cce8d3db20ac5a4d76a66,REVIEW_REQUIRED,Unknown,false,REVIEW_REQUIRED,REVIEW_REQUIRED,REVIEW,no path match in OpenProj baseline; classify origin manually,
modules/microproject_reports/src/test/java/com/microproject/reports/adapter/ReportAdapterTest.java,microproject_reports,test,HEAD,5afb05a91ea328380a74da71456d55384d737594fa751c88d381d4a0f0680c9b,d2fa3c20a,,,0530be227f4a10c5545cce8d3db20ac5a4d76a66,REVIEW_REQUIRED,Unknown,false,REVIEW_REQUIRED,REVIEW_REQUIRED,REVIEW,no path match in OpenProj baseline; classify origin manually,
modules/microproject_reports/src/test/java/com/microproject/reports/adapter/ReportUtilTest.java,microproject_reports,test,HEAD,966b9c7684d1e29522d5680fbafaa59e1f7bd63cc2cad36bfb30a6e1b7b0cd4c,d2fa3c20a,,,0530be227f4a10c5545cce8d3db20ac5a4d76a66,REVIEW_REQUIRED,ThirdParty:JasperReports,false,REVIEW_REQUIRED,REVIEW_REQUIRED,KEEP_THIRD_PARTY,third-party notice detected; verify upstream license,
modules/microproject_reports/src/test/java/com/microproject/reports/adapter/ReportViewerZoomTest.java,microproject_reports,test,HEAD,ef95bdf85bea4dcee1ef84ccc2baec9b6abf51d51daa068b71ef14bae40fc703,d2fa3c20a,,,0530be227f4a10c5545cce8d3db20ac5a4d76a66,REVIEW_REQUIRED,Unknown,false,REVIEW_REQUIRED,REVIEW_REQUIRED,REVIEW,no path match in OpenProj baseline; classify origin manually,
modules/microproject_ribbon/build.gradle.kts,microproject_ribbon,other,HEAD,1feb08154aa2ecdd2b0f31f4de0bf5bdf63bee6995853cbfdbe0fa67bee519ac,d2fa3c20a,,,0530be227f4a10c5545cce8d3db20ac5a4d76a66,REVIEW_REQUIRED,Unknown,false,REVIEW_REQUIRED,REVIEW_REQUIRED,REVIEW,no path match in OpenProj baseline; classify origin manually,
modules/microproject_ribbon/src/main/java/com/microproject/ribbon/CommandId.java,microproject_ribbon,java,HEAD,638fc61dee7f137a9999af5a91a556c6049936763dddb5783a19f23c4de7b40c,d2fa3c20a,,,0530be227f4a10c5545cce8d3db20ac5a4d76a66,REVIEW_REQUIRED,Unknown,false,REVIEW_REQUIRED,REVIEW_REQUIRED,REVIEW,no path match in OpenProj baseline; classify origin manually,
modules/microproject_ribbon/src/main/java/com/microproject/ribbon/CustomRibbonBandGenerator.java,microproject_ribbon,java,HEAD,86c1634605de4ccfbeb99246be930f11532d5ce76549ba3b7775d592df28d5cd,d2fa3c20a,,,0530be227f4a10c5545cce8d3db20ac5a4d76a66,REVIEW_REQUIRED,Unknown,false,REVIEW_REQUIRED,REVIEW_REQUIRED,REVIEW,no path match in OpenProj baseline; classify origin manually,
modules/microproject_ribbon/src/main/java/com/microproject/ribbon/RibbonCommandInvocation.java,microproject_ribbon,java,HEAD,67432f96df004f3b2fd83fcf13e3cc77278eb89894b85961d5a51f2ee82248a3,d2fa3c20a,,,0530be227f4a10c5545cce8d3db20ac5a4d76a66,REVIEW_REQUIRED,Unknown,false,REVIEW_REQUIRED,REVIEW_REQUIRED,REVIEW,no path match in OpenProj baseline; classify origin manually,
modules/microproject_ribbon/src/main/java/com/microproject/ribbon/RibbonCommandResult.java,microproject_ribbon,java,HEAD,e0c33739fb145df0cd89066a9038860dc167ac79b722128291fe276227842b71,d2fa3c20a,,,0530be227f4a10c5545cce8d3db20ac5a4d76a66,REVIEW_REQUIRED,Unknown,false,REVIEW_REQUIRED,REVIEW_REQUIRED,REVIEW,no path match in OpenProj baseline; classify origin manually,
modules/microproject_ribbon/src/main/java/com/microproject/ribbon/RibbonCommandSource.java,microproject_ribbon,java,HEAD,5e0b3d522eab6c4de2f95bd2ae0e09949d818eb96c48c4e140bc0a6ede9b7c07,d2fa3c20a,,,0530be227f4a10c5545cce8d3db20ac5a4d76a66,REVIEW_REQUIRED,Unknown,false,REVIEW_REQUIRED,REVIEW_REQUIRED,REVIEW,no path match in OpenProj baseline; classify origin manually,
modules/microproject_ribbon/src/main/java/com/microproject/ribbon/RibbonIconRegistry.java,microproject_ribbon,java,HEAD,5cf8a91ba33d70d5f76194becbd99a84aedcffe283a8f5e93d5315986cd9b362,d2fa3c20a,,,0530be227f4a10c5545cce8d3db20ac5a4d76a66,REVIEW_REQUIRED,Unknown,false,REVIEW_REQUIRED,REVIEW_REQUIRED,REVIEW,no path match in OpenProj baseline; classify origin manually,
modules/microproject_ribbon/src/main/java/com/microproject/ribbon/RibbonTheme.java,microproject_ribbon,java,HEAD,f294aa9843070321b3b1668eadabde644f3288d697054ddc491a21fe0cb748ba,d2fa3c20a,,,0530be227f4a10c5545cce8d3db20ac5a4d76a66,REVIEW_REQUIRED,Unknown,false,REVIEW_REQUIRED,REVIEW_REQUIRED,REVIEW,no path match in OpenProj baseline; classify origin manually,
modules/microproject_ribbon/src/main/java/com/microproject/ribbon/SwingRibbonModel.java,microproject_ribbon,java,HEAD,e0d048b6ff4b3b5dcf51eefe0660ca0d6bf47a84b0fd5dbe49d014ebc637d7f4,d2fa3c20a,,,0530be227f4a10c5545cce8d3db20ac5a4d76a66,REVIEW_REQUIRED,Unknown,false,REVIEW_REQUIRED,REVIEW_REQUIRED,REVIEW,no path match in OpenProj baseline; classify origin manually,
modules/microproject_ribbon/src/test/java/com/microproject/ribbon/CommandIdTest.java,microproject_ribbon,test,HEAD,76c831d71f692855c85111a718ae21238a103f558c1f4d6501d25e3c892e6dcf,d2fa3c20a,,,0530be227f4a10c5545cce8d3db20ac5a4d76a66,REVIEW_REQUIRED,Unknown,false,REVIEW_REQUIRED,REVIEW_REQUIRED,REVIEW,no path match in OpenProj baseline; classify origin manually,
modules/microproject_ribbon/src/test/java/com/microproject/ribbon/RibbonApiBoundaryTest.java,microproject_ribbon,test,HEAD,253013a2988874fd50af351f0d0c488483fc9d1122f79bc8db7c39a86ccfbf60,d2fa3c20a,,,0530be227f4a10c5545cce8d3db20ac5a4d76a66,REVIEW_REQUIRED,Unknown,false,REVIEW_REQUIRED,REVIEW_REQUIRED,REVIEW,no path match in OpenProj baseline; classify origin manually,
modules/microproject_ui/.gitignore,microproject_ui,other,HEAD,b7b5a9a5bdb3a876455f7320f221592c77a378fac89c0283dc6ebe19b124bf43,d2fa3c20a,,,0530be227f4a10c5545cce8d3db20ac5a4d76a66,REVIEW_REQUIRED,Unknown,false,REVIEW_REQUIRED,REVIEW_REQUIRED,REVIEW,no path match in OpenProj baseline; classify origin manually,
modules/microproject_ui/build.gradle.kts,microproject_ui,other,HEAD,f88ab9d03d7d3d48c6d4a04eec84d1cd8944ae3b58966f59bc42899d6455dd94,d2fa3c20a,,,0530be227f4a10c5545cce8d3db20ac5a4d76a66,REVIEW_REQUIRED,ThirdParty:JasperReports,false,REVIEW_REQUIRED,REVIEW_REQUIRED,KEEP_THIRD_PARTY,third-party notice detected; verify upstream license,
modules/microproject_ui/src/guiTest/java/com/microproject/dialog/BaselineDialogGuiAcceptanceTest.java,microproject_ui,other,HEAD,058e8b560e1e63aba1a855b4c85fa642378b6d4d141f867dbb8279b164888761,d2fa3c20a,,,0530be227f4a10c5545cce8d3db20ac5a4d76a66,REVIEW_REQUIRED,Unknown,false,REVIEW_REQUIRED,REVIEW_REQUIRED,REVIEW,no path match in OpenProj baseline; classify origin manually,
modules/microproject_ui/src/guiTest/java/com/microproject/dialog/CriticalChainStatusDialogGuiAcceptanceTest.java,microproject_ui,other,HEAD,ee6987b1fc2313f64ada438764fd87e6997ac8058ede7741076f25907e86c36c,d2fa3c20a,,,0530be227f4a10c5545cce8d3db20ac5a4d76a66,REVIEW_REQUIRED,Unknown,false,REVIEW_REQUIRED,REVIEW_REQUIRED,REVIEW,no path match in OpenProj baseline; classify origin manually,
modules/microproject_ui/src/guiTest/java/com/microproject/dialog/FindDialogButtonsGuiAcceptanceTest.java,microproject_ui,other,HEAD,3a1035dd6b6506c3f04ebcf0f5cf7fc6876f71c0e9e1ef3adbace47b8cca67bd,d2fa3c20a,,,0530be227f4a10c5545cce8d3db20ac5a4d76a66,REVIEW_REQUIRED,Unknown,false,REVIEW_REQUIRED,REVIEW_REQUIRED,REVIEW,no path match in OpenProj baseline; classify origin manually,
modules/microproject_ui/src/guiTest/java/com/microproject/dialog/PreferencesDialogGuiAcceptanceTest.java,microproject_ui,other,HEAD,d5294f436a40923a4917b3629563d6f998acc14db14272bf60e9e2b312556a42,d2fa3c20a,,,0530be227f4a10c5545cce8d3db20ac5a4d76a66,REVIEW_REQUIRED,Unknown,false,REVIEW_REQUIRED,REVIEW_REQUIRED,REVIEW,no path match in OpenProj baseline; classify origin manually,
modules/microproject_ui/src/guiTest/java/com/microproject/dialog/ProjectDialogGuiAcceptanceTest.java,microproject_ui,other,HEAD,0dd41cafc17783a6ad35b31ea8af23abfcb00bddf660bfadef681232c7e82df4,d2fa3c20a,,,0530be227f4a10c5545cce8d3db20ac5a4d76a66,REVIEW_REQUIRED,Unknown,false,REVIEW_REQUIRED,REVIEW_REQUIRED,REVIEW,no path match in OpenProj baseline; classify origin manually,
modules/microproject_ui/src/guiTest/java/com/microproject/dialog/ProjectInformationDialogGuiAcceptanceTest.java,microproject_ui,other,HEAD,ef0ba122b10b534e206ae093ab079159ef974ef24e74f8dcadea7ac8b7122171,d2fa3c20a,,,0530be227f4a10c5545cce8d3db20ac5a4d76a66,REVIEW_REQUIRED,Unknown,false,REVIEW_REQUIRED,REVIEW_REQUIRED,REVIEW,no path match in OpenProj baseline; classify origin manually,
modules/microproject_ui/src/guiTest/java/com/microproject/dialog/RecurringTaskDialogGuiAcceptanceTest.java,microproject_ui,other,HEAD,78f1809dc2ff62440ed73508f4abce5490dbf7000e470d3baf0d69ef8c9f2d6d,d2fa3c20a,,,0530be227f4a10c5545cce8d3db20ac5a4d76a66,REVIEW_REQUIRED,Unknown,false,REVIEW_REQUIRED,REVIEW_REQUIRED,REVIEW,no path match in OpenProj baseline; classify origin manually,
modules/microproject_ui/src/guiTest/java/com/microproject/dialog/ResourceInformationLayoutGuiAcceptanceTest.java,microproject_ui,other,HEAD,d3d19478baa8f82edaee21025d3e36fba28ad71faa7dbe45c61555e9bd392ee0,d2fa3c20a,,,0530be227f4a10c5545cce8d3db20ac5a4d76a66,REVIEW_REQUIRED,Unknown,false,REVIEW_REQUIRED,REVIEW_REQUIRED,REVIEW,no path match in OpenProj baseline; classify origin manually,
modules/microproject_ui/src/guiTest/java/com/microproject/dialog/ResourceLevelingDialogGuiAcceptanceTest.java,microproject_ui,other,HEAD,73dc8176f13cf89503d7b659a679ea656b1b3a108afa0bd2c76f1a2b139c9db7,d2fa3c20a,,,0530be227f4a10c5545cce8d3db20ac5a4d76a66,REVIEW_REQUIRED,Unknown,false,REVIEW_REQUIRED,REVIEW_REQUIRED,REVIEW,no path match in OpenProj baseline; classify origin manually,
modules/microproject_ui/src/guiTest/java/com/microproject/dialog/TaskInformationCrossProjectGuiAcceptanceTest.java,microproject_ui,other,HEAD,476efb298e92e2e309f670f95d63866eb65bccb90ec3c32d548e029cfaa534d9,d2fa3c20a,,,0530be227f4a10c5545cce8d3db20ac5a4d76a66,REVIEW_REQUIRED,Unknown,false,REVIEW_REQUIRED,REVIEW_REQUIRED,REVIEW,no path match in OpenProj baseline; classify origin manually,
modules/microproject_ui/src/guiTest/java/com/microproject/dialog/TeamPlannerDialogGuiAcceptanceTest.java,microproject_ui,other,HEAD,4dbdf42cc0951e84610d4d565ec86a2eb44c1c5316066541ad8d0a01e5d6d5aa,d2fa3c20a,,,0530be227f4a10c5545cce8d3db20ac5a4d76a66,REVIEW_REQUIRED,Unknown,false,REVIEW_REQUIRED,REVIEW_REQUIRED,REVIEW,no path match in OpenProj baseline; classify origin manually,
modules/microproject_ui/src/guiTest/java/com/microproject/dialog/UnresolvedCrossProjectDependencyGuiAcceptanceTest.java,microproject_ui,other,HEAD,160b858288cb29b9df307ba6d90fd26446fb2212ba61a566a37cb3d61b8805e5,d2fa3c20a,,,0530be227f4a10c5545cce8d3db20ac5a4d76a66,REVIEW_REQUIRED,Unknown,false,REVIEW_REQUIRED,REVIEW_REQUIRED,REVIEW,no path match in OpenProj baseline; classify origin manually,
modules/microproject_ui/src/guiTest/java/com/microproject/dialog/WelcomeDialogGuiAcceptanceTest.java,microproject_ui,other,HEAD,61f9c011e94931396f3bbe71a5e04b7d0d291270e59c848943af7748a1a83350,d2fa3c20a,,,0530be227f4a10c5545cce8d3db20ac5a4d76a66,REVIEW_REQUIRED,Unknown,false,REVIEW_REQUIRED,REVIEW_REQUIRED,REVIEW,no path match in OpenProj baseline; classify origin manually,
modules/microproject_ui/src/guiTest/java/com/microproject/dialog/assignment/AssignmentDialogGuiAcceptanceTest.java,microproject_ui,other,HEAD,961313e137725ed6f72f6eae4c63b18dcf94c2d21998f82276c1ece4d919ba9f,d2fa3c20a,,,0530be227f4a10c5545cce8d3db20ac5a4d76a66,REVIEW_REQUIRED,Unknown,false,REVIEW_REQUIRED,REVIEW_REQUIRED,REVIEW,no path match in OpenProj baseline; classify origin manually,
modules/microproject_ui/src/guiTest/java/com/microproject/dialog/assignment/UnresolvedSharedResourcePoolGuiAcceptanceTest.java,microproject_ui,other,HEAD,adf4cf1e9e2abd6b2551badde666e8b81e093ea81d57a7ecf05e417115cc4b7f,d2fa3c20a,,,0530be227f4a10c5545cce8d3db20ac5a4d76a66,REVIEW_REQUIRED,Unknown,false,REVIEW_REQUIRED,REVIEW_REQUIRED,REVIEW,no path match in OpenProj baseline; classify origin manually,
modules/microproject_ui/src/guiTest/java/com/microproject/dialog/calendar/ChangeWorkingTimeDialogGuiAcceptanceTest.java,microproject_ui,other,HEAD,9524f936a5446c8d58d1231e040fd604435dce22ee89e4b9c2686ec296536627,d2fa3c20a,,,0530be227f4a10c5545cce8d3db20ac5a4d76a66,REVIEW_REQUIRED,Unknown,false,REVIEW_REQUIRED,REVIEW_REQUIRED,REVIEW,no path match in OpenProj baseline; classify origin manually,
modules/microproject_ui/src/guiTest/java/com/microproject/pm/graphic/frames/CanonicalProjectWindowGuiAcceptanceTest.java,microproject_ui,other,HEAD,bb6ec43792624883a89903061d429ea8fbb84cf1de800f1af0f27b3cb4bf1fc1,d2fa3c20a,,,0530be227f4a10c5545cce8d3db20ac5a4d76a66,REVIEW_REQUIRED,Unknown,false,REVIEW_REQUIRED,REVIEW_REQUIRED,REVIEW,no path match in OpenProj baseline; classify origin manually,
modules/microproject_ui/src/guiTest/java/com/microproject/pm/graphic/frames/InvalidLinkedSubprojectRefreshGuiAcceptanceTest.java,microproject_ui,other,HEAD,d41a93773ce9cbc0c2290239b6312728f706ac7999393c790696cb4bf9373f78,d2fa3c20a,,,0530be227f4a10c5545cce8d3db20ac5a4d76a66,REVIEW_REQUIRED,Unknown,false,REVIEW_REQUIRED,REVIEW_REQUIRED,REVIEW,no path match in OpenProj baseline; classify origin manually,
modules/microproject_ui/src/guiTest/java/com/microproject/pm/graphic/frames/InvalidStandaloneProjectOpenGuiAcceptanceTest.java,microproject_ui,other,HEAD,718d8c6ce8fc897f6b096f3531a36455ed70724ed847c849cc1d91df4298e7e9,d2fa3c20a,,,0530be227f4a10c5545cce8d3db20ac5a4d76a66,REVIEW_REQUIRED,Unknown,false,REVIEW_REQUIRED,REVIEW_REQUIRED,REVIEW,no path match in OpenProj baseline; classify origin manually,
modules/microproject_ui/src/guiTest/java/com/microproject/pm/graphic/frames/MultipleLocalProjectOpenGuiAcceptanceTest.java,microproject_ui,other,HEAD,27f9908180e70f8f8241609c6dc14713dd233a07e81c18a4e05ca40251856fa5,d2fa3c20a,,,0530be227f4a10c5545cce8d3db20ac5a4d76a66,REVIEW_REQUIRED,Unknown,false,REVIEW_REQUIRED,REVIEW_REQUIRED,REVIEW,no path match in OpenProj baseline; classify origin manually,
modules/microproject_ui/src/guiTest/java/com/microproject/pm/graphic/frames/ResourcePoolInitialViewGuiAcceptanceTest.java,microproject_ui,other,HEAD,15cb3f11954dd5eb3d9fb2f7bf133e638e44ab6278c57a99f6dbd3594da14fbf,d2fa3c20a,,,0530be227f4a10c5545cce8d3db20ac5a4d76a66,REVIEW_REQUIRED,Unknown,false,REVIEW_REQUIRED,REVIEW_REQUIRED,REVIEW,no path match in OpenProj baseline; classify origin manually,
modules/microproject_ui/src/guiTest/java/com/microproject/pm/graphic/frames/RibbonCtrlF1GuiAcceptanceTest.java,microproject_ui,other,HEAD,4343d1553e088222a4eb4b8d0d99b89a8e1ba9842597e830e7539fc5449f9cb6,d2fa3c20a,,,0530be227f4a10c5545cce8d3db20ac5a4d76a66,REVIEW_REQUIRED,Unknown,false,REVIEW_REQUIRED,REVIEW_REQUIRED,REVIEW,no path match in OpenProj baseline; classify origin manually,
modules/microproject_ui/src/guiTest/java/com/microproject/pm/graphic/frames/RibbonExternalCommandGuiAcceptanceTest.java,microproject_ui,other,HEAD,b332636893d2fb5d70c90a70392cf90871bcd8849b95b2843f21fca46ae4f722,d2fa3c20a,,,0530be227f4a10c5545cce8d3db20ac5a4d76a66,REVIEW_REQUIRED,Unknown,false,REVIEW_REQUIRED,REVIEW_REQUIRED,REVIEW,no path match in OpenProj baseline; classify origin manually,
modules/microproject_ui/src/guiTest/java/com/microproject/pm/graphic/frames/TaskInformationRibbonGuiAcceptanceTest.java,microproject_ui,other,HEAD,3c4f117e57f3822d937b20bfe8555dce8a5420f01337683af61875a1a338d00e,d2fa3c20a,,,0530be227f4a10c5545cce8d3db20ac5a4d76a66,REVIEW_REQUIRED,Unknown,false,REVIEW_REQUIRED,REVIEW_REQUIRED,REVIEW,no path match in OpenProj baseline; classify origin manually,
modules/microproject_ui/src/guiTest/java/com/microproject/pm/graphic/frames/UnsavedSubprojectRefreshGuiAcceptanceTest.java,microproject_ui,other,HEAD,d793a6c4d728de2cbd5a9ab6e33ff90a4cf50581b530f68f6f7be8592b099d74,d2fa3c20a,,,0530be227f4a10c5545cce8d3db20ac5a4d76a66,REVIEW_REQUIRED,Unknown,false,REVIEW_REQUIRED,REVIEW_REQUIRED,REVIEW,no path match in OpenProj baseline; classify origin manually,
modules/microproject_ui/src/guiTest/java/com/microproject/pm/graphic/frames/workspace/DefaultFrameManagerGuiAcceptanceTest.java,microproject_ui,other,HEAD,4cef379d1f78bb813780278323afdac3dc8ec1b341863b93237911112071643c,d2fa3c20a,,,0530be227f4a10c5545cce8d3db20ac5a4d76a66,REVIEW_REQUIRED,Unknown,false,REVIEW_REQUIRED,REVIEW_REQUIRED,REVIEW,no path match in OpenProj baseline; classify origin manually,
modules/microproject_ui/src/guiTest/java/com/microproject/pm/graphic/spreadsheet/LinkedSubprojectRecoveryGuiAcceptanceTest.java,microproject_ui,other,HEAD,ccc36815a2c2efefc1955ff420cac81d107a17b134c2cc22e1f75bc40e351370,d2fa3c20a,,,0530be227f4a10c5545cce8d3db20ac5a4d76a66,REVIEW_REQUIRED,Unknown,false,REVIEW_REQUIRED,REVIEW_REQUIRED,REVIEW,no path match in OpenProj baseline; classify origin manually,
modules/microproject_ui/src/guiTest/java/com/microproject/pm/graphic/spreadsheet/ReadOnlySubprojectGuiAcceptanceTest.java,microproject_ui,other,HEAD,9462663eef892337cbfdc2149473a238ff9e415c8dc60e141fe3b5c76d5962e3,d2fa3c20a,,,0530be227f4a10c5545cce8d3db20ac5a4d76a66,REVIEW_REQUIRED,Unknown,false,REVIEW_REQUIRED,REVIEW_REQUIRED,REVIEW,no path match in OpenProj baseline; classify origin manually,
modules/microproject_ui/src/guiTest/java/com/microproject/pm/graphic/spreadsheet/TaskInformationGuiAcceptanceTest.java,microproject_ui,other,HEAD,eccce8ebf45cd4e3fb44c25d0b9ce01fd4dc28f96fb0cde830021226b8361dce,d2fa3c20a,,,0530be227f4a10c5545cce8d3db20ac5a4d76a66,REVIEW_REQUIRED,Unknown,false,REVIEW_REQUIRED,REVIEW_REQUIRED,REVIEW,no path match in OpenProj baseline; classify origin manually,
modules/microproject_ui/src/guiTest/java/com/microproject/pm/graphic/spreadsheet/TaskTextInputGuiAcceptanceTest.java,microproject_ui,other,HEAD,092a20a0c761da50a34c93a6f29d00a4f9b6dceb224605afba09f77b7801c81a,d2fa3c20a,,,0530be227f4a10c5545cce8d3db20ac5a4d76a66,REVIEW_REQUIRED,Unknown,false,REVIEW_REQUIRED,REVIEW_REQUIRED,REVIEW,no path match in OpenProj baseline; classify origin manually,
modules/microproject_ui/src/guiTest/java/com/microproject/pm/graphic/spreadsheet/common/TaskDateDependencyGuiAcceptanceTest.java,microproject_ui,other,HEAD,c852fcbd5960552463563d70a5af008e7db81681c34e81cb9d62419bf800899d,d2fa3c20a,,,0530be227f4a10c5545cce8d3db20ac5a4d76a66,REVIEW_REQUIRED,Unknown,false,REVIEW_REQUIRED,REVIEW_REQUIRED,REVIEW,no path match in OpenProj baseline; classify origin manually,
modules/microproject_ui/src/guiTest/java/com/microproject/pm/graphic/spreadsheet/common/TaskDurationGuiAcceptanceTest.java,microproject_ui,other,HEAD,c10c02d869d54576f84796118b147b645f86b29783066527480ced76b592d2db,d2fa3c20a,,,0530be227f4a10c5545cce8d3db20ac5a4d76a66,REVIEW_REQUIRED,Unknown,false,REVIEW_REQUIRED,REVIEW_REQUIRED,REVIEW,no path match in OpenProj baseline; classify origin manually,
modules/microproject_ui/src/guiTest/java/com/microproject/pm/graphic/spreadsheet/common/U26SpreadsheetInputTransactionGuiAcceptanceTest.java,microproject_ui,other,HEAD,3de968cb638bcf1ed50177abb2d5d5696ea850f339cbf0a8faa931279313d7fb,d2fa3c20a,,,0530be227f4a10c5545cce8d3db20ac5a4d76a66,REVIEW_REQUIRED,Unknown,false,REVIEW_REQUIRED,REVIEW_REQUIRED,REVIEW,no path match in OpenProj baseline; classify origin manually,
modules/microproject_ui/src/guiTest/java/com/microproject/pm/graphic/views/CcpmSampleProgressGuiAcceptanceTest.java,microproject_ui,other,HEAD,dcb9e2e4db514915155ecab426e82847e01b137df803a6a34311f163e4a94458,d2fa3c20a,,,0530be227f4a10c5545cce8d3db20ac5a4d76a66,REVIEW_REQUIRED,Unknown,false,REVIEW_REQUIRED,REVIEW_REQUIRED,REVIEW,no path match in OpenProj baseline; classify origin manually,
modules/microproject_ui/src/guiTest/java/com/microproject/pm/graphic/views/GanttBarDateDragGuiAcceptanceTest.java,microproject_ui,other,HEAD,f490b3736000115fa4d8e223fb993fa376a9224e66b0ea95e9d8a0f4fecc2d15,d2fa3c20a,,,0530be227f4a10c5545cce8d3db20ac5a4d76a66,REVIEW_REQUIRED,Unknown,false,REVIEW_REQUIRED,REVIEW_REQUIRED,REVIEW,no path match in OpenProj baseline; classify origin manually,
modules/microproject_ui/src/guiTest/java/com/microproject/pm/graphic/views/MasterSubprojectMpoGuiAcceptanceTest.java,microproject_ui,other,HEAD,79cc25438a6416df180779336786c19f731d87d3d3fe8ccd7930736a5ffdf385,d2fa3c20a,,,0530be227f4a10c5545cce8d3db20ac5a4d76a66,REVIEW_REQUIRED,Unknown,false,REVIEW_REQUIRED,REVIEW_REQUIRED,REVIEW,no path match in OpenProj baseline; classify origin manually,
modules/microproject_ui/src/guiTest/java/com/microproject/pm/graphic/views/TaskTableGanttGridGuiAcceptanceTest.java,microproject_ui,other,HEAD,fbe977749a0798a3564fe1f427d97a90cb194a492712f8dabd859e3a48ee9a45,d2fa3c20a,,,0530be227f4a10c5545cce8d3db20ac5a4d76a66,REVIEW_REQUIRED,Unknown,false,REVIEW_REQUIRED,REVIEW_REQUIRED,REVIEW,no path match in OpenProj baseline; classify origin manually,
modules/microproject_ui/src/guiTest/java/com/microproject/pm/task/CircularSubprojectGuiAcceptanceTest.java,microproject_ui,other,HEAD,62daa9534a6ca68df098d1ccc5ada8eaa48c26601d5635e3dadf504360e37e09,d2fa3c20a,,,0530be227f4a10c5545cce8d3db20ac5a4d76a66,REVIEW_REQUIRED,Unknown,false,REVIEW_REQUIRED,REVIEW_REQUIRED,REVIEW,no path match in OpenProj baseline; classify origin manually,
modules/microproject_ui/src/guiTest/java/com/microproject/testsupport/DialogLayoutAssertions.java,microproject_ui,other,HEAD,26e822fd2ba0d8e60220adc9763ec620120a45a25a0cfcd96c9735b51b2be3cd,d2fa3c20a,,,0530be227f4a10c5545cce8d3db20ac5a4d76a66,REVIEW_REQUIRED,Unknown,false,REVIEW_REQUIRED,REVIEW_REQUIRED,REVIEW,no path match in OpenProj baseline; classify origin manually,
modules/microproject_ui/src/guiTest/java/com/microproject/testsupport/GuiAcceptanceSupport.java,microproject_ui,other,HEAD,cd1cf836c4847d2b8d8c51f809c43c44cdf80ad96116a11188bdfdd8a02e8861,d2fa3c20a,,,0530be227f4a10c5545cce8d3db20ac5a4d76a66,REVIEW_REQUIRED,Unknown,false,REVIEW_REQUIRED,REVIEW_REQUIRED,REVIEW,no path match in OpenProj baseline; classify origin manually,
modules/microproject_ui/src/guiTest/java/com/microproject/testsupport/GuiCommandAcceptanceFixture.java,microproject_ui,other,HEAD,aa06e1b7a9bfd347aaad34e8cc36a658662fa72117a82f5304c790178316aa94,d2fa3c20a,,,0530be227f4a10c5545cce8d3db20ac5a4d76a66,REVIEW_REQUIRED,Unknown,false,REVIEW_REQUIRED,REVIEW_REQUIRED,REVIEW,no path match in OpenProj baseline; classify origin manually,
modules/microproject_ui/src/guiTest/java/com/microproject/testsupport/GuiEnvironmentExtension.java,microproject_ui,other,HEAD,ca3591a799bf07d88b2f675bcaac219d325e0ffba61f0efad5973ede18f593ad,d2fa3c20a,,,0530be227f4a10c5545cce8d3db20ac5a4d76a66,REVIEW_REQUIRED,Unknown,false,REVIEW_REQUIRED,REVIEW_REQUIRED,REVIEW,no path match in OpenProj baseline; classify origin manually,
modules/microproject_ui/src/guiTest/java/com/microproject/testsupport/GuiPhysicalRouteAdapter.java,microproject_ui,other,HEAD,0fada095f99b492ff5fddc5732fcc3f78344119f5955e1be7a2029093938a631,d2fa3c20a,,,0530be227f4a10c5545cce8d3db20ac5a4d76a66,REVIEW_REQUIRED,Unknown,false,REVIEW_REQUIRED,REVIEW_REQUIRED,REVIEW,no path match in OpenProj baseline; classify origin manually,
modules/microproject_ui/src/guiTest/java/com/microproject/ui/ribbon/RibbonTabGuiAcceptanceTest.java,microproject_ui,other,HEAD,f52f173d9ded5f9e603d6a7c8582e1bc9b6d81fac1db3da7705fffcd0661528e,d2fa3c20a,,,0530be227f4a10c5545cce8d3db20ac5a4d76a66,REVIEW_REQUIRED,Unknown,false,REVIEW_REQUIRED,REVIEW_REQUIRED,REVIEW,no path match in OpenProj baseline; classify origin manually,
modules/microproject_ui/src/guiTest/java/com/microproject/ui/shell/OfficeChromeRibbonDisplayGuiAcceptanceTest.java,microproject_ui,other,HEAD,9083033443ad365fbf27a92163521e30a1088ceacc4e0acf521e2601e180767b,d2fa3c20a,,,0530be227f4a10c5545cce8d3db20ac5a4d76a66,REVIEW_REQUIRED,Unknown,false,REVIEW_REQUIRED,REVIEW_REQUIRED,REVIEW,no path match in OpenProj baseline; classify origin manually,
modules/microproject_ui/src/guiTest/java/com/microproject/ui/shell/OfficeChromeSearchGuiAcceptanceTest.java,microproject_ui,other,HEAD,3cd1e2635074b25b1e8f9db828a09f807ce8c1a9ea0a36cbab175b82a09e6d88,d2fa3c20a,,,0530be227f4a10c5545cce8d3db20ac5a4d76a66,REVIEW_REQUIRED,Unknown,false,REVIEW_REQUIRED,REVIEW_REQUIRED,REVIEW,no path match in OpenProj baseline; classify origin manually,
modules/microproject_ui/src/guiTest/java/com/microproject/ui/shell/WindowShellNativeDecorationGuiAcceptanceTest.java,microproject_ui,other,HEAD,d640f459bbbca0ca8840855584b65a4bc8d4f15d87a0f35447f8ff3475b5bf25,d2fa3c20a,,,0530be227f4a10c5545cce8d3db20ac5a4d76a66,REVIEW_REQUIRED,Unknown,false,REVIEW_REQUIRED,REVIEW_REQUIRED,REVIEW,no path match in OpenProj baseline; classify origin manually,
modules/microproject_ui/src/guiTest/resources/META-INF/services/org.junit.jupiter.api.extension.Extension,microproject_ui,other,HEAD,c14e75a1afb70771a5b6bf5eb94428bbb30a8000d078aaf23881a7a9e4c168de,d2fa3c20a,,,0530be227f4a10c5545cce8d3db20ac5a4d76a66,REVIEW_REQUIRED,Unknown,false,REVIEW_REQUIRED,REVIEW_REQUIRED,REVIEW,no path match in OpenProj baseline; classify origin manually,
modules/microproject_ui/src/main/java/com/jgoodies/forms/builder/DefaultFormBuilder.java,microproject_ui,java,HEAD,67dc7592a6373665edbac6cbd9000740cb65604bc7388a2de0a8dec652ff7a51,d2fa3c20a,,,0530be227f4a10c5545cce8d3db20ac5a4d76a66,REVIEW_REQUIRED,Unknown,false,REVIEW_REQUIRED,REVIEW_REQUIRED,REVIEW,no path match in OpenProj baseline; classify origin manually,
modules/microproject_ui/src/main/java/com/microproject/dialog/AboutDialog.java,microproject_ui,java,HEAD,9e604ddff29cf548788f866a046b56487415ec5e9971f5d8b236a72f269cec9c,d2fa3c20a,openproj_ui/src/com/projity/dialog/AboutDialog.java,a4d07ee0a4ff5296408c91d49a45c9f0be0bda58da256455460af170033cbb33,0530be227f4a10c5545cce8d3db20ac5a4d76a66,REVIEW_REQUIRED,Unknown,false,REVIEW_REQUIRED,REVIEW_REQUIRED,REVIEW,OpenProj path exists but content differs; perform hunk-level comparison,
modules/microproject_ui/src/main/java/com/microproject/dialog/AbstractDialog.java,microproject_ui,java,HEAD,069838a72e870e005210cf6409663ec907d55010b48a4307a728dcf7cda38b94,d2fa3c20a,openproj_ui/src/com/projity/dialog/AbstractDialog.java,f53eed57b786b9090ebfeece32d46f4f638d260d92025e16099e1e483f09f129,0530be227f4a10c5545cce8d3db20ac5a4d76a66,REVIEW_REQUIRED,Unknown,false,REVIEW_REQUIRED,REVIEW_REQUIRED,REVIEW,OpenProj path exists but content differs; perform hunk-level comparison,
modules/microproject_ui/src/main/java/com/microproject/dialog/ActionJList.java,microproject_ui,java,HEAD,c5c525308526c8a874fd9fef2c3f9457b64c874be4b57f26e4cf9c11882a6db3,d2fa3c20a,openproj_ui/src/com/projity/dialog/ActionJList.java,0fe2280279dc51bc17015000b66fed4f021e6211341f84fc5936c2ea47fc0ff2,0530be227f4a10c5545cce8d3db20ac5a4d76a66,REVIEW_REQUIRED,Unknown,false,REVIEW_REQUIRED,REVIEW_REQUIRED,REVIEW,OpenProj path exists but content differs; perform hunk-level comparison,
modules/microproject_ui/src/main/java/com/microproject/dialog/AutoFilterDialog.java,microproject_ui,java,HEAD,3a8006168de38e5bb1d8d06e936972c0ea36acfd6abc199fa7a8a96e9ad33bb5,d2fa3c20a,,,0530be227f4a10c5545cce8d3db20ac5a4d76a66,REVIEW_REQUIRED,Unknown,false,REVIEW_REQUIRED,REVIEW_REQUIRED,REVIEW,no path match in OpenProj baseline; classify origin manually,
modules/microproject_ui/src/main/java/com/microproject/dialog/BaselineDialog.java,microproject_ui,java,HEAD,3c49da0ea78300bd26376b880ede7792ea316d56de344eec9efbb2c351fbfb1f,d2fa3c20a,openproj_ui/src/com/projity/dialog/BaselineDialog.java,3c86d0fb52a16a6b3b1feac2e23bf5fef7012d06f5a24ebc9b78ff89cf3c965b,0530be227f4a10c5545cce8d3db20ac5a4d76a66,REVIEW_REQUIRED,Unknown,false,REVIEW_REQUIRED,REVIEW_REQUIRED,REVIEW,OpenProj path exists but content differs; perform hunk-level comparison,
modules/microproject_ui/src/main/java/com/microproject/dialog/ButtonPanel.java,microproject_ui,java,HEAD,0563c2df99b53f28a0e2557359ffe771c3cdb3577fa283da05aa1d3a5c547cc3,d2fa3c20a,openproj_ui/src/com/projity/dialog/ButtonPanel.java,4ef77a6c610a0d80c144d78b455977897ba80e4c5bd38d0b805f6bb3c80adbea,0530be227f4a10c5545cce8d3db20ac5a4d76a66,REVIEW_REQUIRED,Unknown,false,REVIEW_REQUIRED,REVIEW_REQUIRED,REVIEW,OpenProj path exists but content differs; perform hunk-level comparison,
modules/microproject_ui/src/main/java/com/microproject/dialog/CalendarViewDialogBox.java,microproject_ui,java,HEAD,a780005f30fa942786c17adadd7898c8acf239c688bd6d1d9111b63902df99c6,d2fa3c20a,,,0530be227f4a10c5545cce8d3db20ac5a4d76a66,REVIEW_REQUIRED,Unknown,false,REVIEW_REQUIRED,REVIEW_REQUIRED,REVIEW,no path match in OpenProj baseline; classify origin manually,
modules/microproject_ui/src/main/java/com/microproject/dialog/ColumnDialog.java,microproject_ui,java,HEAD,15a62597a8d41985a6707c8ea88fcba17019f89ea179a108b863e8a8d3d8a451,d2fa3c20a,openproj_ui/src/com/projity/dialog/ColumnDialog.java,002f31d41e98c2fe9e616b50d44acceb80530c131b235338bb4978e81277ae06,0530be227f4a10c5545cce8d3db20ac5a4d76a66,REVIEW_REQUIRED,Unknown,false,REVIEW_REQUIRED,REVIEW_REQUIRED,REVIEW,OpenProj path exists but content differs; perform hunk-level comparison,
modules/microproject_ui/src/main/java/com/microproject/dialog/CriticalChainStatusDialogBox.java,microproject_ui,java,HEAD,c58e9e6f4f5f851fd31f86a98705b3744a6fe2288f98aa0a97391d2b73939330,d2fa3c20a,,,0530be227f4a10c5545cce8d3db20ac5a4d76a66,REVIEW_REQUIRED,Unknown,false,REVIEW_REQUIRED,REVIEW_REQUIRED,REVIEW,no path match in OpenProj baseline; classify origin manually,
modules/microproject_ui/src/main/java/com/microproject/dialog/CustomFieldsDialogBox.java,microproject_ui,java,HEAD,6458bd487a37246eef7880879461460f7b9cc3bdee5075453c48c8d4cc1a5db3,d2fa3c20a,,,0530be227f4a10c5545cce8d3db20ac5a4d76a66,REVIEW_REQUIRED,Unknown,false,REVIEW_REQUIRED,REVIEW_REQUIRED,REVIEW,no path match in OpenProj baseline; classify origin manually,
modules/microproject_ui/src/main/java/com/microproject/dialog/CustomReportDialogBox.java,microproject_ui,java,HEAD,12fea21b7a1c0ef834fba081242c97da0e9ec37a7b2ab03245e6864043b73db1,d2fa3c20a,,,0530be227f4a10c5545cce8d3db20ac5a4d76a66,REVIEW_REQUIRED,Unknown,false,REVIEW_REQUIRED,REVIEW_REQUIRED,REVIEW,no path match in OpenProj baseline; classify origin manually,
modules/microproject_ui/src/main/java/com/microproject/dialog/DelegateTaskDialog.java,microproject_ui,java,HEAD,4e26c339762c203d0692bcc8c237c8d0b31194dbd126c5d70a7e973ca07b8d04,d2fa3c20a,openproj_ui/src/com/projity/dialog/DelegateTaskDialog.java,0360347916df7ff73b721db157d4519893a0ec54069dbfa53ed7671100d78613,0530be227f4a10c5545cce8d3db20ac5a4d76a66,REVIEW_REQUIRED,Unknown,false,REVIEW_REQUIRED,REVIEW_REQUIRED,REVIEW,OpenProj path exists but content differs; perform hunk-level comparison,
modules/microproject_ui/src/main/java/com/microproject/dialog/DependencyDialog.java,microproject_ui,java,HEAD,ff999c4ec73d7a41ac485df63a4ecd7df7b7e9664198fab2b3ea22e6d275944f,d2fa3c20a,openproj_ui/src/com/projity/dialog/DependencyDialog.java,af66ed601a468a707dd128dd37ab2e73d86ea29b7487553b3c1d6be2f9de95f8,0530be227f4a10c5545cce8d3db20ac5a4d76a66,REVIEW_REQUIRED,Unknown,false,REVIEW_REQUIRED,REVIEW_REQUIRED,REVIEW,OpenProj path exists but content differs; perform hunk-level comparison,
modules/microproject_ui/src/main/java/com/microproject/dialog/FieldAliasDialog.java,microproject_ui,java,HEAD,44eed6bcf93b993d35f1fe6b9ab46334aef35ec00fab4cbbbb0e083a70aac4db,d2fa3c20a,openproj_ui/src/com/projity/dialog/FieldAliasDialog.java,c46762c091a7c384af036224ec78e28d3ae22948f8ec4cf6af6588137a72e379,0530be227f4a10c5545cce8d3db20ac5a4d76a66,REVIEW_REQUIRED,Unknown,false,REVIEW_REQUIRED,REVIEW_REQUIRED,REVIEW,OpenProj path exists but content differs; perform hunk-level comparison,
modules/microproject_ui/src/main/java/com/microproject/dialog/FieldDialog.java,microproject_ui,java,HEAD,e1de5d4ae76e56835cd1e7118d1b2771e114d616a830541d32d47d53b287a5b7,d2fa3c20a,openproj_ui/src/com/projity/dialog/FieldDialog.java,20ace4586879a45eab4241a12a906fb2a95ce7bad24853c95dff3b2448a05983,0530be227f4a10c5545cce8d3db20ac5a4d76a66,REVIEW_REQUIRED,Unknown,false,REVIEW_REQUIRED,REVIEW_REQUIRED,REVIEW,OpenProj path exists but content differs; perform hunk-level comparison,
modules/microproject_ui/src/main/java/com/microproject/dialog/FindDialog.java,microproject_ui,java,HEAD,cc2f1d9fcb85e19036f2d0b60a61e675865eecec1b9c1353fbfc098abbc349a6,d2fa3c20a,openproj_ui/src/com/projity/dialog/FindDialog.java,65c9ab5b1111fe3f9fcd80cebe1d649ea9ef7d0a661351af4650024d9986dfec,0530be227f4a10c5545cce8d3db20ac5a4d76a66,REVIEW_REQUIRED,Unknown,false,REVIEW_REQUIRED,REVIEW_REQUIRED,REVIEW,OpenProj path exists but content differs; perform hunk-level comparison,
modules/microproject_ui/src/main/java/com/microproject/dialog/GridlinesDialogBox.java,microproject_ui,java,HEAD,2a1db37929c6a959edd687ba5b0ec9625174a4d67f396bf275e68ea18e833326,d2fa3c20a,,,0530be227f4a10c5545cce8d3db20ac5a4d76a66,REVIEW_REQUIRED,Unknown,false,REVIEW_REQUIRED,REVIEW_REQUIRED,REVIEW,no path match in OpenProj baseline; classify origin manually,
modules/microproject_ui/src/main/java/com/microproject/dialog/HelpDialog.java,microproject_ui,java,HEAD,a00b91f4a4f2356e6a398ac68e9d1329dac3d52b2b3deda71c6db82715596c2f,d2fa3c20a,openproj_ui/src/com/projity/dialog/HelpDialog.java,4a7b83f554475cf3cea08194deedab404cfcf2d33f07856be4bcce548d6c2e7d,0530be227f4a10c5545cce8d3db20ac5a4d76a66,REVIEW_REQUIRED,Unknown,false,REVIEW_REQUIRED,REVIEW_REQUIRED,REVIEW,OpenProj path exists but content differs; perform hunk-level comparison,
modules/microproject_ui/src/main/java/com/microproject/dialog/InformationDialog.java,microproject_ui,java,HEAD,e2292132a5d801ff70d1445584bf22d443cd224f1d2daff06e706b99dafd194b,d2fa3c20a,openproj_ui/src/com/projity/dialog/InformationDialog.java,dce6f4aa45c4cac2887fd7f9acf5106dfb75862897990c7f48ff37c3c1cb9d87,0530be227f4a10c5545cce8d3db20ac5a4d76a66,REVIEW_REQUIRED,Unknown,false,REVIEW_REQUIRED,REVIEW_REQUIRED,REVIEW,OpenProj path exists but content differs; perform hunk-level comparison,
modules/microproject_ui/src/main/java/com/microproject/dialog/LicenseDialog.java,microproject_ui,java,HEAD,8d5facf3a4bfce27119073d8fa88a18432c0dc3d1608d1c3e9c26ce890022b62,d2fa3c20a,openproj_ui/src/com/projity/dialog/LicenseDialog.java,559c85ce87c5ac7de8cab4740749fa0fcc4a254fe13a35af0e3cb7c1219e56c0,0530be227f4a10c5545cce8d3db20ac5a4d76a66,REVIEW_REQUIRED,Unknown,false,REVIEW_REQUIRED,REVIEW_REQUIRED,REVIEW,OpenProj path exists but content differs; perform hunk-level comparison,
modules/microproject_ui/src/main/java/com/microproject/dialog/LocaleDialog.java,microproject_ui,java,HEAD,a8643b2bd6eb9a72b4061fb12ded2355be1ae86efd4bb30b3d6b7138ddd49df1,d2fa3c20a,,,0530be227f4a10c5545cce8d3db20ac5a4d76a66,REVIEW_REQUIRED,Unknown,false,REVIEW_REQUIRED,REVIEW_REQUIRED,REVIEW,no path match in OpenProj baseline; classify origin manually,
modules/microproject_ui/src/main/java/com/microproject/dialog/LoginDialog.java,microproject_ui,java,HEAD,d006fb30d50d18a268fd29012389301547bb3ed278def695fbcd05d970fa1389,d2fa3c20a,openproj_ui/src/com/projity/dialog/LoginDialog.java,0870a64942ea4a20a755a43bfa540cd47dafef85a8467ffc6a7e38d9fc3ca218,0530be227f4a10c5545cce8d3db20ac5a4d76a66,REVIEW_REQUIRED,Unknown,false,REVIEW_REQUIRED,REVIEW_REQUIRED,REVIEW,OpenProj path exists but content differs; perform hunk-level comparison,
modules/microproject_ui/src/main/java/com/microproject/dialog/LoginForm.java,microproject_ui,java,HEAD,06f4e079f218cd893371a058efa87be0591a111e7e0ae18558e135c548736305,d2fa3c20a,openproj_ui/src/com/projity/dialog/LoginForm.java,6db345cb0720c7c1d1941eae6d6d96fea26ce996d024abb6064855c83e7b0deb,0530be227f4a10c5545cce8d3db20ac5a4d76a66,REVIEW_REQUIRED,Unknown,true,REVIEW_REQUIRED,REVIEW_REQUIRED,KEEP_OPENPROJ,normalized content matches OpenProj baseline,
modules/microproject_ui/src/main/java/com/microproject/dialog/LookupDialog.java,microproject_ui,java,HEAD,e0819833ad842f7f3ce594ff3b5c86eba12801404935901fb6e0eb71777a9524,d2fa3c20a,openproj_ui/src/com/projity/dialog/LookupDialog.java,30f40202f289ef4ad115645038d4cb71beb0b58f88236204a7601599f8d801c2,0530be227f4a10c5545cce8d3db20ac5a4d76a66,REVIEW_REQUIRED,Unknown,false,REVIEW_REQUIRED,REVIEW_REQUIRED,REVIEW,OpenProj path exists but content differs; perform hunk-level comparison,
modules/microproject_ui/src/main/java/com/microproject/dialog/MoveProjectDialog.java,microproject_ui,java,HEAD,dd1f654f9aa3dc1693466d1bd51630edd46eef59cde119ed7dc617d983fc76a1,d2fa3c20a,,,0530be227f4a10c5545cce8d3db20ac5a4d76a66,REVIEW_REQUIRED,Unknown,false,REVIEW_REQUIRED,REVIEW_REQUIRED,REVIEW,no path match in OpenProj baseline; classify origin manually,
modules/microproject_ui/src/main/java/com/microproject/dialog/OpenProjectDialog.java,microproject_ui,java,HEAD,6b677e34a21301731888a3777be9d18f44e72e56baffcd12558a0e8ee9e2f05b,d2fa3c20a,openproj_ui/src/com/projity/dialog/OpenProjectDialog.java,0563d38bfd3c081226bb9605957b54105a478821da226594e1cf3134d4090666,0530be227f4a10c5545cce8d3db20ac5a4d76a66,REVIEW_REQUIRED,Unknown,false,REVIEW_REQUIRED,REVIEW_REQUIRED,REVIEW,OpenProj path exists but content differs; perform hunk-level comparison,
modules/microproject_ui/src/main/java/com/microproject/dialog/PageSetupDialog.java,microproject_ui,java,HEAD,bf35c4ff6cc8c3bc24bdb7068bb3e2a3eda0f7f8e600ac4f2a5e235596e79a7d,d2fa3c20a,openproj_ui/src/com/projity/dialog/PageSetupDialog.java,4dbe4a3b391017d551c6b6797a2a7c3cd1c4693706a398ea077dd33c21898492,0530be227f4a10c5545cce8d3db20ac5a4d76a66,REVIEW_REQUIRED,Unknown,false,REVIEW_REQUIRED,REVIEW_REQUIRED,REVIEW,OpenProj path exists but content differs; perform hunk-level comparison,
modules/microproject_ui/src/main/java/com/microproject/dialog/PreferencesDialogBox.java,microproject_ui,java,HEAD,aa1526d103c79bf552f06e11607ef8ef3b06c80651f31db4093aac7afeb540ff,d2fa3c20a,,,0530be227f4a10c5545cce8d3db20ac5a4d76a66,REVIEW_REQUIRED,Unknown,false,REVIEW_REQUIRED,REVIEW_REQUIRED,REVIEW,no path match in OpenProj baseline; classify origin manually,
modules/microproject_ui/src/main/java/com/microproject/dialog/ProjectDialog.java,microproject_ui,java,HEAD,f111986c12b1162e9c110d2bd09dcf58b96670c0711a6a4626a6b3a063ce1a88,d2fa3c20a,openproj_ui/src/com/projity/dialog/ProjectDialog.java,3cd027f9b7aa8057a4d35977463fe4e0f7ceadea444449c10e38c86ff3455207,0530be227f4a10c5545cce8d3db20ac5a4d76a66,REVIEW_REQUIRED,Unknown,false,REVIEW_REQUIRED,REVIEW_REQUIRED,REVIEW,OpenProj path exists but content differs; perform hunk-level comparison,
modules/microproject_ui/src/main/java/com/microproject/dialog/ProjectInformationDialog.java,microproject_ui,java,HEAD,6f3ca67edea92259922087b16706301240bc7fdd5ee2b908666b083f6c869911,d2fa3c20a,openproj_ui/src/com/projity/dialog/ProjectInformationDialog.java,bf056a7e4b261dddce7544f0cf2deef193063102e12c9f41f017b45eec204b71,0530be227f4a10c5545cce8d3db20ac5a4d76a66,REVIEW_REQUIRED,Unknown,false,REVIEW_REQUIRED,REVIEW_REQUIRED,REVIEW,OpenProj path exists but content differs; perform hunk-level comparison,
modules/microproject_ui/src/main/java/com/microproject/dialog/RecurringTaskDialog.java,microproject_ui,java,HEAD,777c8c6de7c68c917cdc694aa3fd9f978646ec18cfec2ffc9e43145f988ec300,d2fa3c20a,,,0530be227f4a10c5545cce8d3db20ac5a4d76a66,REVIEW_REQUIRED,Unknown,false,REVIEW_REQUIRED,REVIEW_REQUIRED,REVIEW,no path match in OpenProj baseline; classify origin manually,
modules/microproject_ui/src/main/java/com/microproject/dialog/RenameDialog.java,microproject_ui,java,HEAD,ae6b3367587740abbaa70299e6791c41ef0859f78f3f1fdd345e369a41e630a6,d2fa3c20a,openproj_ui/src/com/projity/dialog/RenameDialog.java,17ae05268e4a72a1022482b9d23f45e8e3fe47b9287f49b78a8ac200cf057f52,0530be227f4a10c5545cce8d3db20ac5a4d76a66,REVIEW_REQUIRED,Unknown,false,REVIEW_REQUIRED,REVIEW_REQUIRED,REVIEW,OpenProj path exists but content differs; perform hunk-level comparison,
modules/microproject_ui/src/main/java/com/microproject/dialog/RenameProjectDialog.java,microproject_ui,java,HEAD,fbbbb7a39db5840306f30bcd3b30c6f1feebdc294062f5279413952c33bc7268,d2fa3c20a,openproj_ui/src/com/projity/dialog/RenameProjectDialog.java,ead22518a9817c8f640bbe61825b585d6cec59cccd88fadc40dc47be65ec433e,0530be227f4a10c5545cce8d3db20ac5a4d76a66,REVIEW_REQUIRED,Unknown,false,REVIEW_REQUIRED,REVIEW_REQUIRED,REVIEW,OpenProj path exists but content differs; perform hunk-level comparison,
modules/microproject_ui/src/main/java/com/microproject/dialog/ResourceAdditionDialog.java,microproject_ui,java,HEAD,65e29a244b7554637dea8fa3c78df7871f73f758e1671937a33b5b8b9b3f2201,d2fa3c20a,openproj_ui/src/com/projity/dialog/ResourceAdditionDialog.java,c3b1679b8b43864955276cacf4d53021791324acfb77395ea4c552b91f2644fd,0530be227f4a10c5545cce8d3db20ac5a4d76a66,REVIEW_REQUIRED,Unknown,false,REVIEW_REQUIRED,REVIEW_REQUIRED,REVIEW,OpenProj path exists but content differs; perform hunk-level comparison,
modules/microproject_ui/src/main/java/com/microproject/dialog/ResourceInformationDialog.java,microproject_ui,java,HEAD,9677a45221d0b940b26b200c0dd8d081f9d246f8e7924ed0f650782d15681636,d2fa3c20a,openproj_ui/src/com/projity/dialog/ResourceInformationDialog.java,03764f0b5892b4b93715937d7d257839fe1c8e2c5f4a5c1f863c49b7d3d671c5,0530be227f4a10c5545cce8d3db20ac5a4d76a66,REVIEW_REQUIRED,Unknown,false,REVIEW_REQUIRED,REVIEW_REQUIRED,REVIEW,OpenProj path exists but content differs; perform hunk-level comparison,
modules/microproject_ui/src/main/java/com/microproject/dialog/ResourceLevelingDialogBox.java,microproject_ui,java,HEAD,ad0bdb1208ec991b341dc0007b42e1bd4e34628c73dfa4eb6df39e8742e40889,d2fa3c20a,,,0530be227f4a10c5545cce8d3db20ac5a4d76a66,REVIEW_REQUIRED,Unknown,false,REVIEW_REQUIRED,REVIEW_REQUIRED,REVIEW,no path match in OpenProj baseline; classify origin manually,
modules/microproject_ui/src/main/java/com/microproject/dialog/ResourceMappingDialog.java,microproject_ui,java,HEAD,7b9b3814903e5ed0fcc1e074ba46ff9b78802906557e2adafcdb66c849ebe24f,d2fa3c20a,openproj_ui/src/com/projity/dialog/ResourceMappingDialog.java,d9ca8e92093bfbf43a83e1159a30f113327285700c5ddeb702c3b89b541a7d09,0530be227f4a10c5545cce8d3db20ac5a4d76a66,REVIEW_REQUIRED,Unknown,false,REVIEW_REQUIRED,REVIEW_REQUIRED,REVIEW,OpenProj path exists but content differs; perform hunk-level comparison,
modules/microproject_ui/src/main/java/com/microproject/dialog/StatusDateDialog.java,microproject_ui,java,HEAD,b630f3570591f1e98e8162c4f3b11ae4a3f03de081e2556b0092dd44d0589351,d2fa3c20a,,,0530be227f4a10c5545cce8d3db20ac5a4d76a66,REVIEW_REQUIRED,Unknown,false,REVIEW_REQUIRED,REVIEW_REQUIRED,REVIEW,no path match in OpenProj baseline; classify origin manually,
modules/microproject_ui/src/main/java/com/microproject/dialog/TaskInformationDialog.java,microproject_ui,java,HEAD,279ca378f7c3151cfe48ebb946772d1fdf11152a3a09453070af3dbb471b3cd0,d2fa3c20a,openproj_ui/src/com/projity/dialog/TaskInformationDialog.java,0e5c3c4c61d98d4a6402b6750f03e2212edf3b311fcf6a888914bb7aebc4b4ce,0530be227f4a10c5545cce8d3db20ac5a4d76a66,REVIEW_REQUIRED,Unknown,false,REVIEW_REQUIRED,REVIEW_REQUIRED,REVIEW,OpenProj path exists but content differs; perform hunk-level comparison,
modules/microproject_ui/src/main/java/com/microproject/dialog/TeamPlannerDialogBox.java,microproject_ui,java,HEAD,fbacf64aae39fb2de431661bb90c761887ee1837c1adf99f08c9e8ba091c072b,d2fa3c20a,,,0530be227f4a10c5545cce8d3db20ac5a4d76a66,REVIEW_REQUIRED,Unknown,false,REVIEW_REQUIRED,REVIEW_REQUIRED,REVIEW,no path match in OpenProj baseline; classify origin manually,
modules/microproject_ui/src/main/java/com/microproject/dialog/TimelineDialogBox.java,microproject_ui,java,HEAD,6d36d4e48b4e1e1574847bd741c7d9feb6e1a754fced4961eb69c6ad56bfb255,d2fa3c20a,,,0530be227f4a10c5545cce8d3db20ac5a4d76a66,REVIEW_REQUIRED,Unknown,false,REVIEW_REQUIRED,REVIEW_REQUIRED,REVIEW,no path match in OpenProj baseline; classify origin manually,
modules/microproject_ui/src/main/java/com/microproject/dialog/TransformParameterDialog.java,microproject_ui,java,HEAD,1ec4ad367fe7f1376ae6e81e1d8d82cb7d2b251c414d0cacdfa966891ca3f719,d2fa3c20a,openproj_ui/src/com/projity/dialog/TransformParameterDialog.java,f706f6a1141e98222eb979d343a499c7b5e46174816f522ff96a6fc409c714f7,0530be227f4a10c5545cce8d3db20ac5a4d76a66,REVIEW_REQUIRED,Unknown,false,REVIEW_REQUIRED,REVIEW_REQUIRED,REVIEW,OpenProj path exists but content differs; perform hunk-level comparison,
modules/microproject_ui/src/main/java/com/microproject/dialog/UpdateChecker.java,microproject_ui,java,HEAD,596c8c07c56baea597e570681edca749b18105142b32d240d9d54c0ec861392c,d2fa3c20a,,,0530be227f4a10c5545cce8d3db20ac5a4d76a66,REVIEW_REQUIRED,Unknown,false,REVIEW_REQUIRED,REVIEW_REQUIRED,REVIEW,no path match in OpenProj baseline; classify origin manually,
modules/microproject_ui/src/main/java/com/microproject/dialog/UpdateProjectDialogBox.java,microproject_ui,java,HEAD,f4d5a9ec9e44ea7864e382083432296ab65982db36b2acba420a0a1a7f6ee4ad,d2fa3c20a,openproj_ui/src/com/projity/dialog/UpdateProjectDialogBox.java,5152bf1126240122517716d245917be9a590ba70bc40508de7c8b1e02c153c0f,0530be227f4a10c5545cce8d3db20ac5a4d76a66,REVIEW_REQUIRED,Unknown,false,REVIEW_REQUIRED,REVIEW_REQUIRED,REVIEW,OpenProj path exists but content differs; perform hunk-level comparison,
modules/microproject_ui/src/main/java/com/microproject/dialog/UpdateTaskDialog.java,microproject_ui,java,HEAD,3c9487f7f97e170411d82320426dcfd0f50032bb839e73a3745a9aa6448247a7,d2fa3c20a,openproj_ui/src/com/projity/dialog/UpdateTaskDialog.java,00a88d775fc8ce9dada7e404b17acf914c1fe5d4e7621e48df253a789ee83f01,0530be227f4a10c5545cce8d3db20ac5a4d76a66,REVIEW_REQUIRED,Unknown,false,REVIEW_REQUIRED,REVIEW_REQUIRED,REVIEW,OpenProj path exists but content differs; perform hunk-level comparison,
modules/microproject_ui/src/main/java/com/microproject/dialog/UsabilityStrings.java,microproject_ui,java,HEAD,bc0ca99f161d4e16b51fffa8cbb3d863d5b18969e4632d52e50fdfbfc7dff8cd,d2fa3c20a,,,0530be227f4a10c5545cce8d3db20ac5a4d76a66,REVIEW_REQUIRED,Unknown,false,REVIEW_REQUIRED,REVIEW_REQUIRED,REVIEW,no path match in OpenProj baseline; classify origin manually,
modules/microproject_ui/src/main/java/com/microproject/dialog/WelcomeDialog.java,microproject_ui,java,HEAD,e562b7eabc2dd41cacbcb488d233ddb1de050fce9a373a6c249dbbd27b97e901,d2fa3c20a,openproj_ui/src/com/projity/dialog/WelcomeDialog.java,dc54c1654d4b2709950aae7b185ec7156cd0372f880bd6450623831e711b9118,0530be227f4a10c5545cce8d3db20ac5a4d76a66,REVIEW_REQUIRED,Unknown,false,REVIEW_REQUIRED,REVIEW_REQUIRED,REVIEW,OpenProj path exists but content differs; perform hunk-level comparison,
modules/microproject_ui/src/main/java/com/microproject/dialog/XbsDependencyDialog.java,microproject_ui,java,HEAD,d37ccb05a3f92d94b8c1600c7674b2e82225d8843f457cdbf006c341e56c52cb,d2fa3c20a,openproj_ui/src/com/projity/dialog/XbsDependencyDialog.java,07cfede199a0a1caae46df823475cd655081482b72f3eb39fbfc60d3b935fdef,0530be227f4a10c5545cce8d3db20ac5a4d76a66,REVIEW_REQUIRED,Unknown,false,REVIEW_REQUIRED,REVIEW_REQUIRED,REVIEW,OpenProj path exists but content differs; perform hunk-level comparison,
modules/microproject_ui/src/main/java/com/microproject/dialog/assignment/AssignmentDialog.java,microproject_ui,java,HEAD,9dd8e0086ec0ba39875999c99c72a28a4d3da83fb8d0b4356643ed26d35b68f4,d2fa3c20a,openproj_ui/src/com/projity/dialog/assignment/AssignmentDialog.java,b83f0def5e19d6c4bbc7b4202dc8da39cccfbd7bcfa48f371856ab5c476593aa,0530be227f4a10c5545cce8d3db20ac5a4d76a66,REVIEW_REQUIRED,Unknown,false,REVIEW_REQUIRED,REVIEW_REQUIRED,REVIEW,OpenProj path exists but content differs; perform hunk-level comparison,
modules/microproject_ui/src/main/java/com/microproject/dialog/assignment/AssignmentEntryPane.java,microproject_ui,java,HEAD,14996ffc74aab3b59f2241a5cbdfe60d5154797b138278a57701974ec87c00bc,d2fa3c20a,openproj_ui/src/com/projity/dialog/assignment/AssignmentEntryPane.java,c072b3924a10a71e2c217a7541916d52b15a58d2f5c1757fba9a6dec0115187a,0530be227f4a10c5545cce8d3db20ac5a4d76a66,REVIEW_REQUIRED,Unknown,false,REVIEW_REQUIRED,REVIEW_REQUIRED,REVIEW,OpenProj path exists but content differs; perform hunk-level comparison,
modules/microproject_ui/src/main/java/com/microproject/dialog/assignment/CommonAssignmentDialog.java,microproject_ui,java,HEAD,7e99f9cd1162a99207ff3e199f2d996c1c4c5f61b9800a37e80a76864640af28,d2fa3c20a,openproj_ui/src/com/projity/dialog/assignment/CommonAssignmentDialog.java,41b172406a487441c90028173c712a9fa10bd2f7de71e9525d5cce1187989885,0530be227f4a10c5545cce8d3db20ac5a4d76a66,REVIEW_REQUIRED,Unknown,true,REVIEW_REQUIRED,REVIEW_REQUIRED,KEEP_OPENPROJ,normalized content matches OpenProj baseline,
modules/microproject_ui/src/main/java/com/microproject/dialog/assignment/ReplaceAssignmentDialog.java,microproject_ui,java,HEAD,2b05d7e70c1b864073a88fa265b1eedff75340dc7ea434585c388b2e187dd56b,d2fa3c20a,openproj_ui/src/com/projity/dialog/assignment/ReplaceAssignmentDialog.java,075c78f7925bc1bd5611a30c13d111bffb932f9893947628b8b48aa8167eb756,0530be227f4a10c5545cce8d3db20ac5a4d76a66,REVIEW_REQUIRED,Unknown,false,REVIEW_REQUIRED,REVIEW_REQUIRED,REVIEW,OpenProj path exists but content differs; perform hunk-level comparison,
modules/microproject_ui/src/main/java/com/microproject/dialog/assignment/ResourceAssigner.java,microproject_ui,java,HEAD,5ef934d5389a34d7a4be202c0a5ff658d1123430e622cb0d67d1425dd10943ee,d2fa3c20a,openproj_ui/src/com/projity/dialog/assignment/ResourceAssigner.java,238f9398233710519043e84a2577647b02dca5e9b45908c93701b43cc85532dc,0530be227f4a10c5545cce8d3db20ac5a4d76a66,REVIEW_REQUIRED,Unknown,true,REVIEW_REQUIRED,REVIEW_REQUIRED,KEEP_OPENPROJ,normalized content matches OpenProj baseline,
modules/microproject_ui/src/main/java/com/microproject/dialog/assignment/TimesheetDialog.java,microproject_ui,java,HEAD,13990d43bebb816d3d92accb4aec668f7f1754f042c429df3fba2acbfb2dc2e6,d2fa3c20a,,,0530be227f4a10c5545cce8d3db20ac5a4d76a66,REVIEW_REQUIRED,Unknown,false,REVIEW_REQUIRED,REVIEW_REQUIRED,REVIEW,no path match in OpenProj baseline; classify origin manually,
modules/microproject_ui/src/main/java/com/microproject/dialog/assignment/TimesheetEntryPane.java,microproject_ui,java,HEAD,c3d9168ba52c240ca68257b299d12d4941968e4e30266741650f6b1cb53bd50e,d2fa3c20a,,,0530be227f4a10c5545cce8d3db20ac5a4d76a66,REVIEW_REQUIRED,Unknown,false,REVIEW_REQUIRED,REVIEW_REQUIRED,REVIEW,no path match in OpenProj baseline; classify origin manually,
modules/microproject_ui/src/main/java/com/microproject/dialog/calendar/CalendarInterval.java,microproject_ui,java,HEAD,87f93290dd28e5a0993903eccd643c8b0037a3780ff5fefa943f2650ed005fe4,d2fa3c20a,openproj_ui/src/com/projity/dialog/calendar/CalendarInterval.java,73d074fac6a16f688c8e7f3fa044f526d2ec6b65a08565b8819da823c25c01bc,0530be227f4a10c5545cce8d3db20ac5a4d76a66,REVIEW_REQUIRED,Unknown,false,REVIEW_REQUIRED,REVIEW_REQUIRED,REVIEW,OpenProj path exists but content differs; perform hunk-level comparison,
modules/microproject_ui/src/main/java/com/microproject/dialog/calendar/CalendarView.java,microproject_ui,java,HEAD,fdefe04048f3b54f5577712b5dd20b38f2f243f6c4decc2e9f056355ecbb85de,d2fa3c20a,openproj_ui/src/com/projity/dialog/calendar/CalendarView.java,8f3d189e7be4fbae81ca7d58bf0872aa4fb95b48fd5521807f6bfc48de3126db,0530be227f4a10c5545cce8d3db20ac5a4d76a66,REVIEW_REQUIRED,Unknown,false,REVIEW_REQUIRED,REVIEW_REQUIRED,REVIEW,OpenProj path exists but content differs; perform hunk-level comparison,
modules/microproject_ui/src/main/java/com/microproject/dialog/calendar/ChangeWorkingTimeDialogBox.java,microproject_ui,java,HEAD,59425ebfd1b310a3d479198285230b8613b24705650bd2fb665dc01de83f3c07,d2fa3c20a,openproj_ui/src/com/projity/dialog/calendar/ChangeWorkingTimeDialogBox.java,eef2437fa4f56c8332a306ba3fc89188230434c8f348ee7b640dd1b438431d75,0530be227f4a10c5545cce8d3db20ac5a4d76a66,REVIEW_REQUIRED,Unknown,false,REVIEW_REQUIRED,REVIEW_REQUIRED,REVIEW,OpenProj path exists but content differs; perform hunk-level comparison,
modules/microproject_ui/src/main/java/com/microproject/dialog/calendar/ExceptionEditorPanel.java,microproject_ui,java,HEAD,2800a279b0b148314a20f17b6781ed5b794ceed22ca40920988ecdb700f6c004,d2fa3c20a,,,0530be227f4a10c5545cce8d3db20ac5a4d76a66,REVIEW_REQUIRED,Unknown,false,REVIEW_REQUIRED,REVIEW_REQUIRED,REVIEW,no path match in OpenProj baseline; classify origin manually,
modules/microproject_ui/src/main/java/com/microproject/dialog/calendar/Intervals.java,microproject_ui,java,HEAD,90a6765c94c7bdeee572fd2d1edf36319591824bce19f07f37f8f880c57cbad3,d2fa3c20a,openproj_ui/src/com/projity/dialog/calendar/Intervals.java,79374dce6d137c6a3f0a7c23e3c9e95ac73fce990e7043bd9e831d01970e1af7,0530be227f4a10c5545cce8d3db20ac5a4d76a66,REVIEW_REQUIRED,Unknown,false,REVIEW_REQUIRED,REVIEW_REQUIRED,REVIEW,OpenProj path exists but content differs; perform hunk-level comparison,
modules/microproject_ui/src/main/java/com/microproject/dialog/calendar/NewBaseCalendarDialog.java,microproject_ui,java,HEAD,9f1c0cf98812225cdd9ba6c861cbf9f309300b8a2b7a430f754ed93e040a2db5,d2fa3c20a,openproj_ui/src/com/projity/dialog/calendar/NewBaseCalendarDialog.java,e8b5e96adc48416ddcfb0d8cf530d140700da59cb36373627f8b2aea28af20d2,0530be227f4a10c5545cce8d3db20ac5a4d76a66,REVIEW_REQUIRED,Unknown,false,REVIEW_REQUIRED,REVIEW_REQUIRED,REVIEW,OpenProj path exists but content differs; perform hunk-level comparison,
modules/microproject_ui/src/main/java/com/microproject/dialog/calendar/WorkWeekEditorPanel.java,microproject_ui,java,HEAD,293a972f73eabb29cd6f5b57a3dc691464a2717c1d48a80ef30466f7ba44b971,d2fa3c20a,,,0530be227f4a10c5545cce8d3db20ac5a4d76a66,REVIEW_REQUIRED,Unknown,false,REVIEW_REQUIRED,REVIEW_REQUIRED,REVIEW,no path match in OpenProj baseline; classify origin manually,
modules/microproject_ui/src/main/java/com/microproject/dialog/options/CalendarDialogBox.java,microproject_ui,java,HEAD,6eb0d3f2b3707f023ae2b1a932843cd509717fc845b255fd93479611d40b8b21,d2fa3c20a,openproj_ui/src/com/projity/dialog/options/CalendarDialogBox.java,3c634b909d935bbbe2dc23c7f3779bd91353393b5811f8db2c7e1bf7b36f4661,0530be227f4a10c5545cce8d3db20ac5a4d76a66,REVIEW_REQUIRED,Unknown,false,REVIEW_REQUIRED,REVIEW_REQUIRED,REVIEW,OpenProj path exists but content differs; perform hunk-level comparison,
modules/microproject_ui/src/main/java/com/microproject/dialog/util/ComponentFactory.java,microproject_ui,java,HEAD,7ed41133679b54cf207e93ae1d2dadc53afeb7cdd9b9198a69bb68e41e4c108e,d2fa3c20a,openproj_ui/src/com/projity/dialog/util/ComponentFactory.java,d6ec1bc85393f21f0a7835ee5e5ac2c25529ad39b18d1bbfaaa9eb61812b2c3d,0530be227f4a10c5545cce8d3db20ac5a4d76a66,REVIEW_REQUIRED,Unknown,false,REVIEW_REQUIRED,REVIEW_REQUIRED,REVIEW,OpenProj path exists but content differs; perform hunk-level comparison,
modules/microproject_ui/src/main/java/com/microproject/dialog/util/ExtDateField.java,microproject_ui,java,HEAD,07c2ea4537b5188ec7127c6fc84c7e560fb7a16d39334d2f214b07cdf3ab35be,d2fa3c20a,openproj_ui/src/com/projity/dialog/util/ExtDateField.java,33411200db2c2cb980e28bce4af129559580cd5e2fa67341d64ab013613c99bf,0530be227f4a10c5545cce8d3db20ac5a4d76a66,REVIEW_REQUIRED,Unknown,false,REVIEW_REQUIRED,REVIEW_REQUIRED,REVIEW,OpenProj path exists but content differs; perform hunk-level comparison,
modules/microproject_ui/src/main/java/com/microproject/dialog/util/FieldChangeListener.java,microproject_ui,java,HEAD,fbeea19574e73face163c151e3b1276869b4ec501134e18e380521fa37a00a0c,d2fa3c20a,openproj_ui/src/com/projity/dialog/util/FieldChangeListener.java,d8f6a56f989b366c1c5898ad3f6bc33f1ecfd59b75fd6fceaaca24e05e67fb29,0530be227f4a10c5545cce8d3db20ac5a4d76a66,REVIEW_REQUIRED,Unknown,false,REVIEW_REQUIRED,REVIEW_REQUIRED,REVIEW,OpenProj path exists but content differs; perform hunk-level comparison,
modules/microproject_ui/src/main/java/com/microproject/dialog/util/FieldComponentMap.java,microproject_ui,java,HEAD,ca3b2d89222e38876ec6d52d880138c29b65426f27593c3322c93193eb702119,d2fa3c20a,openproj_ui/src/com/projity/dialog/util/FieldComponentMap.java,ea02bf1a954f21c90049d328f7ed077d9c3c562923d37b643be70adc6ce021e5,0530be227f4a10c5545cce8d3db20ac5a4d76a66,REVIEW_REQUIRED,Unknown,false,REVIEW_REQUIRED,REVIEW_REQUIRED,REVIEW,OpenProj path exists but content differs; perform hunk-level comparison,
modules/microproject_ui/src/main/java/com/microproject/dialog/util/FieldVerifier.java,microproject_ui,java,HEAD,52b9ecf42269734efbb3f2ac99d1f6b0157018a0143110ec5aa8528480007e06,d2fa3c20a,openproj_ui/src/com/projity/dialog/util/FieldVerifier.java,f292522624646ec6362d5d78e6dc118e43a1c1207e2df9911677a76069afe284,0530be227f4a10c5545cce8d3db20ac5a4d76a66,REVIEW_REQUIRED,Unknown,false,REVIEW_REQUIRED,REVIEW_REQUIRED,REVIEW,OpenProj path exists but content differs; perform hunk-level comparison,
modules/microproject_ui/src/main/java/com/microproject/dialog/util/FixedSizeFilter.java,microproject_ui,java,HEAD,95e05f5c366c1a934cb65f2368a4fa3f8bfb4cb18f9b2e4fc5fc835aeeadda7a,d2fa3c20a,openproj_ui/src/com/projity/dialog/util/FixedSizeFilter.java,bd6466e191b8755f63cfcfbc08cfc7fe9647f514a6b9cf05b3b744a279aee6c0,0530be227f4a10c5545cce8d3db20ac5a4d76a66,REVIEW_REQUIRED,Unknown,false,REVIEW_REQUIRED,REVIEW_REQUIRED,REVIEW,OpenProj path exists but content differs; perform hunk-level comparison,
modules/microproject_ui/src/main/java/com/microproject/dialog/util/LinkLabel.java,microproject_ui,java,HEAD,5649ff73fd95cddbe4c5d2ae10d45a55a6ec76ab056091d681f4012f74718995,d2fa3c20a,openproj_ui/src/com/projity/dialog/util/LinkLabel.java,d8ab0e726a837ae867261713b3e8adef557c407a84f99aca4b752b2f9b9f7804,0530be227f4a10c5545cce8d3db20ac5a4d76a66,REVIEW_REQUIRED,Unknown,false,REVIEW_REQUIRED,REVIEW_REQUIRED,REVIEW,OpenProj path exists but content differs; perform hunk-level comparison,
modules/microproject_ui/src/main/java/com/microproject/dialog/util/LookupField.java,microproject_ui,java,HEAD,65f672b46ad45ca7ff9ca569b0822d1975d57d65f63464a5eaa3a088a786a810,d2fa3c20a,openproj_ui/src/com/projity/dialog/util/LookupField.java,2a0ee122b2d6bf5791c694313e6d741de8921af738a8c6d3b7c175ef54981eec,0530be227f4a10c5545cce8d3db20ac5a4d76a66,REVIEW_REQUIRED,Unknown,false,REVIEW_REQUIRED,REVIEW_REQUIRED,REVIEW,OpenProj path exists but content differs; perform hunk-level comparison,
modules/microproject_ui/src/main/java/com/microproject/dialog/util/ProjectLibreDateField.java,microproject_ui,java,HEAD,3c976d1f2bc002700a04c3b20dd2f1ede6aa484d06ee82131be711c3a3ce8f65,d2fa3c20a,,,0530be227f4a10c5545cce8d3db20ac5a4d76a66,REVIEW_REQUIRED,Unknown,false,REVIEW_REQUIRED,REVIEW_REQUIRED,REVIEW,no path match in OpenProj baseline; classify origin manually,
modules/microproject_ui/src/main/java/com/microproject/export/ExportFileChooser.java,microproject_ui,java,HEAD,20301d8f7fea8bb3de06481e4edb5e2f458ad6a7ef3e63c459a6481c254e083e,d2fa3c20a,,,0530be227f4a10c5545cce8d3db20ac5a4d76a66,REVIEW_REQUIRED,Unknown,false,REVIEW_REQUIRED,REVIEW_REQUIRED,REVIEW,no path match in OpenProj baseline; classify origin manually,
modules/microproject_ui/src/main/java/com/microproject/export/ExportFormat.java,microproject_ui,java,HEAD,9faf14077ff8c0737d74f465c12f3f61bcd8ac21edf4dfad76527fe9db480705,d2fa3c20a,,,0530be227f4a10c5545cce8d3db20ac5a4d76a66,REVIEW_REQUIRED,Unknown,false,REVIEW_REQUIRED,REVIEW_REQUIRED,REVIEW,no path match in OpenProj baseline; classify origin manually,
modules/microproject_ui/src/main/java/com/microproject/export/ExportJobScheduler.java,microproject_ui,java,HEAD,8a5be487d18f01918145fda966dd9dc126bf908b0259313d78faa274c12c7b8b,d2fa3c20a,,,0530be227f4a10c5545cce8d3db20ac5a4d76a66,REVIEW_REQUIRED,Unknown,false,REVIEW_REQUIRED,REVIEW_REQUIRED,REVIEW,no path match in OpenProj baseline; classify origin manually,
modules/microproject_ui/src/main/java/com/microproject/export/ExportTarget.java,microproject_ui,java,HEAD,007e2c6e28ec7ecf40232ece207fdad2a046ae126ef30530a0da09e2e4d8a8a8,d2fa3c20a,,,0530be227f4a10c5545cce8d3db20ac5a4d76a66,REVIEW_REQUIRED,Unknown,false,REVIEW_REQUIRED,REVIEW_REQUIRED,REVIEW,no path match in OpenProj baseline; classify origin manually,
modules/microproject_ui/src/main/java/com/microproject/export/ImageExport.java,microproject_ui,java,HEAD,bc2c6e8d28fe01434c32bf00ddf1a053b35360cfc096f896e6066d4ae0aa1052,d2fa3c20a,,,0530be227f4a10c5545cce8d3db20ac5a4d76a66,REVIEW_REQUIRED,Unknown,false,REVIEW_REQUIRED,REVIEW_REQUIRED,REVIEW,no path match in OpenProj baseline; classify origin manually,
modules/microproject_ui/src/main/java/com/microproject/export/PDFExport.java,microproject_ui,java,HEAD,26ba8b2b0aaefcdd2cce058a8299f5d5689c6bd6d60c6c180d3b425f483ba2b9,d2fa3c20a,,,0530be227f4a10c5545cce8d3db20ac5a4d76a66,REVIEW_REQUIRED,Unknown,false,REVIEW_REQUIRED,REVIEW_REQUIRED,REVIEW,no path match in OpenProj baseline; classify origin manually,
modules/microproject_ui/src/main/java/com/microproject/export/PageableExportJob.java,microproject_ui,java,HEAD,dbce8c8c50ce0af249a88be2abf890a7672c17b7fa8e678386074ab9ea0d08eb,d2fa3c20a,,,0530be227f4a10c5545cce8d3db20ac5a4d76a66,REVIEW_REQUIRED,Unknown,false,REVIEW_REQUIRED,REVIEW_REQUIRED,REVIEW,no path match in OpenProj baseline; classify origin manually,
modules/microproject_ui/src/main/java/com/microproject/export/PageablePdfWriter.java,microproject_ui,java,HEAD,c77f5bde682fd4769cae7f7d241e9f25b920ae3ba7de3a28d1e6b7ad4d66903a,d2fa3c20a,,,0530be227f4a10c5545cce8d3db20ac5a4d76a66,REVIEW_REQUIRED,Unknown,false,REVIEW_REQUIRED,REVIEW_REQUIRED,REVIEW,no path match in OpenProj baseline; classify origin manually,
modules/microproject_ui/src/main/java/com/microproject/export/PageablePngWriter.java,microproject_ui,java,HEAD,3f6d765ffff7060682859719599073f5d609a61b05b83ada3aa6c00815faba19,d2fa3c20a,,,0530be227f4a10c5545cce8d3db20ac5a4d76a66,REVIEW_REQUIRED,Unknown,false,REVIEW_REQUIRED,REVIEW_REQUIRED,REVIEW,no path match in OpenProj baseline; classify origin manually,
modules/microproject_ui/src/main/java/com/microproject/export/SwingExportFileChooser.java,microproject_ui,java,HEAD,4eb8d03dc7a511ab3c3f721c9619d0bae7744f0ff6edc4ed8a3a28d3847ca9f4,d2fa3c20a,,,0530be227f4a10c5545cce8d3db20ac5a4d76a66,REVIEW_REQUIRED,Unknown,false,REVIEW_REQUIRED,REVIEW_REQUIRED,REVIEW,no path match in OpenProj baseline; classify origin manually,
modules/microproject_ui/src/main/java/com/microproject/graphic/configuration/cellstyles/AssignmentCellStyle.java,microproject_ui,java,HEAD,a57737c22c382ae7daed1317c53d51fc045876ce9e8085a19317018fc2a3cdf5,d2fa3c20a,openproj_ui/src/com/projity/graphic/configuration/cellstyles/AssignmentCellStyle.java,c65ba651598ea537689d0f9d724d8e56985273dc285379a367b7fe02d80f8189,0530be227f4a10c5545cce8d3db20ac5a4d76a66,REVIEW_REQUIRED,Unknown,false,REVIEW_REQUIRED,REVIEW_REQUIRED,REVIEW,OpenProj path exists but content differs; perform hunk-level comparison,
modules/microproject_ui/src/main/java/com/microproject/graphic/configuration/cellstyles/DefaultCellStyle.java,microproject_ui,java,HEAD,475036a6e59c78267c805e0824614282f4bc121e31160bde628d1bdabdfb4929,d2fa3c20a,openproj_ui/src/com/projity/graphic/configuration/cellstyles/DefaultCellStyle.java,a8d4ce1f205134b191f753d3375fb855cd305bfa8f8c416a5f43e46b80c79b2c,0530be227f4a10c5545cce8d3db20ac5a4d76a66,REVIEW_REQUIRED,Unknown,false,REVIEW_REQUIRED,REVIEW_REQUIRED,REVIEW,OpenProj path exists but content differs; perform hunk-level comparison,
modules/microproject_ui/src/main/java/com/microproject/graphic/configuration/cellstyles/ResourceCellStyle.java,microproject_ui,java,HEAD,5ec5f9c109ec407437bca45d9edf5e0e5137ae76236014df690d0ccfbcdda118,d2fa3c20a,openproj_ui/src/com/projity/graphic/configuration/cellstyles/ResourceCellStyle.java,5c045c12c6b6acc15e6abf1481d216eaade0bf5d0284948ee013237cee4909ad,0530be227f4a10c5545cce8d3db20ac5a4d76a66,REVIEW_REQUIRED,Unknown,false,REVIEW_REQUIRED,REVIEW_REQUIRED,REVIEW,OpenProj path exists but content differs; perform hunk-level comparison,
modules/microproject_ui/src/main/java/com/microproject/help/HelpUtil.java,microproject_ui,java,HEAD,0edc6ae2d2752d881d09816d8ada1a4316f3c29ee96d4e33e9985e4ab763a989,d2fa3c20a,openproj_ui/src/com/projity/help/HelpUtil.java,77fd0c93a9e45f4d9412dc7ef71a0bcaecdd5bc00f015e533bf0008cfea16dd1,0530be227f4a10c5545cce8d3db20ac5a4d76a66,REVIEW_REQUIRED,Unknown,false,REVIEW_REQUIRED,REVIEW_REQUIRED,REVIEW,OpenProj path exists but content differs; perform hunk-level comparison,
modules/microproject_ui/src/main/java/com/microproject/main/Main.java,microproject_ui,java,HEAD,3c75117329043ca0a3463ede27fc3cecde3a9aeb8a776e6fdaf5e47f92aff6a1,d2fa3c20a,openproj_ui/src/com/projity/main/Main.java,a30868a9e9d3b014e5d5aae3c07e03d61a32b9e7b890f2e66948f1968072dcae,0530be227f4a10c5545cce8d3db20ac5a4d76a66,REVIEW_REQUIRED,Unknown,false,REVIEW_REQUIRED,REVIEW_REQUIRED,REVIEW,OpenProj path exists but content differs; perform hunk-level comparison,
modules/microproject_ui/src/main/java/com/microproject/menu/BatikActionMapAdapter.java,microproject_ui,java,HEAD,bf76818ba4e94acb038f0f3dceca790d7f6d1d2fb00ca14fd4b5ae44026a8d7f,d2fa3c20a,,,0530be227f4a10c5545cce8d3db20ac5a4d76a66,REVIEW_REQUIRED,Unknown,false,REVIEW_REQUIRED,REVIEW_REQUIRED,REVIEW,no path match in OpenProj baseline; classify origin manually,
modules/microproject_ui/src/main/java/com/microproject/menu/ExtButtonFactory.java,microproject_ui,java,HEAD,7e270c890fc0d29c25b86e570a7741fc126babb05ab2633fe29289e0f09ff36e,d2fa3c20a,openproj_ui/src/com/projity/menu/ExtButtonFactory.java,3aebbf6fb949f43a38923117cb2ab1a3e481c50db6ee7cdb624a61a09341ad3b,0530be227f4a10c5545cce8d3db20ac5a4d76a66,REVIEW_REQUIRED,Unknown,false,REVIEW_REQUIRED,REVIEW_REQUIRED,REVIEW,OpenProj path exists but content differs; perform hunk-level comparison,
modules/microproject_ui/src/main/java/com/microproject/menu/ExtMenuFactory.java,microproject_ui,java,HEAD,c13eef6f5a5a44735d7fe63fe53f62c1081f2727d0bc096d2c17a44e023ada29,d2fa3c20a,openproj_ui/src/com/projity/menu/ExtMenuFactory.java,9873ee98f2b42f619f9d21fe3ec5bb017d7a5aca6ca7f57d8cee70d9ea6036a1,0530be227f4a10c5545cce8d3db20ac5a4d76a66,REVIEW_REQUIRED,Unknown,false,REVIEW_REQUIRED,REVIEW_REQUIRED,REVIEW,OpenProj path exists but content differs; perform hunk-level comparison,
modules/microproject_ui/src/main/java/com/microproject/menu/ExtRibbonFactory.java,microproject_ui,java,HEAD,cc6b9ee840fb0586f18282fe4e3c7f7d04612ab31f387a9512a954a1f73a8fe9,d2fa3c20a,openproj_ui/src/com/projity/menu/ExtRibbonFactory.java,8c478cca8d72f3c3c20a1d7e7c639806cfbfa28534f491e0bb03eb6346bcba92,0530be227f4a10c5545cce8d3db20ac5a4d76a66,REVIEW_REQUIRED,Unknown,false,REVIEW_REQUIRED,REVIEW_REQUIRED,REVIEW,OpenProj path exists but content differs; perform hunk-level comparison,
modules/microproject_ui/src/main/java/com/microproject/menu/ExtToolBarFactory.java,microproject_ui,java,HEAD,d581ab720401151d1639143a6581f580aedbec772ef19f4516cb7375284385ea,d2fa3c20a,openproj_ui/src/com/projity/menu/ExtToolBarFactory.java,15ca027fa33950870e5e70639056a328b637001dcd7fb7186efda815735ca337,0530be227f4a10c5545cce8d3db20ac5a4d76a66,REVIEW_REQUIRED,Unknown,false,REVIEW_REQUIRED,REVIEW_REQUIRED,REVIEW,OpenProj path exists but content differs; perform hunk-level comparison,
modules/microproject_ui/src/main/java/com/microproject/menu/HyperLinkToolTip.java,microproject_ui,java,HEAD,2256c7b0b1e104585ba45f03fee17564233a50da1495c90786ec3c42dcb21217,d2fa3c20a,openproj_ui/src/com/projity/menu/HyperLinkToolTip.java,caffc2fd2b7e40dc1f239fb3f5b368927774dfd3b46b602b2619e3405535465e,0530be227f4a10c5545cce8d3db20ac5a4d76a66,REVIEW_REQUIRED,Unknown,false,REVIEW_REQUIRED,REVIEW_REQUIRED,REVIEW,OpenProj path exists but content differs; perform hunk-level comparison,
modules/microproject_ui/src/main/java/com/microproject/menu/MenuActionConstants.java,microproject_ui,java,HEAD,2dac199389abd76d3beb564c6f8e57339b4b34f6c0949f77460f1140f057200d,d2fa3c20a,openproj_ui/src/com/projity/menu/MenuActionConstants.java,f8e7b157b5d46fa74d5b27fd3936f3983ea6e2c6dd5302cb8a111e12e37dc8a1,0530be227f4a10c5545cce8d3db20ac5a4d76a66,REVIEW_REQUIRED,Unknown,false,REVIEW_REQUIRED,REVIEW_REQUIRED,REVIEW,OpenProj path exists but content differs; perform hunk-level comparison,
modules/microproject_ui/src/main/java/com/microproject/menu/MenuActionMapSupport.java,microproject_ui,java,HEAD,e4926031ecfe5d39664e910d5a1c6e3d5dabfe5e7629df068cb2a185e88d53b3,d2fa3c20a,,,0530be227f4a10c5545cce8d3db20ac5a4d76a66,REVIEW_REQUIRED,Unknown,false,REVIEW_REQUIRED,REVIEW_REQUIRED,REVIEW,no path match in OpenProj baseline; classify origin manually,
modules/microproject_ui/src/main/java/com/microproject/menu/MenuActionsMap.java,microproject_ui,java,HEAD,8650562d21947456fd428eb981e5d8d09aa5fa461c3c69bf518d435838ecf034,d2fa3c20a,openproj_ui/src/com/projity/menu/MenuActionsMap.java,5686556987c2931adc2fdae4fae2f8c68669f8afa46b696214e771a0fecf2d72,0530be227f4a10c5545cce8d3db20ac5a4d76a66,REVIEW_REQUIRED,Unknown,false,REVIEW_REQUIRED,REVIEW_REQUIRED,REVIEW,OpenProj path exists but content differs; perform hunk-level comparison,
modules/microproject_ui/src/main/java/com/microproject/menu/MenuLookupSupport.java,microproject_ui,java,HEAD,e8da8bfc2ab205ddea91035a89b93acc2175a920499e5046dda61654a47da462,d2fa3c20a,,,0530be227f4a10c5545cce8d3db20ac5a4d76a66,REVIEW_REQUIRED,Unknown,false,REVIEW_REQUIRED,REVIEW_REQUIRED,REVIEW,no path match in OpenProj baseline; classify origin manually,
modules/microproject_ui/src/main/java/com/microproject/menu/MenuManager.java,microproject_ui,java,HEAD,3c5b2bb5b33f750e15a59c95cffc99778da17956a2e03e0ece18c837ccd61e27,d2fa3c20a,openproj_ui/src/com/projity/menu/MenuManager.java,56eef953a3afe4c1451f5589e2d26daac78ceed4955faf442f714d5c9e78fb31,0530be227f4a10c5545cce8d3db20ac5a4d76a66,REVIEW_REQUIRED,Unknown,false,REVIEW_REQUIRED,REVIEW_REQUIRED,REVIEW,OpenProj path exists but content differs; perform hunk-level comparison,
modules/microproject_ui/src/main/java/com/microproject/menu/MenuRibbonCommandSource.java,microproject_ui,java,HEAD,14afed0100d19cc9834ba147766b7441be415aff784c989b926b28da5a7419df,d2fa3c20a,,,0530be227f4a10c5545cce8d3db20ac5a4d76a66,REVIEW_REQUIRED,Unknown,false,REVIEW_REQUIRED,REVIEW_REQUIRED,REVIEW,no path match in OpenProj baseline; classify origin manually,
modules/microproject_ui/src/main/java/com/microproject/menu/MenuTextKeys.java,microproject_ui,java,HEAD,03e5e9dc64037827b43806ed757253ad24c9e996602dad5f32bd72cab2c599f3,d2fa3c20a,,,0530be227f4a10c5545cce8d3db20ac5a4d76a66,REVIEW_REQUIRED,Unknown,false,REVIEW_REQUIRED,REVIEW_REQUIRED,REVIEW,no path match in OpenProj baseline; classify origin manually,
modules/microproject_ui/src/main/java/com/microproject/menu/ProjectMenuActionMap.java,microproject_ui,java,HEAD,aae5f227be3bc4c946aea7184e39d3a84a7faf68b1872523a04e867a752b7441,d2fa3c20a,,,0530be227f4a10c5545cce8d3db20ac5a4d76a66,REVIEW_REQUIRED,Unknown,false,REVIEW_REQUIRED,REVIEW_REQUIRED,REVIEW,no path match in OpenProj baseline; classify origin manually,
modules/microproject_ui/src/main/java/com/microproject/menu/resource/ActionMap.java,microproject_ui,java,HEAD,32df5fe17ae8a5b2de4dba24d2ccb5cab3668070f523828e44b63b8037570bcb,d2fa3c20a,,,0530be227f4a10c5545cce8d3db20ac5a4d76a66,REVIEW_REQUIRED,ThirdParty:Apache,false,REVIEW_REQUIRED,REVIEW_REQUIRED,KEEP_THIRD_PARTY,third-party notice detected; verify upstream license,
modules/microproject_ui/src/main/java/com/microproject/menu/resource/ButtonFactory.java,microproject_ui,java,HEAD,6e212f4b7d06e9be6a93443a7cb6014b9982703abd19ac440f66ee866ea0e743,d2fa3c20a,,,0530be227f4a10c5545cce8d3db20ac5a4d76a66,REVIEW_REQUIRED,ThirdParty:Apache,false,REVIEW_REQUIRED,REVIEW_REQUIRED,KEEP_THIRD_PARTY,third-party notice detected; verify upstream license,
modules/microproject_ui/src/main/java/com/microproject/menu/resource/JComponentModifier.java,microproject_ui,java,HEAD,944c0aaf3dadc38b906aa7770a3f69c8316ae4288d2edd30cfcaa824fed39b8a,d2fa3c20a,,,0530be227f4a10c5545cce8d3db20ac5a4d76a66,REVIEW_REQUIRED,ThirdParty:Apache,false,REVIEW_REQUIRED,REVIEW_REQUIRED,KEEP_THIRD_PARTY,third-party notice detected; verify upstream license,
modules/microproject_ui/src/main/java/com/microproject/menu/resource/JToolbarButton.java,microproject_ui,java,HEAD,a8de5c7c2a1973df7e0d9457f849e0f2cbe6528d2c45dd676936b92ed5416c97,d2fa3c20a,,,0530be227f4a10c5545cce8d3db20ac5a4d76a66,REVIEW_REQUIRED,ThirdParty:Apache,false,REVIEW_REQUIRED,REVIEW_REQUIRED,KEEP_THIRD_PARTY,third-party notice detected; verify upstream license,
modules/microproject_ui/src/main/java/com/microproject/menu/resource/JToolbarSeparator.java,microproject_ui,java,HEAD,964fab257e92b031ecbedbe34fd4ea275fb617b5260bf306cf00f3d3364aa9eb,d2fa3c20a,,,0530be227f4a10c5545cce8d3db20ac5a4d76a66,REVIEW_REQUIRED,ThirdParty:Apache,false,REVIEW_REQUIRED,REVIEW_REQUIRED,KEEP_THIRD_PARTY,third-party notice detected; verify upstream license,
modules/microproject_ui/src/main/java/com/microproject/menu/resource/MenuFactory.java,microproject_ui,java,HEAD,e1c8950f92563db86412a5f11b0ef7d41e5e7efe55cfcc3a96e90eae0f867cac,d2fa3c20a,,,0530be227f4a10c5545cce8d3db20ac5a4d76a66,REVIEW_REQUIRED,ThirdParty:Apache,false,REVIEW_REQUIRED,REVIEW_REQUIRED,KEEP_THIRD_PARTY,third-party notice detected; verify upstream license,
modules/microproject_ui/src/main/java/com/microproject/menu/resource/MissingListenerException.java,microproject_ui,java,HEAD,f41b4ca4a3d0cb2a6aa1c4260e9775b23990da0d1a3e842f07317f93d38fcb31,d2fa3c20a,,,0530be227f4a10c5545cce8d3db20ac5a4d76a66,REVIEW_REQUIRED,ThirdParty:Apache,false,REVIEW_REQUIRED,REVIEW_REQUIRED,KEEP_THIRD_PARTY,third-party notice detected; verify upstream license,
modules/microproject_ui/src/main/java/com/microproject/menu/resource/ResourceFormatException.java,microproject_ui,java,HEAD,9b0f5cdc400ef447fe80e499d8aedb20bf2da4728369a417c22ddbaad9179d0d,d2fa3c20a,,,0530be227f4a10c5545cce8d3db20ac5a4d76a66,REVIEW_REQUIRED,ThirdParty:Apache,false,REVIEW_REQUIRED,REVIEW_REQUIRED,KEEP_THIRD_PARTY,third-party notice detected; verify upstream license,
modules/microproject_ui/src/main/java/com/microproject/menu/resource/ResourceManager.java,microproject_ui,java,HEAD,193f882a69c4a63d20b78b731eb49fce0d745444877c1752cbe76ed571b56c8f,d2fa3c20a,,,0530be227f4a10c5545cce8d3db20ac5a4d76a66,REVIEW_REQUIRED,ThirdParty:Apache,false,REVIEW_REQUIRED,REVIEW_REQUIRED,KEEP_THIRD_PARTY,third-party notice detected; verify upstream license,
modules/microproject_ui/src/main/java/com/microproject/menu/resource/RibbonFactory.java,microproject_ui,java,HEAD,377994de07d622573ff492b1511ec14ba8c2d39951909c5744341d7607a3837e,d2fa3c20a,,,0530be227f4a10c5545cce8d3db20ac5a4d76a66,REVIEW_REQUIRED,ThirdParty:Apache,false,REVIEW_REQUIRED,REVIEW_REQUIRED,KEEP_THIRD_PARTY,third-party notice detected; verify upstream license,
modules/microproject_ui/src/main/java/com/microproject/menu/resource/ToolBarFactory.java,microproject_ui,java,HEAD,97f5bbfc7af799c70e32664fcb47b2c9b252d4752a00b20740bc2f907dc82b74,d2fa3c20a,,,0530be227f4a10c5545cce8d3db20ac5a4d76a66,REVIEW_REQUIRED,ThirdParty:Apache,false,REVIEW_REQUIRED,REVIEW_REQUIRED,KEEP_THIRD_PARTY,third-party notice detected; verify upstream license,
modules/microproject_ui/src/main/java/com/microproject/offline_graphics/GanttSVGRenderer.java,microproject_ui,java,HEAD,e9639e5cb74de7e73b643bad16135c5ccee618c0480b17a26c5b43c0322bcbc3,d2fa3c20a,openproj_ui/src/com/projity/offline_graphics/GanttSVGRenderer.java,a60d18b6aae0bfa16ae482698377ef314c01f83bf693042782bfdec0ebb69915,0530be227f4a10c5545cce8d3db20ac5a4d76a66,REVIEW_REQUIRED,Unknown,false,REVIEW_REQUIRED,REVIEW_REQUIRED,REVIEW,OpenProj path exists but content differs; perform hunk-level comparison,
modules/microproject_ui/src/main/java/com/microproject/offline_graphics/NetworkSVGRenderer.java,microproject_ui,java,HEAD,8a7694524f418adfc555689ef79a32515266565c5d04e10ab3d12c81e82f8c0b,d2fa3c20a,openproj_ui/src/com/projity/offline_graphics/NetworkSVGRenderer.java,4961eb6224880f4e6e9d388c0c916ed30017c0937cf2d89dea365b889a59b40b,0530be227f4a10c5545cce8d3db20ac5a4d76a66,REVIEW_REQUIRED,Unknown,false,REVIEW_REQUIRED,REVIEW_REQUIRED,REVIEW,OpenProj path exists but content differs; perform hunk-level comparison,
modules/microproject_ui/src/main/java/com/microproject/offline_graphics/SVGRenderer.java,microproject_ui,java,HEAD,1331f5d2ce8c8a55817463846b4fa7b0e8326525d966a119dfb6dbddfacd9ecd,d2fa3c20a,openproj_ui/src/com/projity/offline_graphics/SVGRenderer.java,0a9e288ce96ba39075f1870911069921d72f99eb23d217f7a919a15f7252447c,0530be227f4a10c5545cce8d3db20ac5a4d76a66,REVIEW_REQUIRED,Unknown,true,REVIEW_REQUIRED,REVIEW_REQUIRED,KEEP_OPENPROJ,normalized content matches OpenProj baseline,
modules/microproject_ui/src/main/java/com/microproject/offline_graphics/UILister.java,microproject_ui,java,HEAD,df4dd20cb8c9d41a6e672e6c721f2af1536289d7e997f3219acc5a39e29c46d3,d2fa3c20a,openproj_ui/src/com/projity/offline_graphics/UILister.java,617abf16a4672044d31709e4bba6cd4b44bf8bf5d3fcf24af3dbd3edea782da7,0530be227f4a10c5545cce8d3db20ac5a4d76a66,REVIEW_REQUIRED,Unknown,false,REVIEW_REQUIRED,REVIEW_REQUIRED,REVIEW,OpenProj path exists but content differs; perform hunk-level comparison,
modules/microproject_ui/src/main/java/com/microproject/pm/graphic/ChangeAwareComponent.java,microproject_ui,java,HEAD,871a2aa5ea72c1ecd217b82a3404281491103277863dc08701a69d6e5c80522c,d2fa3c20a,openproj_ui/src/com/projity/pm/graphic/ChangeAwareComponent.java,029cbdd1f5ef3e915d02df55a35e62b44c7da3b00527f40e223aa4d8369a38b1,0530be227f4a10c5545cce8d3db20ac5a4d76a66,REVIEW_REQUIRED,Unknown,false,REVIEW_REQUIRED,REVIEW_REQUIRED,REVIEW,OpenProj path exists but content differs; perform hunk-level comparison,
modules/microproject_ui/src/main/java/com/microproject/pm/graphic/ChangeAwareTextField.java,microproject_ui,java,HEAD,60f9d185877ce9f673dc94193e966ae65f2cb53f84409ab94b810debd6a73ee1,d2fa3c20a,openproj_ui/src/com/projity/pm/graphic/ChangeAwareTextField.java,88ddd5284f2333e54c4175fe3f197df86090d2eaf7f166a410c92d2d2e7e1e6a,0530be227f4a10c5545cce8d3db20ac5a4d76a66,REVIEW_REQUIRED,Unknown,false,REVIEW_REQUIRED,REVIEW_REQUIRED,REVIEW,OpenProj path exists but content differs; perform hunk-level comparison,
modules/microproject_ui/src/main/java/com/microproject/pm/graphic/IconManager.java,microproject_ui,java,HEAD,cf92d24361b5ea6f567660826b7c224cd72433a57a614cd358d5d912b7668015,d2fa3c20a,openproj_ui/src/com/projity/pm/graphic/IconManager.java,89d98e34e9c39d57b40eeda8c445e39881d432004db875cc528587f3781e6008,0530be227f4a10c5545cce8d3db20ac5a4d76a66,REVIEW_REQUIRED,Unknown,false,REVIEW_REQUIRED,REVIEW_REQUIRED,REVIEW,OpenProj path exists but content differs; perform hunk-level comparison,
modules/microproject_ui/src/main/java/com/microproject/pm/graphic/Renderer.java,microproject_ui,java,HEAD,cd8539cb13df9be829a9795a94bb2e26ee5f046973624facf2a09f659305abbe,d2fa3c20a,openproj_ui/src/com/projity/pm/graphic/Renderer.java,5c98d90a43944a6b2101ed885adab4eb602a1caba723f2d52798c216eca0f331,0530be227f4a10c5545cce8d3db20ac5a4d76a66,REVIEW_REQUIRED,Unknown,true,REVIEW_REQUIRED,REVIEW_REQUIRED,KEEP_OPENPROJ,normalized content matches OpenProj baseline,
modules/microproject_ui/src/main/java/com/microproject/pm/graphic/TabbedNavigation.java,microproject_ui,java,HEAD,82298ec46f4d3a5039d09f426dccb68f468f5d4ad8c5f30c84fa126aa35de124,d2fa3c20a,openproj_ui/src/com/projity/pm/graphic/TabbedNavigation.java,835b7dcf34b82e3aae6988127e7f45f4a6aba3866a53370ca2b6b5b81697ef14,0530be227f4a10c5545cce8d3db20ac5a4d76a66,REVIEW_REQUIRED,Unknown,false,REVIEW_REQUIRED,REVIEW_REQUIRED,REVIEW,OpenProj path exists but content differs; perform hunk-level comparison,
modules/microproject_ui/src/main/java/com/microproject/pm/graphic/TaskFontStyle.java,microproject_ui,java,HEAD,ca554549616fba2025011fe43a3fb6c0b4e3adeb7f06dcb791a9df95c2ce7f24,d2fa3c20a,,,0530be227f4a10c5545cce8d3db20ac5a4d76a66,REVIEW_REQUIRED,Unknown,false,REVIEW_REQUIRED,REVIEW_REQUIRED,REVIEW,no path match in OpenProj baseline; classify origin manually,
modules/microproject_ui/src/main/java/com/microproject/pm/graphic/chart/AxisPanel.java,microproject_ui,java,HEAD,a9d87d42aac098451a44ffb8e9b85e299481d0a99172067494eed61539dd9beb,d2fa3c20a,openproj_ui/src/com/projity/pm/graphic/chart/AxisPanel.java,b9823ef96c78b9c73c534c93c11a28345772248c873046e905ba1816df82307c,0530be227f4a10c5545cce8d3db20ac5a4d76a66,REVIEW_REQUIRED,Unknown,false,REVIEW_REQUIRED,REVIEW_REQUIRED,REVIEW,OpenProj path exists but content differs; perform hunk-level comparison,
modules/microproject_ui/src/main/java/com/microproject/pm/graphic/chart/ChartCorner.java,microproject_ui,java,HEAD,32133eff40327e3af4b4494640348d1987008bfc0b0c3dfd4df418e1daa54a61,d2fa3c20a,openproj_ui/src/com/projity/pm/graphic/chart/ChartCorner.java,f5773db6a09c83472458515923f4ad679ed422317061981c5ce3a546a8e4bb78,0530be227f4a10c5545cce8d3db20ac5a4d76a66,REVIEW_REQUIRED,Unknown,false,REVIEW_REQUIRED,REVIEW_REQUIRED,REVIEW,OpenProj path exists but content differs; perform hunk-level comparison,
modules/microproject_ui/src/main/java/com/microproject/pm/graphic/chart/ChartHelper.java,microproject_ui,java,HEAD,f1a4e9eddeaf0b0e049849915c4d91c6e50ce192a08381bcee5e71642b4cd73b,d2fa3c20a,openproj_ui/src/com/projity/pm/graphic/chart/ChartHelper.java,420b7ad957670ae22e94af0e861716ed60774d33fca69883e0837985311e0997,0530be227f4a10c5545cce8d3db20ac5a4d76a66,REVIEW_REQUIRED,Unknown,false,REVIEW_REQUIRED,REVIEW_REQUIRED,REVIEW,OpenProj path exists but content differs; perform hunk-level comparison,
modules/microproject_ui/src/main/java/com/microproject/pm/graphic/chart/ChartInfo.java,microproject_ui,java,HEAD,fc2be32cc1c074d2639f008ea96e173b54dca0da916512377a4ff0d39192270d,d2fa3c20a,openproj_ui/src/com/projity/pm/graphic/chart/ChartInfo.java,908a9609a6a09d6b5f48fba75dec5449212c4a04f5b5637764917fa8d6186b55,0530be227f4a10c5545cce8d3db20ac5a4d76a66,REVIEW_REQUIRED,Unknown,false,REVIEW_REQUIRED,REVIEW_REQUIRED,REVIEW,OpenProj path exists but content differs; perform hunk-level comparison,
modules/microproject_ui/src/main/java/com/microproject/pm/graphic/chart/ChartLegend.java,microproject_ui,java,HEAD,c0598dbe0c9bc40df50c61420adf3adf1a776ce4c4fa02582564df0b35d14b19,d2fa3c20a,openproj_ui/src/com/projity/pm/graphic/chart/ChartLegend.java,641779afef0fe46be5cc0937543bced6decff8918d9cd6ba34ea5fef0ca75805,0530be227f4a10c5545cce8d3db20ac5a4d76a66,REVIEW_REQUIRED,Unknown,false,REVIEW_REQUIRED,REVIEW_REQUIRED,REVIEW,OpenProj path exists but content differs; perform hunk-level comparison,
modules/microproject_ui/src/main/java/com/microproject/pm/graphic/chart/ChartMode.java,microproject_ui,java,HEAD,10e26919cd4857be51acb861ccc6e1274536698fdd1447e25a944d5b6837b691,d2fa3c20a,,,0530be227f4a10c5545cce8d3db20ac5a4d76a66,REVIEW_REQUIRED,Unknown,false,REVIEW_REQUIRED,REVIEW_REQUIRED,REVIEW,no path match in OpenProj baseline; classify origin manually,
modules/microproject_ui/src/main/java/com/microproject/pm/graphic/chart/ChartModel.java,microproject_ui,java,HEAD,5b5a1c8a43c95a6f99127c99dc3331b042cf74da3b8ebad6a0eda8216a093707,d2fa3c20a,openproj_ui/src/com/projity/pm/graphic/chart/ChartModel.java,18677980b802249841180e3b2ce400e7aff2b2206379f5c24dc75af098ff3ada,0530be227f4a10c5545cce8d3db20ac5a4d76a66,REVIEW_REQUIRED,Unknown,false,REVIEW_REQUIRED,REVIEW_REQUIRED,REVIEW,OpenProj path exists but content differs; perform hunk-level comparison,
modules/microproject_ui/src/main/java/com/microproject/pm/graphic/chart/TimeChartPanel.java,microproject_ui,java,HEAD,7f4a859d1047c23c9d3a72b57251794e5a51b0f2af7f7ada6fc8009ce50419b9,d2fa3c20a,openproj_ui/src/com/projity/pm/graphic/chart/TimeChartPanel.java,5d09e8379f3d059675985ebe62b23c72ed4fd9ae5f0808935dce95f8b6c2588b,0530be227f4a10c5545cce8d3db20ac5a4d76a66,REVIEW_REQUIRED,Unknown,false,REVIEW_REQUIRED,REVIEW_REQUIRED,REVIEW,OpenProj path exists but content differs; perform hunk-level comparison,
modules/microproject_ui/src/main/java/com/microproject/pm/graphic/collaboration/CollaborationHelper.java,microproject_ui,java,HEAD,139d7855c52fcd41a65af9cfac3d80b3a3862e4b10cc9a360c39cd9565c04c51,d2fa3c20a,,,0530be227f4a10c5545cce8d3db20ac5a4d76a66,REVIEW_REQUIRED,Unknown,false,REVIEW_REQUIRED,REVIEW_REQUIRED,REVIEW,no path match in OpenProj baseline; classify origin manually,
modules/microproject_ui/src/main/java/com/microproject/pm/graphic/event/GraphicEvent.java,microproject_ui,java,HEAD,92bfb1cf3f11057e24b9e9f38a29dcdb2df1531a1e6093acd22a02c01842797d,d2fa3c20a,,,0530be227f4a10c5545cce8d3db20ac5a4d76a66,REVIEW_REQUIRED,Unknown,false,REVIEW_REQUIRED,REVIEW_REQUIRED,REVIEW,no path match in OpenProj baseline; classify origin manually,
modules/microproject_ui/src/main/java/com/microproject/pm/graphic/frames/ApplicationStartupFactory.java,microproject_ui,java,HEAD,48e20189b24010c6b46468eb0bdeb7888c3e75350ff5e449604b4e7763158aba,d2fa3c20a,openproj_ui/src/com/projity/pm/graphic/frames/ApplicationStartupFactory.java,ad62483542b8ab888e6100a3a0f67f4bf9dd4a837b72748a84e6d8a02286efe8,0530be227f4a10c5545cce8d3db20ac5a4d76a66,REVIEW_REQUIRED,Unknown,false,REVIEW_REQUIRED,REVIEW_REQUIRED,REVIEW,OpenProj path exists but content differs; perform hunk-level comparison,
modules/microproject_ui/src/main/java/com/microproject/pm/graphic/frames/AutoRecoveryManager.java,microproject_ui,java,HEAD,94cc950ccd56d821f0e41d07e3da4a3ed095e3f7eef8122e8f70019cc540dba0,d2fa3c20a,,,0530be227f4a10c5545cce8d3db20ac5a4d76a66,REVIEW_REQUIRED,Unknown,false,REVIEW_REQUIRED,REVIEW_REQUIRED,REVIEW,no path match in OpenProj baseline; classify origin manually,
modules/microproject_ui/src/main/java/com/microproject/pm/graphic/frames/DocumentFrame.java,microproject_ui,java,HEAD,1f69281afc7b71f92840bba5393c0ba8ed269074bcdf71dc6416bb9df6efb691,d2fa3c20a,openproj_ui/src/com/projity/pm/graphic/frames/DocumentFrame.java,5dbe2de8d0dbf385d2446f5875e6545b7c53ab3cbb1ddd3c9eeb172b8bb875dd,0530be227f4a10c5545cce8d3db20ac5a4d76a66,REVIEW_REQUIRED,ThirdParty:JasperReports,false,REVIEW_REQUIRED,REVIEW_REQUIRED,KEEP_THIRD_PARTY,third-party notice detected; verify upstream license,
modules/microproject_ui/src/main/java/com/microproject/pm/graphic/frames/DocumentGeneration.java,microproject_ui,java,HEAD,fa26e7b71f5c96e6c16d4826068a7ae53494e78a79b3b8c4d4b7909c642b0257,d2fa3c20a,,,0530be227f4a10c5545cce8d3db20ac5a4d76a66,REVIEW_REQUIRED,Unknown,false,REVIEW_REQUIRED,REVIEW_REQUIRED,REVIEW,no path match in OpenProj baseline; classify origin manually,
modules/microproject_ui/src/main/java/com/microproject/pm/graphic/frames/DocumentSelectedEvent.java,microproject_ui,java,HEAD,04db95813a2d05ca4c5fcf477ff4f03a4ec7427723e54c38e6446792b121f521,d2fa3c20a,openproj_ui/src/com/projity/pm/graphic/frames/DocumentSelectedEvent.java,8481acf41f0f2708fdd58928f2c64a0a5b4155d92ba161b4a0985a27b04f8fca,0530be227f4a10c5545cce8d3db20ac5a4d76a66,REVIEW_REQUIRED,Unknown,true,REVIEW_REQUIRED,REVIEW_REQUIRED,KEEP_OPENPROJ,normalized content matches OpenProj baseline,
modules/microproject_ui/src/main/java/com/microproject/pm/graphic/frames/DocumentStatusBar.java,microproject_ui,java,HEAD,43fc8e069b2742ef5e3f0cebd09ab95d02edd7fdbd8c452c8acc3af1d8377645,d2fa3c20a,,,0530be227f4a10c5545cce8d3db20ac5a4d76a66,REVIEW_REQUIRED,Unknown,false,REVIEW_REQUIRED,REVIEW_REQUIRED,REVIEW,no path match in OpenProj baseline; classify origin manually,
modules/microproject_ui/src/main/java/com/microproject/pm/graphic/frames/EditCommandPipeline.java,microproject_ui,java,HEAD,5ccf1487f7e3e02c26bd8bf6cd904a1e729790f2df3154a704ed2c1cd5339777,d2fa3c20a,,,0530be227f4a10c5545cce8d3db20ac5a4d76a66,REVIEW_REQUIRED,Unknown,false,REVIEW_REQUIRED,REVIEW_REQUIRED,REVIEW,no path match in OpenProj baseline; classify origin manually,
modules/microproject_ui/src/main/java/com/microproject/pm/graphic/frames/GraphicManager.java,microproject_ui,java,HEAD,611fc07f5674198550c1438a17b1bd3cd7c028b9c35d88d909ec0d11b43caeec,d2fa3c20a,openproj_ui/src/com/projity/pm/graphic/frames/GraphicManager.java,3a281d7306d580d23a6ff09a66678cf45949271839c3caa5d1caaa61f430714d,0530be227f4a10c5545cce8d3db20ac5a4d76a66,REVIEW_REQUIRED,Unknown,false,REVIEW_REQUIRED,REVIEW_REQUIRED,REVIEW,OpenProj path exists but content differs; perform hunk-level comparison,
modules/microproject_ui/src/main/java/com/microproject/pm/graphic/frames/MainFrame.java,microproject_ui,java,HEAD,d3d7c346f78a03743647e16e10376940ca0ab79373d6886d84bb62b9890b6085,d2fa3c20a,openproj_ui/src/com/projity/pm/graphic/frames/MainFrame.java,95096b41edb3b6d5d9255063dfe92404eed75fdbe5acae0b192c473bf72975c9,0530be227f4a10c5545cce8d3db20ac5a4d76a66,REVIEW_REQUIRED,Unknown,false,REVIEW_REQUIRED,REVIEW_REQUIRED,REVIEW,OpenProj path exists but content differs; perform hunk-level comparison,
modules/microproject_ui/src/main/java/com/microproject/pm/graphic/frames/MainFrameFactory.java,microproject_ui,java,HEAD,125ab56432e3070fa8b84c7c5c767b33ffc5aabc492ce2b24c958eb3892ce070,d2fa3c20a,openproj_ui/src/com/projity/pm/graphic/frames/MainFrameFactory.java,85145e8585da4ff3ee107bbcb418d6f790fc61c0718eaa2e19addd660fca0fd3,0530be227f4a10c5545cce8d3db20ac5a4d76a66,REVIEW_REQUIRED,Unknown,true,REVIEW_REQUIRED,REVIEW_REQUIRED,KEEP_OPENPROJ,normalized content matches OpenProj baseline,
modules/microproject_ui/src/main/java/com/microproject/pm/graphic/frames/MainRibbonFrame.java,microproject_ui,java,HEAD,b6044644c0b687b2402c68aae7fed7c378890bd6d10ead14113d3947300c66c7,d2fa3c20a,openproj_ui/src/com/projity/pm/graphic/frames/MainRibbonFrame.java,1987abbcceb4b542031b81c49d949a17c2d645e38bdbb80c871863a0175f18c0,0530be227f4a10c5545cce8d3db20ac5a4d76a66,REVIEW_REQUIRED,Unknown,false,REVIEW_REQUIRED,REVIEW_REQUIRED,REVIEW,OpenProj path exists but content differs; perform hunk-level comparison,
modules/microproject_ui/src/main/java/com/microproject/pm/graphic/frames/ProjectFileDropTransferHandler.java,microproject_ui,java,HEAD,d1091f6e5e7b391e155ce3450fcbe1def67b92ab4005d29a1031bf0ad80b60df,d2fa3c20a,,,0530be227f4a10c5545cce8d3db20ac5a4d76a66,REVIEW_REQUIRED,Unknown,false,REVIEW_REQUIRED,REVIEW_REQUIRED,REVIEW,no path match in OpenProj baseline; classify origin manually,
modules/microproject_ui/src/main/java/com/microproject/pm/graphic/frames/RecurringTaskCoordinator.java,microproject_ui,java,HEAD,b9373cb2416fd9d51c711fc95a818723cc7ca6b0d6f930ad1e441be187d33604,d2fa3c20a,,,0530be227f4a10c5545cce8d3db20ac5a4d76a66,REVIEW_REQUIRED,Unknown,false,REVIEW_REQUIRED,REVIEW_REQUIRED,REVIEW,no path match in OpenProj baseline; classify origin manually,
modules/microproject_ui/src/main/java/com/microproject/pm/graphic/frames/RecurringTaskInsertionService.java,microproject_ui,java,HEAD,9db353f14b53ff6033c0f61c887e82fabc28a5ffebb53439672a3a246d497d3a,d2fa3c20a,,,0530be227f4a10c5545cce8d3db20ac5a4d76a66,REVIEW_REQUIRED,Unknown,false,REVIEW_REQUIRED,REVIEW_REQUIRED,REVIEW,no path match in OpenProj baseline; classify origin manually,
modules/microproject_ui/src/main/java/com/microproject/pm/graphic/frames/StartupFactory.java,microproject_ui,java,HEAD,e35bb3e6f10215b330b95ce872eddb63635c735a8135a8bcc1ba755abb1b3072,d2fa3c20a,openproj_ui/src/com/projity/pm/graphic/frames/StartupFactory.java,c1faee4a321a59502c84144b27707183a7f1aca9fdcf2d27d0f347fd8ae283fa,0530be227f4a10c5545cce8d3db20ac5a4d76a66,REVIEW_REQUIRED,Unknown,false,REVIEW_REQUIRED,REVIEW_REQUIRED,REVIEW,OpenProj path exists but content differs; perform hunk-level comparison,
modules/microproject_ui/src/main/java/com/microproject/pm/graphic/frames/TaskVisibilitySelectionResolver.java,microproject_ui,java,HEAD,2fcda2465db10deba8548eb1e4d54ec45f1782f9d8b947d1ad04200289bcd6a7,d2fa3c20a,,,0530be227f4a10c5545cce8d3db20ac5a4d76a66,REVIEW_REQUIRED,Unknown,false,REVIEW_REQUIRED,REVIEW_REQUIRED,REVIEW,no path match in OpenProj baseline; classify origin manually,
modules/microproject_ui/src/main/java/com/microproject/pm/graphic/frames/TaskVisibilityService.java,microproject_ui,java,HEAD,0bd80de378de967a06509070dabced6e81162cca2c82d5e2449b0a022de82049,d2fa3c20a,,,0530be227f4a10c5545cce8d3db20ac5a4d76a66,REVIEW_REQUIRED,Unknown,false,REVIEW_REQUIRED,REVIEW_REQUIRED,REVIEW,no path match in OpenProj baseline; classify origin manually,
modules/microproject_ui/src/main/java/com/microproject/pm/graphic/frames/workspace/DefaultFrameManager.java,microproject_ui,java,HEAD,4e6d295d738e50a803c62f4e87abfec0b566b28e0a6cddeeaad739603a6f89b0,d2fa3c20a,openproj_ui/src/com/projity/pm/graphic/frames/workspace/DefaultFrameManager.java,766b86f00f87335dce1f249898bea15ba1f2a7ca5c3e348eb5d02a07b6c20e63,0530be227f4a10c5545cce8d3db20ac5a4d76a66,REVIEW_REQUIRED,Unknown,false,REVIEW_REQUIRED,REVIEW_REQUIRED,REVIEW,OpenProj path exists but content differs; perform hunk-level comparison,
modules/microproject_ui/src/main/java/com/microproject/pm/graphic/frames/workspace/FrameHolder.java,microproject_ui,java,HEAD,b8a5aac0450902f409bd79fa9e3d0edcb93eabeaad2d67722ac67c5826107088,d2fa3c20a,openproj_ui/src/com/projity/pm/graphic/frames/workspace/FrameHolder.java,589d6cd7ac05777e9550e2a7665ac9e83b1f83293a8634ad92f64185afc9e5a0,0530be227f4a10c5545cce8d3db20ac5a4d76a66,REVIEW_REQUIRED,Unknown,true,REVIEW_REQUIRED,REVIEW_REQUIRED,KEEP_OPENPROJ,normalized content matches OpenProj baseline,
modules/microproject_ui/src/main/java/com/microproject/pm/graphic/frames/workspace/FrameManager.java,microproject_ui,java,HEAD,59a4f5db82de9d77409acb031987cbe9089bc3ecba5d7918f20fb809ef78c98f,d2fa3c20a,openproj_ui/src/com/projity/pm/graphic/frames/workspace/FrameManager.java,86e18a0294b45aa8c166797899628e465e96640f9dbe76c8c47b8a5c168fb2ab,0530be227f4a10c5545cce8d3db20ac5a4d76a66,REVIEW_REQUIRED,Unknown,false,REVIEW_REQUIRED,REVIEW_REQUIRED,REVIEW,OpenProj path exists but content differs; perform hunk-level comparison,
modules/microproject_ui/src/main/java/com/microproject/pm/graphic/frames/workspace/NamedFrame.java,microproject_ui,java,HEAD,0ef27728a091c1a5d54c146dfeedf2f332b0c0198c3d4242bdfd3ac89534caa6,d2fa3c20a,openproj_ui/src/com/projity/pm/graphic/frames/workspace/NamedFrame.java,f85c4bfb5ec77b2b4777530c11d673c6a31725eda198200470ba3b3fb3b828e8,0530be227f4a10c5545cce8d3db20ac5a4d76a66,REVIEW_REQUIRED,Unknown,false,REVIEW_REQUIRED,REVIEW_REQUIRED,REVIEW,OpenProj path exists but content differs; perform hunk-level comparison,
modules/microproject_ui/src/main/java/com/microproject/pm/graphic/frames/workspace/NamedFrameEvent.java,microproject_ui,java,HEAD,5198b609b3d494ce797da448476fe8a7be2525843ffb819d2432d6e01201e5f7,d2fa3c20a,openproj_ui/src/com/projity/pm/graphic/frames/workspace/NamedFrameEvent.java,371c2dded646513959f783d91945bd792d35c86e25756b6e399d69cc78255eab,0530be227f4a10c5545cce8d3db20ac5a4d76a66,REVIEW_REQUIRED,Unknown,true,REVIEW_REQUIRED,REVIEW_REQUIRED,KEEP_OPENPROJ,normalized content matches OpenProj baseline,
modules/microproject_ui/src/main/java/com/microproject/pm/graphic/frames/workspace/NamedFrameListener.java,microproject_ui,java,HEAD,16cfe14a889764b9455a7e48076c490f9eb55d24afbfbfbf03896063bea17c1a,d2fa3c20a,openproj_ui/src/com/projity/pm/graphic/frames/workspace/NamedFrameListener.java,ee869eafaacadc36f6cb5ade0e362b3966a1a8d997ccb611aafdd4526feef018,0530be227f4a10c5545cce8d3db20ac5a4d76a66,REVIEW_REQUIRED,Unknown,true,REVIEW_REQUIRED,REVIEW_REQUIRED,KEEP_OPENPROJ,normalized content matches OpenProj baseline,
modules/microproject_ui/src/main/java/com/microproject/pm/graphic/frames/workspace/Workspace.java,microproject_ui,java,HEAD,8ae09c30bf1cf5c4ecfb638767fe8802ab685d0eb057442e3028c994632acd1d,d2fa3c20a,openproj_ui/src/com/projity/pm/graphic/frames/workspace/Workspace.java,b128707f7750c0f83de2d95a37e372152ebcf710205a1847f183e60d478fe9fa,0530be227f4a10c5545cce8d3db20ac5a4d76a66,REVIEW_REQUIRED,Unknown,true,REVIEW_REQUIRED,REVIEW_REQUIRED,KEEP_OPENPROJ,normalized content matches OpenProj baseline,
modules/microproject_ui/src/main/java/com/microproject/pm/graphic/gantt/BarColorEditorPanel.java,microproject_ui,java,HEAD,6b93f43446f028bad474827e26889bb3323472f3fbf128b0005eaae5f67b2485,d2fa3c20a,,,0530be227f4a10c5545cce8d3db20ac5a4d76a66,REVIEW_REQUIRED,Unknown,false,REVIEW_REQUIRED,REVIEW_REQUIRED,REVIEW,no path match in OpenProj baseline; classify origin manually,
modules/microproject_ui/src/main/java/com/microproject/pm/graphic/gantt/BarColorField.java,microproject_ui,java,HEAD,4cd3d157a106d4ba4bcefbecc24974fbd8e31d8c20b89666544996448b6ddb43,d2fa3c20a,,,0530be227f4a10c5545cce8d3db20ac5a4d76a66,REVIEW_REQUIRED,Unknown,false,REVIEW_REQUIRED,REVIEW_REQUIRED,REVIEW,no path match in OpenProj baseline; classify origin manually,
modules/microproject_ui/src/main/java/com/microproject/pm/graphic/gantt/CriticalChainDisplayState.java,microproject_ui,java,HEAD,bd567347f252632f157d246846fad78d00fabfea518176bd80e7b1d41ede83a9,d2fa3c20a,,,0530be227f4a10c5545cce8d3db20ac5a4d76a66,REVIEW_REQUIRED,Unknown,false,REVIEW_REQUIRED,REVIEW_REQUIRED,REVIEW,no path match in OpenProj baseline; classify origin manually,
modules/microproject_ui/src/main/java/com/microproject/pm/graphic/gantt/Gantt.java,microproject_ui,java,HEAD,7f8bab3d98dbe1766069ff7ea11e85e2b9d97a99661300bb3ef4763129750b16,d2fa3c20a,openproj_ui/src/com/projity/pm/graphic/gantt/Gantt.java,0adbd4b44e117f97335cd17b3e8bbefaa0edb953a7518b9072d81d92c71f9cf9,0530be227f4a10c5545cce8d3db20ac5a4d76a66,REVIEW_REQUIRED,Unknown,false,REVIEW_REQUIRED,REVIEW_REQUIRED,REVIEW,OpenProj path exists but content differs; perform hunk-level comparison,
modules/microproject_ui/src/main/java/com/microproject/pm/graphic/gantt/GanttBarFormatDialog.java,microproject_ui,java,HEAD,6752b1f74ae55b4e24bbbb2080ac750e4993c7438401386297ce3e5cfa0cb88b,d2fa3c20a,,,0530be227f4a10c5545cce8d3db20ac5a4d76a66,REVIEW_REQUIRED,Unknown,false,REVIEW_REQUIRED,REVIEW_REQUIRED,REVIEW,no path match in OpenProj baseline; classify origin manually,
modules/microproject_ui/src/main/java/com/microproject/pm/graphic/gantt/GanttBarIntervalGenerator.java,microproject_ui,java,HEAD,5206703e90e5c508f5868aaa5d7cb02085399933e535c9022b366e5643f4f6c9,d2fa3c20a,openproj_ui/src/com/projity/pm/graphic/gantt/GanttBarIntervalGenerator.java,867fb5b9e502aa71a8911de01a70cedc02bd361c13d0575a5e0487c220939983,0530be227f4a10c5545cce8d3db20ac5a4d76a66,REVIEW_REQUIRED,Unknown,false,REVIEW_REQUIRED,REVIEW_REQUIRED,REVIEW,OpenProj path exists but content differs; perform hunk-level comparison,
modules/microproject_ui/src/main/java/com/microproject/pm/graphic/gantt/GanttBarSingleIntervalGenerator.java,microproject_ui,java,HEAD,1b525b32995c7c2973e9f479d5e7b13e9336587c6580f7de469d50540b17a9d3,d2fa3c20a,openproj_ui/src/com/projity/pm/graphic/gantt/GanttBarSingleIntervalGenerator.java,66953ccaafaf691fe8ceda1ea8dbb1d7b98dcb1dba78526d454df82d55353590,0530be227f4a10c5545cce8d3db20ac5a4d76a66,REVIEW_REQUIRED,Unknown,false,REVIEW_REQUIRED,REVIEW_REQUIRED,REVIEW,OpenProj path exists but content differs; perform hunk-level comparison,
modules/microproject_ui/src/main/java/com/microproject/pm/graphic/gantt/GanttBarSupport.java,microproject_ui,java,HEAD,435e2d7a43267a0aced0971d6ba838125d27b0cd26b207ab5a20794ae6e1aeef,d2fa3c20a,,,0530be227f4a10c5545cce8d3db20ac5a4d76a66,REVIEW_REQUIRED,Unknown,false,REVIEW_REQUIRED,REVIEW_REQUIRED,REVIEW,no path match in OpenProj baseline; classify origin manually,
modules/microproject_ui/src/main/java/com/microproject/pm/graphic/gantt/GanttInteractor.java,microproject_ui,java,HEAD,b5e1429f006d2a2e102ca0374b7fffc430dd7775b1893f6f0cc8580897b67631,d2fa3c20a,openproj_ui/src/com/projity/pm/graphic/gantt/GanttInteractor.java,479aa5fc868b2e1301849928863788587024285a8d0cd7a989d816bb2c0b46c8,0530be227f4a10c5545cce8d3db20ac5a4d76a66,REVIEW_REQUIRED,Unknown,false,REVIEW_REQUIRED,REVIEW_REQUIRED,REVIEW,OpenProj path exists but content differs; perform hunk-level comparison,
modules/microproject_ui/src/main/java/com/microproject/pm/graphic/gantt/GanttModel.java,microproject_ui,java,HEAD,70c6c6967bd10ba7da9be83300469ee272b1104bb9430af20c7d1467bd84afc4,d2fa3c20a,openproj_ui/src/com/projity/pm/graphic/gantt/GanttModel.java,dd2e2841170a31ddf3a682677831e9bd6e201b1d22564f6025174f86d25c3711,0530be227f4a10c5545cce8d3db20ac5a4d76a66,REVIEW_REQUIRED,Unknown,false,REVIEW_REQUIRED,REVIEW_REQUIRED,REVIEW,OpenProj path exists but content differs; perform hunk-level comparison,
modules/microproject_ui/src/main/java/com/microproject/pm/graphic/gantt/GanttParams.java,microproject_ui,java,HEAD,325c185db1aa7e58c4e8e0b75e2ae541deccee3e17be930328faf70d9ef3b323,d2fa3c20a,openproj_ui/src/com/projity/pm/graphic/gantt/GanttParams.java,5b9387bea30e73459f597e7686744c38d77fa19e99824164611a4af1aad091f5,0530be227f4a10c5545cce8d3db20ac5a4d76a66,REVIEW_REQUIRED,Unknown,false,REVIEW_REQUIRED,REVIEW_REQUIRED,REVIEW,OpenProj path exists but content differs; perform hunk-level comparison,
modules/microproject_ui/src/main/java/com/microproject/pm/graphic/gantt/GanttParamsImpl.java,microproject_ui,java,HEAD,59dd87e67b9abb02880821071fb42ad21edfae00e7d423f7a929da7fd1414533,d2fa3c20a,openproj_ui/src/com/projity/pm/graphic/gantt/GanttParamsImpl.java,47918cc4d96607cc7db075c5567e6c18a109431fdbe91ccd79f765c7e892b7c2,0530be227f4a10c5545cce8d3db20ac5a4d76a66,REVIEW_REQUIRED,Unknown,false,REVIEW_REQUIRED,REVIEW_REQUIRED,REVIEW,OpenProj path exists but content differs; perform hunk-level comparison,
modules/microproject_ui/src/main/java/com/microproject/pm/graphic/gantt/GanttPopupMenu.java,microproject_ui,java,HEAD,e06b28aec1ebc652151646c947d88362aae329d22e141ceb8971f41647011724,d2fa3c20a,openproj_ui/src/com/projity/pm/graphic/gantt/GanttPopupMenu.java,dd9b56991d323e547e054b465c30d5fb27166629d8ade847811f866feef5f049,0530be227f4a10c5545cce8d3db20ac5a4d76a66,REVIEW_REQUIRED,Unknown,false,REVIEW_REQUIRED,REVIEW_REQUIRED,REVIEW,OpenProj path exists but content differs; perform hunk-level comparison,
modules/microproject_ui/src/main/java/com/microproject/pm/graphic/gantt/GanttRenderer.java,microproject_ui,java,HEAD,5588aa7934fa9cb8cc04b71297b59dc72cf9aad779bf620e65767b4246d84829,d2fa3c20a,openproj_ui/src/com/projity/pm/graphic/gantt/GanttRenderer.java,d1afcacff97242ce4d7870e8e61a4fb3ea12edc444cded5d58839b13d3ceb359,0530be227f4a10c5545cce8d3db20ac5a4d76a66,REVIEW_REQUIRED,Unknown,false,REVIEW_REQUIRED,REVIEW_REQUIRED,REVIEW,OpenProj path exists but content differs; perform hunk-level comparison,
modules/microproject_ui/src/main/java/com/microproject/pm/graphic/gantt/GanttRendererSupport.java,microproject_ui,java,HEAD,bfe5f2a8dc7e042b6672256da5cd1ea662f938c38fdb809c77fe14f139c3f778,d2fa3c20a,,,0530be227f4a10c5545cce8d3db20ac5a4d76a66,REVIEW_REQUIRED,Unknown,false,REVIEW_REQUIRED,REVIEW_REQUIRED,REVIEW,no path match in OpenProj baseline; classify origin manually,
modules/microproject_ui/src/main/java/com/microproject/pm/graphic/gantt/GanttSelectionGeometrySupport.java,microproject_ui,java,HEAD,5586a57eb3199e5a21daeaea7a8575a8f211a1f5c0bc3204eb327c54401a3950,d2fa3c20a,,,0530be227f4a10c5545cce8d3db20ac5a4d76a66,REVIEW_REQUIRED,Unknown,false,REVIEW_REQUIRED,REVIEW_REQUIRED,REVIEW,no path match in OpenProj baseline; classify origin manually,
modules/microproject_ui/src/main/java/com/microproject/pm/graphic/gantt/GanttUI.java,microproject_ui,java,HEAD,4913486601f3c5fca67823184f1282156cfe30845682297dee331a7a82380860,d2fa3c20a,openproj_ui/src/com/projity/pm/graphic/gantt/GanttUI.java,c023989ff45c6162e8e4fbf2c1dc1256bf9b0d2b89ad610d5a2ed66316213e0d,0530be227f4a10c5545cce8d3db20ac5a4d76a66,REVIEW_REQUIRED,Unknown,false,REVIEW_REQUIRED,REVIEW_REQUIRED,REVIEW,OpenProj path exists but content differs; perform hunk-level comparison,
modules/microproject_ui/src/main/java/com/microproject/pm/graphic/gantt/Main.java,microproject_ui,java,HEAD,0c48a1a15d1e07a2daa9b863e3cad2b935689295e96cf87bfea510fc04e04405,d2fa3c20a,openproj_ui/src/com/projity/pm/graphic/gantt/Main.java,b31fe11e99f42d1be4adf4b25a3d0751378994379777893875d2888bf58af95d,0530be227f4a10c5545cce8d3db20ac5a4d76a66,REVIEW_REQUIRED,Unknown,false,REVIEW_REQUIRED,REVIEW_REQUIRED,REVIEW,OpenProj path exists but content differs; perform hunk-level comparison,
modules/microproject_ui/src/main/java/com/microproject/pm/graphic/graph/Graph.java,microproject_ui,java,HEAD,51577e31b44b7f0953ff930992390439222be6970b267d1f16ed196f7b67109e,d2fa3c20a,openproj_ui/src/com/projity/pm/graphic/graph/Graph.java,57ff2e8117600916763b66a79f28a66459cde560afd02eaa181244b22c1e5f2f,0530be227f4a10c5545cce8d3db20ac5a4d76a66,REVIEW_REQUIRED,Unknown,false,REVIEW_REQUIRED,REVIEW_REQUIRED,REVIEW,OpenProj path exists but content differs; perform hunk-level comparison,
modules/microproject_ui/src/main/java/com/microproject/pm/graphic/graph/GraphInteractor.java,microproject_ui,java,HEAD,98eb5aa8797e01ce9ddc7f97be0b8bcd045bd2eb0a557880cc4c135f04f52c8b,d2fa3c20a,openproj_ui/src/com/projity/pm/graphic/graph/GraphInteractor.java,6346d8c1794bf9d518319a96904e72eacecb7ee3fb7741595c41c6e057b5522a,0530be227f4a10c5545cce8d3db20ac5a4d76a66,REVIEW_REQUIRED,Unknown,false,REVIEW_REQUIRED,REVIEW_REQUIRED,REVIEW,OpenProj path exists but content differs; perform hunk-level comparison,
modules/microproject_ui/src/main/java/com/microproject/pm/graphic/graph/GraphModel.java,microproject_ui,java,HEAD,46997db273a30ddbf75fe329b07725ff4d6d958ef4a38fb8b9e6a6570a2544df,d2fa3c20a,openproj_ui/src/com/projity/pm/graphic/graph/GraphModel.java,bfb414b33ad1060427bf12168bcfee94100464ce477badd07a8a22c44c57a93c,0530be227f4a10c5545cce8d3db20ac5a4d76a66,REVIEW_REQUIRED,Unknown,false,REVIEW_REQUIRED,REVIEW_REQUIRED,REVIEW,OpenProj path exists but content differs; perform hunk-level comparison,
modules/microproject_ui/src/main/java/com/microproject/pm/graphic/graph/GraphParams.java,microproject_ui,java,HEAD,1a1b4306373b37546e94c0cec6392c313e1a3795930e04987cc08ae2f07ef7a4,d2fa3c20a,openproj_ui/src/com/projity/pm/graphic/graph/GraphParams.java,30da76e70fdbd81e7da6d8205612b2aa58a9b94cdcaa487610e7b8b4ebcddde2,0530be227f4a10c5545cce8d3db20ac5a4d76a66,REVIEW_REQUIRED,Unknown,false,REVIEW_REQUIRED,REVIEW_REQUIRED,REVIEW,OpenProj path exists but content differs; perform hunk-level comparison,
modules/microproject_ui/src/main/java/com/microproject/pm/graphic/graph/GraphPopupMenu.java,microproject_ui,java,HEAD,c30c55df660acbbce9d36023d4a1df9d4292abdc7e9d4df8a7cb924d9f10a6ae,d2fa3c20a,openproj_ui/src/com/projity/pm/graphic/graph/GraphPopupMenu.java,8e7e9dd25ccb6eac7d64c65ddb4f886ee3dee3f568fab98ba34a1d7da5d7b715,0530be227f4a10c5545cce8d3db20ac5a4d76a66,REVIEW_REQUIRED,Unknown,false,REVIEW_REQUIRED,REVIEW_REQUIRED,REVIEW,OpenProj path exists but content differs; perform hunk-level comparison,
modules/microproject_ui/src/main/java/com/microproject/pm/graphic/graph/GraphRenderer.java,microproject_ui,java,HEAD,01626b02c1bd42cb304ef3e358c6663fd0c7c8014595df8c5952f1351ed4d918,d2fa3c20a,openproj_ui/src/com/projity/pm/graphic/graph/GraphRenderer.java,885dffc20d2bf6eb3bb27819dd2ba79cb1cf9a51b034033a801b89558bba94a7,0530be227f4a10c5545cce8d3db20ac5a4d76a66,REVIEW_REQUIRED,Unknown,false,REVIEW_REQUIRED,REVIEW_REQUIRED,REVIEW,OpenProj path exists but content differs; perform hunk-level comparison,
modules/microproject_ui/src/main/java/com/microproject/pm/graphic/graph/GraphUI.java,microproject_ui,java,HEAD,19b935ee737666a0e6bfd4653a373a5cf91dede83b39d1e1784aab9f27ce4deb,d2fa3c20a,openproj_ui/src/com/projity/pm/graphic/graph/GraphUI.java,9558df3695a36118d5a139407b3c969e0b3d86522598ace1215e1d958cc07dc5,0530be227f4a10c5545cce8d3db20ac5a4d76a66,REVIEW_REQUIRED,Unknown,false,REVIEW_REQUIRED,REVIEW_REQUIRED,REVIEW,OpenProj path exists but content differs; perform hunk-level comparison,
modules/microproject_ui/src/main/java/com/microproject/pm/graphic/graph/GraphZone.java,microproject_ui,java,HEAD,6f82d2652baee7b853b39f5a14ebd59902fd7ccea71a29bb68a34513ac3b9e98,d2fa3c20a,openproj_ui/src/com/projity/pm/graphic/graph/GraphZone.java,211682b905211fccd5c5e1e37018d32732eb0c00cb47421933c987e8b3abd307,0530be227f4a10c5545cce8d3db20ac5a4d76a66,REVIEW_REQUIRED,Unknown,true,REVIEW_REQUIRED,REVIEW_REQUIRED,KEEP_OPENPROJ,normalized content matches OpenProj baseline,
modules/microproject_ui/src/main/java/com/microproject/pm/graphic/graph/LinkRouting.java,microproject_ui,java,HEAD,071112bc53c80a6fa1c09567e63847325359f9d48930962559f50f714f22d6f7,d2fa3c20a,openproj_ui/src/com/projity/pm/graphic/graph/LinkRouting.java,54a6a7d2a2abd6374aea46e27c409523773a460f997ce3e59cf3c044581d7cfa,0530be227f4a10c5545cce8d3db20ac5a4d76a66,REVIEW_REQUIRED,Unknown,false,REVIEW_REQUIRED,REVIEW_REQUIRED,REVIEW,OpenProj path exists but content differs; perform hunk-level comparison,
modules/microproject_ui/src/main/java/com/microproject/pm/graphic/graph/event/GraphEvent.java,microproject_ui,java,HEAD,4e79cf09711827a6c0d42036873b28a87666f2ccf285aadb34b07b63df56aa55,d2fa3c20a,openproj_ui/src/com/projity/pm/graphic/graph/event/GraphEvent.java,943d2f00126d4d3acb14ce9410f36974e844d6ac1a99226713e8d229bf83f285,0530be227f4a10c5545cce8d3db20ac5a4d76a66,REVIEW_REQUIRED,Unknown,false,REVIEW_REQUIRED,REVIEW_REQUIRED,REVIEW,OpenProj path exists but content differs; perform hunk-level comparison,
modules/microproject_ui/src/main/java/com/microproject/pm/graphic/graph/event/GraphListener.java,microproject_ui,java,HEAD,072fd184e845517ee60ee3130423e38a3c440b5ce0430569da3de142010797e0,d2fa3c20a,openproj_ui/src/com/projity/pm/graphic/graph/event/GraphListener.java,39750e1875764d2c821f5bfe6e266eeae752e2014dc99a05caf2e4ef93ce3d38,0530be227f4a10c5545cce8d3db20ac5a4d76a66,REVIEW_REQUIRED,Unknown,true,REVIEW_REQUIRED,REVIEW_REQUIRED,KEEP_OPENPROJ,normalized content matches OpenProj baseline,
modules/microproject_ui/src/main/java/com/microproject/pm/graphic/laf/LafManager.java,microproject_ui,java,HEAD,fc115f2cdc45cea5b7e795b46fe6dc367c2b31d68ba2f6031f2c910c28986ae1,d2fa3c20a,openproj_ui/src/com/projity/pm/graphic/laf/LafManager.java,860b846fbce328f48fcdbeb4df447592ec488414d9539dc168f2b5b42b1422f8,0530be227f4a10c5545cce8d3db20ac5a4d76a66,REVIEW_REQUIRED,Unknown,true,REVIEW_REQUIRED,REVIEW_REQUIRED,KEEP_OPENPROJ,normalized content matches OpenProj baseline,
modules/microproject_ui/src/main/java/com/microproject/pm/graphic/laf/LafManagerImpl.java,microproject_ui,java,HEAD,d5075ce41785753037a4f1eb36b6fb0287589b8c82e055cb9ab22da97fa0fce1,d2fa3c20a,openproj_ui/src/com/projity/pm/graphic/laf/LafManagerImpl.java,61eb21434275bc6e0492209e87db87ed173af14cd4c846805b9756ed820b245e,0530be227f4a10c5545cce8d3db20ac5a4d76a66,REVIEW_REQUIRED,Unknown,false,REVIEW_REQUIRED,REVIEW_REQUIRED,REVIEW,OpenProj path exists but content differs; perform hunk-level comparison,
modules/microproject_ui/src/main/java/com/microproject/pm/graphic/link_routing/DefaultGanttLinkRouting.java,microproject_ui,java,HEAD,e05f72a1e6f12f286ae4c67d892db52b7aaec7bc4656a599937e9f850b1bf5d0,d2fa3c20a,,,0530be227f4a10c5545cce8d3db20ac5a4d76a66,REVIEW_REQUIRED,Unknown,false,REVIEW_REQUIRED,REVIEW_REQUIRED,REVIEW,no path match in OpenProj baseline; classify origin manually,
modules/microproject_ui/src/main/java/com/microproject/pm/graphic/link_routing/DefaultNetworkLinkRouting.java,microproject_ui,java,HEAD,0c86f3b730bc4c5035eb9158b998cebb2439315c6668c98a19dbb5abba5bb5b1,d2fa3c20a,,,0530be227f4a10c5545cce8d3db20ac5a4d76a66,REVIEW_REQUIRED,Unknown,false,REVIEW_REQUIRED,REVIEW_REQUIRED,REVIEW,no path match in OpenProj baseline; classify origin manually,
modules/microproject_ui/src/main/java/com/microproject/pm/graphic/link_routing/GanttLinkRouting.java,microproject_ui,java,HEAD,45b19a32dbe191b5df1859c77bd9c5ac3fce6b362258220e3c435e1fad128399,d2fa3c20a,,,0530be227f4a10c5545cce8d3db20ac5a4d76a66,REVIEW_REQUIRED,Unknown,false,REVIEW_REQUIRED,REVIEW_REQUIRED,REVIEW,no path match in OpenProj baseline; classify origin manually,
modules/microproject_ui/src/main/java/com/microproject/pm/graphic/link_routing/NetworkLinkRouting.java,microproject_ui,java,HEAD,f42c91f63980f11fd517faa801b51cd0ddaed24da5665fdae90997d5159e9d1e,d2fa3c20a,,,0530be227f4a10c5545cce8d3db20ac5a4d76a66,REVIEW_REQUIRED,Unknown,false,REVIEW_REQUIRED,REVIEW_REQUIRED,REVIEW,no path match in OpenProj baseline; classify origin manually,
modules/microproject_ui/src/main/java/com/microproject/pm/graphic/link_routing/QuadraticGanttLinkRouting.java,microproject_ui,java,HEAD,568e96c49521fe84ff13668f0e1086c63c40b4fc4267ef65f0cec062c6f240a8,d2fa3c20a,,,0530be227f4a10c5545cce8d3db20ac5a4d76a66,REVIEW_REQUIRED,Unknown,false,REVIEW_REQUIRED,REVIEW_REQUIRED,REVIEW,no path match in OpenProj baseline; classify origin manually,
modules/microproject_ui/src/main/java/com/microproject/pm/graphic/model/NodeSelectionEvent.java,microproject_ui,java,HEAD,a484de23f47dda497dacdd522a24bc2c80f2116ddef64667352d097374788737,d2fa3c20a,openproj_ui/src/com/projity/pm/graphic/model/NodeSelectionEvent.java,fb76aa4b54066e4648dc88e2b8acc53b127f2f094f9a72ec289389821aa6a9df,0530be227f4a10c5545cce8d3db20ac5a4d76a66,REVIEW_REQUIRED,Unknown,true,REVIEW_REQUIRED,REVIEW_REQUIRED,KEEP_OPENPROJ,normalized content matches OpenProj baseline,
modules/microproject_ui/src/main/java/com/microproject/pm/graphic/model/cache/CacheInterval.java,microproject_ui,java,HEAD,4a2a1b3a813f61303470addf5243ef79080c3e006287f8ef4c5e11abcae61572,d2fa3c20a,openproj_ui/src/com/projity/pm/graphic/model/cache/CacheInterval.java,9afbd6aed5a735a2d70b80a076f52305bc574a74e3f0bd6f57dc80d659ca2520,0530be227f4a10c5545cce8d3db20ac5a4d76a66,REVIEW_REQUIRED,Unknown,true,REVIEW_REQUIRED,REVIEW_REQUIRED,KEEP_OPENPROJ,normalized content matches OpenProj baseline,
modules/microproject_ui/src/main/java/com/microproject/pm/graphic/model/cache/CellCache.java,microproject_ui,java,HEAD,71370fc11e8698a4da5f20c57f6a25e14394d20783fcf61a90aeef4f4afc1002,d2fa3c20a,openproj_ui/src/com/projity/pm/graphic/model/cache/CellCache.java,d3053bb5758cd35f94eb00a592ae7d05ec0f8c8bd22c465df9e5c220773b1395,0530be227f4a10c5545cce8d3db20ac5a4d76a66,REVIEW_REQUIRED,Unknown,false,REVIEW_REQUIRED,REVIEW_REQUIRED,REVIEW,OpenProj path exists but content differs; perform hunk-level comparison,
modules/microproject_ui/src/main/java/com/microproject/pm/graphic/model/cache/DependencyCache.java,microproject_ui,java,HEAD,e50c59bb5e3b1d420a1d78bc872160c752cf3488b1a732345248020687305b36,d2fa3c20a,openproj_ui/src/com/projity/pm/graphic/model/cache/DependencyCache.java,babe976af94654f77088b8505e3e35edaa044c33bf0c9f1e31e9085f0cd09820,0530be227f4a10c5545cce8d3db20ac5a4d76a66,REVIEW_REQUIRED,Unknown,false,REVIEW_REQUIRED,REVIEW_REQUIRED,REVIEW,OpenProj path exists but content differs; perform hunk-level comparison,
modules/microproject_ui/src/main/java/com/microproject/pm/graphic/model/cache/GeneralFilteredIterator.java,microproject_ui,java,HEAD,f7436997fb50a5ce34f0e5010dcfed21c95d53abce577d053b8f753bd51f6ec8,d2fa3c20a,openproj_ui/src/com/projity/pm/graphic/model/cache/GeneralFilteredIterator.java,236c2b4015a982e6c3c23915e766de84b5230919a9088bf22293a8b97023fe25,0530be227f4a10c5545cce8d3db20ac5a4d76a66,REVIEW_REQUIRED,Unknown,false,REVIEW_REQUIRED,REVIEW_REQUIRED,REVIEW,OpenProj path exists but content differs; perform hunk-level comparison,
modules/microproject_ui/src/main/java/com/microproject/pm/graphic/model/cache/GraphicDependency.java,microproject_ui,java,HEAD,f1afbda07d9337478f7a6bcc80ac3381bac8473b90bc5118f9ef23592db08193,d2fa3c20a,openproj_ui/src/com/projity/pm/graphic/model/cache/GraphicDependency.java,0fcd62ca4d381e90da9fd9eadb253db7676f4f03335d1a1db37cf6aa768bb9c9,0530be227f4a10c5545cce8d3db20ac5a4d76a66,REVIEW_REQUIRED,Unknown,false,REVIEW_REQUIRED,REVIEW_REQUIRED,REVIEW,OpenProj path exists but content differs; perform hunk-level comparison,
modules/microproject_ui/src/main/java/com/microproject/pm/graphic/model/cache/GraphicNode.java,microproject_ui,java,HEAD,3940932fcf93c7e7f39c2ae6fea26cd8623a81534c9f5f62aed1ede7c3c7b218,d2fa3c20a,openproj_ui/src/com/projity/pm/graphic/model/cache/GraphicNode.java,de5baedfa8e6c9e801587cfd4e576659b5878a7f91e85c915e0f642faf5f3989,0530be227f4a10c5545cce8d3db20ac5a4d76a66,REVIEW_REQUIRED,Unknown,false,REVIEW_REQUIRED,REVIEW_REQUIRED,REVIEW,OpenProj path exists but content differs; perform hunk-level comparison,
modules/microproject_ui/src/main/java/com/microproject/pm/graphic/model/cache/NodeCache.java,microproject_ui,java,HEAD,0cb6adcd6f3fc6ca8e5fd681299f4e6faebc7cd14597954f2f26f27e22ee1af0,d2fa3c20a,openproj_ui/src/com/projity/pm/graphic/model/cache/NodeCache.java,cfeeb6df0024b9fc156d3278659967c7c4ad3b6ec3fbe0583e37363ccc75cc91,0530be227f4a10c5545cce8d3db20ac5a4d76a66,REVIEW_REQUIRED,Unknown,false,REVIEW_REQUIRED,REVIEW_REQUIRED,REVIEW,OpenProj path exists but content differs; perform hunk-level comparison,
modules/microproject_ui/src/main/java/com/microproject/pm/graphic/model/cache/NodeModelCache.java,microproject_ui,java,HEAD,079137bd05c64ac17a45845af340a3423778e482292edd63de4f3a45094e5527,d2fa3c20a,openproj_ui/src/com/projity/pm/graphic/model/cache/NodeModelCache.java,e918b44aaf303801648d4f8a508db0812382e8eef69c1856539dc8f41a97eced,0530be227f4a10c5545cce8d3db20ac5a4d76a66,REVIEW_REQUIRED,Unknown,false,REVIEW_REQUIRED,REVIEW_REQUIRED,REVIEW,OpenProj path exists but content differs; perform hunk-level comparison,
modules/microproject_ui/src/main/java/com/microproject/pm/graphic/model/cache/NodeModelCacheFactory.java,microproject_ui,java,HEAD,92b63abf168dc90b76a6fdc48cb2f4d1da818efb2f0550b77a87672a5a559ace,d2fa3c20a,openproj_ui/src/com/projity/pm/graphic/model/cache/NodeModelCacheFactory.java,2a4b555374d5b6eadebe219195b3e755bf1a8a2fac13d02933790d180fb2086b,0530be227f4a10c5545cce8d3db20ac5a4d76a66,REVIEW_REQUIRED,Unknown,false,REVIEW_REQUIRED,REVIEW_REQUIRED,REVIEW,OpenProj path exists but content differs; perform hunk-level comparison,
modules/microproject_ui/src/main/java/com/microproject/pm/graphic/model/cache/ReferenceNodeModelCache.java,microproject_ui,java,HEAD,4335f4b740e45718105faca7bd2f216694821eb9734faecb74473685ab2e6158,d2fa3c20a,openproj_ui/src/com/projity/pm/graphic/model/cache/ReferenceNodeModelCache.java,b2ddb05254679347fe639db0d5877605b3a9cde1b01bd493aa3f1c2c730b3e0d,0530be227f4a10c5545cce8d3db20ac5a4d76a66,REVIEW_REQUIRED,Unknown,false,REVIEW_REQUIRED,REVIEW_REQUIRED,REVIEW,OpenProj path exists but content differs; perform hunk-level comparison,
modules/microproject_ui/src/main/java/com/microproject/pm/graphic/model/cache/ViewNodeModelCache.java,microproject_ui,java,HEAD,d038ce6845340e4102275f1530c0b3c1007cbe639265f82cc422533585a3e288,d2fa3c20a,openproj_ui/src/com/projity/pm/graphic/model/cache/ViewNodeModelCache.java,b802ca9d004bbe599ca20d2ead107d561f7f2008452da6381972c630d130d3a9,0530be227f4a10c5545cce8d3db20ac5a4d76a66,REVIEW_REQUIRED,Unknown,false,REVIEW_REQUIRED,REVIEW_REQUIRED,REVIEW,OpenProj path exists but content differs; perform hunk-level comparison,
modules/microproject_ui/src/main/java/com/microproject/pm/graphic/model/cache/VisibleDependencies.java,microproject_ui,java,HEAD,7c4374a4fe43e75449aeae30ad773104946c15e12663cbbe6fce6d6b19a3e0f2,d2fa3c20a,openproj_ui/src/com/projity/pm/graphic/model/cache/VisibleDependencies.java,db3c7dd26ffdb5df44a8ecccb06cacb3ae6439d1a165ca9ed77f0b4f34a2cb4c,0530be227f4a10c5545cce8d3db20ac5a4d76a66,REVIEW_REQUIRED,Unknown,false,REVIEW_REQUIRED,REVIEW_REQUIRED,REVIEW,OpenProj path exists but content differs; perform hunk-level comparison,
modules/microproject_ui/src/main/java/com/microproject/pm/graphic/model/cache/VisibleElements.java,microproject_ui,java,HEAD,898c421791a5cf7c5e5d69f7c095b7dc65cf23d49340ec2efc4573fc3129ac34,d2fa3c20a,openproj_ui/src/com/projity/pm/graphic/model/cache/VisibleElements.java,ca71dd492247d06dbcc8aee398cb2a0157cb26323f0ccd8e6e519ac0f3fad3d6,0530be227f4a10c5545cce8d3db20ac5a4d76a66,REVIEW_REQUIRED,Unknown,false,REVIEW_REQUIRED,REVIEW_REQUIRED,REVIEW,OpenProj path exists but content differs; perform hunk-level comparison,
modules/microproject_ui/src/main/java/com/microproject/pm/graphic/model/cache/VisibleNodes.java,microproject_ui,java,HEAD,32ae4c2d68b814a65049dda8c5aab5ce7383040fc05eaf0bce4e2fc97b2e525c,d2fa3c20a,openproj_ui/src/com/projity/pm/graphic/model/cache/VisibleNodes.java,7465aba03a97c87de230d4cc5a78f9d2fb8e24fceb6c5c6fb4deaf6204773e83,0530be227f4a10c5545cce8d3db20ac5a4d76a66,REVIEW_REQUIRED,Unknown,false,REVIEW_REQUIRED,REVIEW_REQUIRED,REVIEW,OpenProj path exists but content differs; perform hunk-level comparison,
modules/microproject_ui/src/main/java/com/microproject/pm/graphic/model/event/CacheEvent.java,microproject_ui,java,HEAD,c2a8cd173744506b420267d21ce93a9e9590b47aeac495ee01b76c6039063452,d2fa3c20a,openproj_ui/src/com/projity/pm/graphic/model/event/CacheEvent.java,652a2f15fa7f9a2eb9af2c27839764d8a8cea77b3cd9a54e2a493ec5ffbe2cdd,0530be227f4a10c5545cce8d3db20ac5a4d76a66,REVIEW_REQUIRED,Unknown,false,REVIEW_REQUIRED,REVIEW_REQUIRED,REVIEW,OpenProj path exists but content differs; perform hunk-level comparison,
modules/microproject_ui/src/main/java/com/microproject/pm/graphic/model/event/CacheListener.java,microproject_ui,java,HEAD,79481e92c07df691358175cf9da2d35966f71b00abf601778cfbb3c616eb9e17,d2fa3c20a,openproj_ui/src/com/projity/pm/graphic/model/event/CacheListener.java,48c7322b256a83f24e6f987d530573d01c62ce2b89d874118663da987bb5cf5a,0530be227f4a10c5545cce8d3db20ac5a4d76a66,REVIEW_REQUIRED,Unknown,true,REVIEW_REQUIRED,REVIEW_REQUIRED,KEEP_OPENPROJ,normalized content matches OpenProj baseline,
modules/microproject_ui/src/main/java/com/microproject/pm/graphic/model/event/CompositeCacheEvent.java,microproject_ui,java,HEAD,228928d90d190d2f5952c39ba056aed106fdbea768633051a0d5b736033ec1fb,d2fa3c20a,openproj_ui/src/com/projity/pm/graphic/model/event/CompositeCacheEvent.java,721a533b82b98e1a5a12f9e832c0455ed40e38333f4a271aedd71e56bfd43936,0530be227f4a10c5545cce8d3db20ac5a4d76a66,REVIEW_REQUIRED,Unknown,false,REVIEW_REQUIRED,REVIEW_REQUIRED,REVIEW,OpenProj path exists but content differs; perform hunk-level comparison,
modules/microproject_ui/src/main/java/com/microproject/pm/graphic/model/transform/CacheTransformer.java,microproject_ui,java,HEAD,e4ac3091b8ee51db78ddc92d8a6741d78169492dc0eea3e1e3a03cd40c3987cb,d2fa3c20a,openproj_ui/src/com/projity/pm/graphic/model/transform/CacheTransformer.java,1f35df239e7621172228c612b1aea3edacd64a10f821cc04c24de09dda5e11fc,0530be227f4a10c5545cce8d3db20ac5a4d76a66,REVIEW_REQUIRED,Unknown,true,REVIEW_REQUIRED,REVIEW_REQUIRED,KEEP_OPENPROJ,normalized content matches OpenProj baseline,
modules/microproject_ui/src/main/java/com/microproject/pm/graphic/model/transform/NodeCacheTransformer.java,microproject_ui,java,HEAD,bc9b38d7e4a41f3c0f9c6e547131629034f53ee5708b30c6019ff1da17a967f4,d2fa3c20a,openproj_ui/src/com/projity/pm/graphic/model/transform/NodeCacheTransformer.java,bf96c22c0702f68a1bb48459191befd26b1459ac881147ce0940dc7b6caebd4e,0530be227f4a10c5545cce8d3db20ac5a4d76a66,REVIEW_REQUIRED,Unknown,false,REVIEW_REQUIRED,REVIEW_REQUIRED,REVIEW,OpenProj path exists but content differs; perform hunk-level comparison,
modules/microproject_ui/src/main/java/com/microproject/pm/graphic/network/Network.java,microproject_ui,java,HEAD,4af402da0e8b5b576e14318f0e4b28f573fbfc3cfb946112a1836543f7f5f2c3,d2fa3c20a,openproj_ui/src/com/projity/pm/graphic/network/Network.java,040dbcd6a1840a29cfe50032af6d26ac6918ff9afd1a2713c6be61c3d9ab0539,0530be227f4a10c5545cce8d3db20ac5a4d76a66,REVIEW_REQUIRED,Unknown,false,REVIEW_REQUIRED,REVIEW_REQUIRED,REVIEW,OpenProj path exists but content differs; perform hunk-level comparison,
modules/microproject_ui/src/main/java/com/microproject/pm/graphic/network/NetworkInteractor.java,microproject_ui,java,HEAD,b73ab9c23ddbffab66a46181e8d3251cf584c195643e976077ab3f07761e0d26,d2fa3c20a,openproj_ui/src/com/projity/pm/graphic/network/NetworkInteractor.java,cab5701c09ae2ee52a2460a964a8918a399fd00cc7300fbf4627835948fc8d59,0530be227f4a10c5545cce8d3db20ac5a4d76a66,REVIEW_REQUIRED,Unknown,false,REVIEW_REQUIRED,REVIEW_REQUIRED,REVIEW,OpenProj path exists but content differs; perform hunk-level comparison,
modules/microproject_ui/src/main/java/com/microproject/pm/graphic/network/NetworkModel.java,microproject_ui,java,HEAD,2fd7a7726677171097b38731c12dcb47be100ff8ebde80e975881ce51378f1e0,d2fa3c20a,openproj_ui/src/com/projity/pm/graphic/network/NetworkModel.java,7c1edceb08134d7866fa3a7103bf93835799d8200a406c4b1f26fdac0ed12417,0530be227f4a10c5545cce8d3db20ac5a4d76a66,REVIEW_REQUIRED,Unknown,false,REVIEW_REQUIRED,REVIEW_REQUIRED,REVIEW,OpenProj path exists but content differs; perform hunk-level comparison,
modules/microproject_ui/src/main/java/com/microproject/pm/graphic/network/NetworkParams.java,microproject_ui,java,HEAD,97ff2c473baec96d0485574a016f37c937eb3f085262f135c486a64a2dc98fd4,d2fa3c20a,openproj_ui/src/com/projity/pm/graphic/network/NetworkParams.java,9a388087d87aab8137e3b030ed4f8b4f2855bcc3f166eb649fade5cbe55d4c52,0530be227f4a10c5545cce8d3db20ac5a4d76a66,REVIEW_REQUIRED,Unknown,true,REVIEW_REQUIRED,REVIEW_REQUIRED,KEEP_OPENPROJ,normalized content matches OpenProj baseline,
modules/microproject_ui/src/main/java/com/microproject/pm/graphic/network/NetworkParamsImpl.java,microproject_ui,java,HEAD,58e56a33a6c5b0bb4f2623b2176018797e48807e23b41ca0dcb7b50ea7b93a2f,d2fa3c20a,openproj_ui/src/com/projity/pm/graphic/network/NetworkParamsImpl.java,ce234eda0560db4c97ad3c840ed40f7d844a853a747c742fbf7a3f7183ea78fe,0530be227f4a10c5545cce8d3db20ac5a4d76a66,REVIEW_REQUIRED,Unknown,false,REVIEW_REQUIRED,REVIEW_REQUIRED,REVIEW,OpenProj path exists but content differs; perform hunk-level comparison,
modules/microproject_ui/src/main/java/com/microproject/pm/graphic/network/NetworkPopupMenu.java,microproject_ui,java,HEAD,3c41e9039f9e5ae8343fc7a8ba8552f7251de0140855f3e96873a7d8a28a5167,d2fa3c20a,openproj_ui/src/com/projity/pm/graphic/network/NetworkPopupMenu.java,c72af60d71c7945a98dc14446208ba0a93e0c1232a456fb421c779cedc8c7267,0530be227f4a10c5545cce8d3db20ac5a4d76a66,REVIEW_REQUIRED,Unknown,false,REVIEW_REQUIRED,REVIEW_REQUIRED,REVIEW,OpenProj path exists but content differs; perform hunk-level comparison,
modules/microproject_ui/src/main/java/com/microproject/pm/graphic/network/NetworkRenderer.java,microproject_ui,java,HEAD,7e654dbbc0a07d0f4d676685dee31451c7a8c17a17be8a0524b410b0cb3cd54d,d2fa3c20a,openproj_ui/src/com/projity/pm/graphic/network/NetworkRenderer.java,010e7292524e711f703679f5023866c2396855b7b841a57fce5a68df5440087d,0530be227f4a10c5545cce8d3db20ac5a4d76a66,REVIEW_REQUIRED,Unknown,false,REVIEW_REQUIRED,REVIEW_REQUIRED,REVIEW,OpenProj path exists but content differs; perform hunk-level comparison,
modules/microproject_ui/src/main/java/com/microproject/pm/graphic/network/NetworkUI.java,microproject_ui,java,HEAD,c6d998ca31ca65407a1a96aa22281ec38508e22459ceea3d993a7421906fa45a,d2fa3c20a,openproj_ui/src/com/projity/pm/graphic/network/NetworkUI.java,44f6c419e8177a60fd2249be5a9aba9bd733c864b86cee25158014ab7d82350f,0530be227f4a10c5545cce8d3db20ac5a4d76a66,REVIEW_REQUIRED,Unknown,false,REVIEW_REQUIRED,REVIEW_REQUIRED,REVIEW,OpenProj path exists but content differs; perform hunk-level comparison,
modules/microproject_ui/src/main/java/com/microproject/pm/graphic/network/layout/AbstractNetworkLayout.java,microproject_ui,java,HEAD,a2ebb238c70ea0ce2108e06c47abc2c2b55fa99b3d971c1d5514fabca9043e9a,d2fa3c20a,openproj_ui/src/com/projity/pm/graphic/network/layout/AbstractNetworkLayout.java,c9ec1e62e8f70fdbb60e8e116a24e93cf3ac82e40aefaaf6dda7a4500f2e0482,0530be227f4a10c5545cce8d3db20ac5a4d76a66,REVIEW_REQUIRED,Unknown,false,REVIEW_REQUIRED,REVIEW_REQUIRED,REVIEW,OpenProj path exists but content differs; perform hunk-level comparison,
modules/microproject_ui/src/main/java/com/microproject/pm/graphic/network/layout/NetworkLayout.java,microproject_ui,java,HEAD,cd0c4a3d78bcbc95411139b1a5be5f3ecae9de1c7b09e5a83e313bc5f2568c8a,d2fa3c20a,openproj_ui/src/com/projity/pm/graphic/network/layout/NetworkLayout.java,df226ae585fa2c3d840171477b5fcac7476be4107932d1a0064bd0543b5df037,0530be227f4a10c5545cce8d3db20ac5a4d76a66,REVIEW_REQUIRED,Unknown,false,REVIEW_REQUIRED,REVIEW_REQUIRED,REVIEW,OpenProj path exists but content differs; perform hunk-level comparison,
modules/microproject_ui/src/main/java/com/microproject/pm/graphic/network/layout/NetworkLayoutEvent.java,microproject_ui,java,HEAD,19324f47bba8175223a822d63ef91aea0ecef4436ddea85294558c60c437e39c,d2fa3c20a,openproj_ui/src/com/projity/pm/graphic/network/layout/NetworkLayoutEvent.java,3712de37c267e684d3740034d8c48369f28b3d43f085ce77737962efa4a7e83e,0530be227f4a10c5545cce8d3db20ac5a4d76a66,REVIEW_REQUIRED,Unknown,false,REVIEW_REQUIRED,REVIEW_REQUIRED,REVIEW,OpenProj path exists but content differs; perform hunk-level comparison,
modules/microproject_ui/src/main/java/com/microproject/pm/graphic/network/layout/NetworkLayoutListener.java,microproject_ui,java,HEAD,3b1e6884f67277ce08e3350d9f6ccf7bb19aff247a78b16b97ffec688a077ad1,d2fa3c20a,openproj_ui/src/com/projity/pm/graphic/network/layout/NetworkLayoutListener.java,99c1f9e8c258f3e027a57965fccccedfd049092cc9a503318830ad3d3161b73f,0530be227f4a10c5545cce8d3db20ac5a4d76a66,REVIEW_REQUIRED,Unknown,true,REVIEW_REQUIRED,REVIEW_REQUIRED,KEEP_OPENPROJ,normalized content matches OpenProj baseline,
modules/microproject_ui/src/main/java/com/microproject/pm/graphic/network/rendering/FieldChange.java,microproject_ui,java,HEAD,abaa2acc4d158e9429f6e80e6537056ac2844f7cefbff694a9261fdcac82989d,d2fa3c20a,openproj_ui/src/com/projity/pm/graphic/network/rendering/FieldChange.java,6ace09232f6e6175ac92984686a1135562cb3fc1475f42d39e661074df1eae9c,0530be227f4a10c5545cce8d3db20ac5a4d76a66,REVIEW_REQUIRED,Unknown,true,REVIEW_REQUIRED,REVIEW_REQUIRED,KEEP_OPENPROJ,normalized content matches OpenProj baseline,
modules/microproject_ui/src/main/java/com/microproject/pm/graphic/network/rendering/FormComponent.java,microproject_ui,java,HEAD,67ddf3592eeeab54afb29507cb8dfb8e2ddd1dd0321882ebd65fc2cb0c092387,d2fa3c20a,openproj_ui/src/com/projity/pm/graphic/network/rendering/FormComponent.java,2478a8d43e0adc3c037239cadf2e83948738c2981a138ce5010bc39ac22b626f,0530be227f4a10c5545cce8d3db20ac5a4d76a66,REVIEW_REQUIRED,Unknown,false,REVIEW_REQUIRED,REVIEW_REQUIRED,REVIEW,OpenProj path exists but content differs; perform hunk-level comparison,
modules/microproject_ui/src/main/java/com/microproject/pm/graphic/network/rendering/FormatSelector.java,microproject_ui,java,HEAD,815f68419493ff5ae38c4ae87084f600ae12d15b6452d04d6486ecb1217d1dc3,d2fa3c20a,openproj_ui/src/com/projity/pm/graphic/network/rendering/FormatSelector.java,ca2dc99e9f2b82c3b4440d6c2d2566b7e3cd3568837cd2a2fb4ffde4316e105c,0530be227f4a10c5545cce8d3db20ac5a4d76a66,REVIEW_REQUIRED,Unknown,false,REVIEW_REQUIRED,REVIEW_REQUIRED,REVIEW,OpenProj path exists but content differs; perform hunk-level comparison,
modules/microproject_ui/src/main/java/com/microproject/pm/graphic/network/rendering/NetworkCellEditor.java,microproject_ui,java,HEAD,2c678fb8ab67908382da3c590bed6d0dc0457a3cee85d7ed997a5ae774f8333a,d2fa3c20a,openproj_ui/src/com/projity/pm/graphic/network/rendering/NetworkCellEditor.java,fad31966e7d59707429a0be47553e30ec2c9a98e2c6ab06ea01b05f7b622b051,0530be227f4a10c5545cce8d3db20ac5a4d76a66,REVIEW_REQUIRED,Unknown,false,REVIEW_REQUIRED,REVIEW_REQUIRED,REVIEW,OpenProj path exists but content differs; perform hunk-level comparison,
modules/microproject_ui/src/main/java/com/microproject/pm/graphic/network/rendering/NetworkCellRenderer.java,microproject_ui,java,HEAD,bba2e3f57dde948091d260a66514c31daa5e68c83ebf463fbc52fb9f437c0cd2,d2fa3c20a,openproj_ui/src/com/projity/pm/graphic/network/rendering/NetworkCellRenderer.java,03a655a8ad7f12c84388c6a1f73ff99a2a8552e2e0344727c047ad1516327ec1,0530be227f4a10c5545cce8d3db20ac5a4d76a66,REVIEW_REQUIRED,Unknown,false,REVIEW_REQUIRED,REVIEW_REQUIRED,REVIEW,OpenProj path exists but content differs; perform hunk-level comparison,
modules/microproject_ui/src/main/java/com/microproject/pm/graphic/pert/DependencyGraph.java,microproject_ui,java,HEAD,778a9f6737c0aa81fa98a968dd17ede1da884985b690996365429a1105a5c254,d2fa3c20a,openproj_ui/src/com/projity/pm/graphic/pert/DependencyGraph.java,3dc1c17e24d62541d518b8edb5128a29974c456133320d6a882586cb538909bc,0530be227f4a10c5545cce8d3db20ac5a4d76a66,REVIEW_REQUIRED,Unknown,false,REVIEW_REQUIRED,REVIEW_REQUIRED,REVIEW,OpenProj path exists but content differs; perform hunk-level comparison,
modules/microproject_ui/src/main/java/com/microproject/pm/graphic/pert/PertChart.java,microproject_ui,java,HEAD,5a31574d05da21e00eb0a4e4d1457bf0efba18d2606da85752a6795a97c2d22c,d2fa3c20a,,,0530be227f4a10c5545cce8d3db20ac5a4d76a66,REVIEW_REQUIRED,Unknown,false,REVIEW_REQUIRED,REVIEW_REQUIRED,REVIEW,no path match in OpenProj baseline; classify origin manually,
modules/microproject_ui/src/main/java/com/microproject/pm/graphic/pert/PertInteractor.java,microproject_ui,java,HEAD,bfc97cb96bb56d06ce754de91f60b606a75a94d5c44dd1c5a349004840984ba4,d2fa3c20a,openproj_ui/src/com/projity/pm/graphic/pert/PertInteractor.java,a514af408ea8dea743ecc6b0e982c6a02b26a6b791a768b06404a24681a3565a,0530be227f4a10c5545cce8d3db20ac5a4d76a66,REVIEW_REQUIRED,Unknown,false,REVIEW_REQUIRED,REVIEW_REQUIRED,REVIEW,OpenProj path exists but content differs; perform hunk-level comparison,
modules/microproject_ui/src/main/java/com/microproject/pm/graphic/pert/PertLayout.java,microproject_ui,java,HEAD,6efda30e1b5821d89c722991ba30e6664fb58ad396683841bd6fd7d9bf47250e,d2fa3c20a,openproj_ui/src/com/projity/pm/graphic/pert/PertLayout.java,8219f987a89e35eb2a6664f7c1ac8f2607d389b1913f396e9a5b38364a719d25,0530be227f4a10c5545cce8d3db20ac5a4d76a66,REVIEW_REQUIRED,Unknown,false,REVIEW_REQUIRED,REVIEW_REQUIRED,REVIEW,OpenProj path exists but content differs; perform hunk-level comparison,
modules/microproject_ui/src/main/java/com/microproject/pm/graphic/pert/PertRenderer.java,microproject_ui,java,HEAD,7e84f8374b0542cfc51de060aa94881cdf3139c18ce3c288cdb275eb4422368c,d2fa3c20a,openproj_ui/src/com/projity/pm/graphic/pert/PertRenderer.java,4e3abbd36f7a00bc3597921d1bc766d843990859cf34edbdedf9251a68f3431e,0530be227f4a10c5545cce8d3db20ac5a4d76a66,REVIEW_REQUIRED,Unknown,true,REVIEW_REQUIRED,REVIEW_REQUIRED,KEEP_OPENPROJ,normalized content matches OpenProj baseline,
modules/microproject_ui/src/main/java/com/microproject/pm/graphic/pert/PertUI.java,microproject_ui,java,HEAD,058301df813c9571082d09499a5dde14734202e6b89fa57214df954b0a4d0fe4,d2fa3c20a,openproj_ui/src/com/projity/pm/graphic/pert/PertUI.java,12249c6f5e7ea8b042c86a3bbd45b4bcd79729d46ea61609375c322366743778,0530be227f4a10c5545cce8d3db20ac5a4d76a66,REVIEW_REQUIRED,Unknown,true,REVIEW_REQUIRED,REVIEW_REQUIRED,KEEP_OPENPROJ,normalized content matches OpenProj baseline,
modules/microproject_ui/src/main/java/com/microproject/pm/graphic/spreadsheet/SpreadSheet.java,microproject_ui,java,HEAD,61b9ca2007b7f729b979df3a4795c25ed4a8bbb0d71dd2cb63443c59dc04cf5e,d2fa3c20a,openproj_ui/src/com/projity/pm/graphic/spreadsheet/SpreadSheet.java,4a91e513525d1e227d2d9a0bcfc2ba44fc835543f8adaf7ffa2e1bcdb6d68632,0530be227f4a10c5545cce8d3db20ac5a4d76a66,REVIEW_REQUIRED,Unknown,false,REVIEW_REQUIRED,REVIEW_REQUIRED,REVIEW,OpenProj path exists but content differs; perform hunk-level comparison,
modules/microproject_ui/src/main/java/com/microproject/pm/graphic/spreadsheet/SpreadSheetColumnMenu.java,microproject_ui,java,HEAD,4d07f452a620a5ba1a4149d94b07976e567751ffa264391ee5d275cb372a8223,d2fa3c20a,openproj_ui/src/com/projity/pm/graphic/spreadsheet/SpreadSheetColumnMenu.java,18cc2009809edafb1b33aab3d77a877f457661f4dd7c6fc89a54f0faa7cbd2ee,0530be227f4a10c5545cce8d3db20ac5a4d76a66,REVIEW_REQUIRED,Unknown,false,REVIEW_REQUIRED,REVIEW_REQUIRED,REVIEW,OpenProj path exists but content differs; perform hunk-level comparison,
modules/microproject_ui/src/main/java/com/microproject/pm/graphic/spreadsheet/SpreadSheetColumnModel.java,microproject_ui,java,HEAD,70e5f2b63cf00f1e5403a5085e2126ca0d155b8023acc254ca88c39933e056c9,d2fa3c20a,openproj_ui/src/com/projity/pm/graphic/spreadsheet/SpreadSheetColumnModel.java,6a454d49caed59033f610fd3e105002a207de2abdd1f1225f3414de983d206fd,0530be227f4a10c5545cce8d3db20ac5a4d76a66,REVIEW_REQUIRED,Unknown,false,REVIEW_REQUIRED,REVIEW_REQUIRED,REVIEW,OpenProj path exists but content differs; perform hunk-level comparison,
modules/microproject_ui/src/main/java/com/microproject/pm/graphic/spreadsheet/SpreadSheetModel.java,microproject_ui,java,HEAD,db107a6e50abc44252be1f2630c240cb2ffb09e1cd9014277970d031c7eff2a4,d2fa3c20a,openproj_ui/src/com/projity/pm/graphic/spreadsheet/SpreadSheetModel.java,4dcbab5d3fd70ed5644e3f9a9d84d5845ba6ca2017c731f431bf757a21e88bc9,0530be227f4a10c5545cce8d3db20ac5a4d76a66,REVIEW_REQUIRED,Unknown,false,REVIEW_REQUIRED,REVIEW_REQUIRED,REVIEW,OpenProj path exists but content differs; perform hunk-level comparison,
modules/microproject_ui/src/main/java/com/microproject/pm/graphic/spreadsheet/SpreadSheetParams.java,microproject_ui,java,HEAD,0c29c65731039502462880a4706475621c795b9b5cc80026c8a0d6064963b904,d2fa3c20a,openproj_ui/src/com/projity/pm/graphic/spreadsheet/SpreadSheetParams.java,916761a3df6f44caacb9950040d6c91598d155f50d06149c954cc7ae871b54e8,0530be227f4a10c5545cce8d3db20ac5a4d76a66,REVIEW_REQUIRED,Unknown,false,REVIEW_REQUIRED,REVIEW_REQUIRED,REVIEW,OpenProj path exists but content differs; perform hunk-level comparison,
modules/microproject_ui/src/main/java/com/microproject/pm/graphic/spreadsheet/SpreadSheetParamsImpl.java,microproject_ui,java,HEAD,9ce505fedcd746498383dfdb2729b8ea4de0744ad0619c36e51ac090fa1416ef,d2fa3c20a,openproj_ui/src/com/projity/pm/graphic/spreadsheet/SpreadSheetParamsImpl.java,5eb7aeea52457f5a419b900ea3e03a5ca22ab604fa60dd6bb8020f48020acff0,0530be227f4a10c5545cce8d3db20ac5a4d76a66,REVIEW_REQUIRED,Unknown,false,REVIEW_REQUIRED,REVIEW_REQUIRED,REVIEW,OpenProj path exists but content differs; perform hunk-level comparison,
modules/microproject_ui/src/main/java/com/microproject/pm/graphic/spreadsheet/SpreadSheetPopupMenu.java,microproject_ui,java,HEAD,c3d506f07b0156460e4b85440a8c2b3db8170ac7ef1436e2ff8e92c9c05ab162,d2fa3c20a,openproj_ui/src/com/projity/pm/graphic/spreadsheet/SpreadSheetPopupMenu.java,b53b027110b1762048ee8497543c98faa5d93735243656b7715bd01355276208,0530be227f4a10c5545cce8d3db20ac5a4d76a66,REVIEW_REQUIRED,Unknown,false,REVIEW_REQUIRED,REVIEW_REQUIRED,REVIEW,OpenProj path exists but content differs; perform hunk-level comparison,
modules/microproject_ui/src/main/java/com/microproject/pm/graphic/spreadsheet/SpreadSheetRenderer.java,microproject_ui,java,HEAD,5338ba325a377e8b8f1a5b485503f8151cf8d4f6f326d1a858a532f41c36d0b2,d2fa3c20a,openproj_ui/src/com/projity/pm/graphic/spreadsheet/SpreadSheetRenderer.java,a222b7570916dbadd868ed3bacc75c4d6b33e6078c4e0b2dbd880e31a0b06a07,0530be227f4a10c5545cce8d3db20ac5a4d76a66,REVIEW_REQUIRED,Unknown,false,REVIEW_REQUIRED,REVIEW_REQUIRED,REVIEW,OpenProj path exists but content differs; perform hunk-level comparison,
modules/microproject_ui/src/main/java/com/microproject/pm/graphic/spreadsheet/SpreadSheetSearchContext.java,microproject_ui,java,HEAD,ac1d6454ab00ce1ae11f217a793813e2f086a84345fada39a526641450ef6c98,d2fa3c20a,openproj_ui/src/com/projity/pm/graphic/spreadsheet/SpreadSheetSearchContext.java,8819347a3053cdd31029321037f0764cf1c45774c63d7e8fe3cc152672f75075,0530be227f4a10c5545cce8d3db20ac5a4d76a66,REVIEW_REQUIRED,Unknown,true,REVIEW_REQUIRED,REVIEW_REQUIRED,KEEP_OPENPROJ,normalized content matches OpenProj baseline,
modules/microproject_ui/src/main/java/com/microproject/pm/graphic/spreadsheet/SpreadSheetUtils.java,microproject_ui,java,HEAD,2849ccf0ef338c4f79712c2d4c05b5d69bda7140fa49ee34d0996ebda7012886,d2fa3c20a,openproj_ui/src/com/projity/pm/graphic/spreadsheet/SpreadSheetUtils.java,af2e282804ed8e00bd99b7b12b09619962e96a04c38ef8319b9648cf483517aa,0530be227f4a10c5545cce8d3db20ac5a4d76a66,REVIEW_REQUIRED,Unknown,false,REVIEW_REQUIRED,REVIEW_REQUIRED,REVIEW,OpenProj path exists but content differs; perform hunk-level comparison,
modules/microproject_ui/src/main/java/com/microproject/pm/graphic/spreadsheet/common/CommonSpreadSheet.java,microproject_ui,java,HEAD,a2682bb1f54b6b79e4a32cf2643638c0f46bdfb215a181ae1d15b1f9aada46a5,d2fa3c20a,openproj_ui/src/com/projity/pm/graphic/spreadsheet/common/CommonSpreadSheet.java,ade539450432e32345d58ed85fe5091f77b7d8e26552725e72190778d160b2a9,0530be227f4a10c5545cce8d3db20ac5a4d76a66,REVIEW_REQUIRED,Unknown,false,REVIEW_REQUIRED,REVIEW_REQUIRED,REVIEW,OpenProj path exists but content differs; perform hunk-level comparison,
modules/microproject_ui/src/main/java/com/microproject/pm/graphic/spreadsheet/common/CommonSpreadSheetAction.java,microproject_ui,java,HEAD,e59f6cc5ed8d4436629edf2eae780985ed93a75baa3e4d1e08519aac384bc32c,d2fa3c20a,openproj_ui/src/com/projity/pm/graphic/spreadsheet/common/CommonSpreadSheetAction.java,cac6a8d48fdf3082a9be32953fbd2407ad95bd1eca06510ae98dbab54082986f,0530be227f4a10c5545cce8d3db20ac5a4d76a66,REVIEW_REQUIRED,Unknown,true,REVIEW_REQUIRED,REVIEW_REQUIRED,KEEP_OPENPROJ,normalized content matches OpenProj baseline,
modules/microproject_ui/src/main/java/com/microproject/pm/graphic/spreadsheet/common/CommonSpreadSheetModel.java,microproject_ui,java,HEAD,7dd850c5e591fc3723c61ad7b9f940d8537eedf540ee56a4425b700b98ae6be4,d2fa3c20a,openproj_ui/src/com/projity/pm/graphic/spreadsheet/common/CommonSpreadSheetModel.java,7dcb7d837203eda6e975c027ab235af0366f5d1d3f6a30179a009852e3a79e22,0530be227f4a10c5545cce8d3db20ac5a4d76a66,REVIEW_REQUIRED,Unknown,false,REVIEW_REQUIRED,REVIEW_REQUIRED,REVIEW,OpenProj path exists but content differs; perform hunk-level comparison,
modules/microproject_ui/src/main/java/com/microproject/pm/graphic/spreadsheet/common/CommonTable.java,microproject_ui,java,HEAD,3b9102adc963862e023af9da18b30196e8030dda83057caf9ebe0c21c7ce0fb3,d2fa3c20a,openproj_ui/src/com/projity/pm/graphic/spreadsheet/common/CommonTable.java,dc649bd71e00e6d7cbb2ef7b173fb243eb290e251325f6657576ae6e19183ecd,0530be227f4a10c5545cce8d3db20ac5a4d76a66,REVIEW_REQUIRED,Unknown,false,REVIEW_REQUIRED,REVIEW_REQUIRED,REVIEW,OpenProj path exists but content differs; perform hunk-level comparison,
modules/microproject_ui/src/main/java/com/microproject/pm/graphic/spreadsheet/common/CommonTableHeader.java,microproject_ui,java,HEAD,5b0bd52b7cd6691e85be1505686e0922c743ec42ed32a977e74c9a04ea6aa6ed,d2fa3c20a,openproj_ui/src/com/projity/pm/graphic/spreadsheet/common/CommonTableHeader.java,0208187e097a82ec9c6d887376523292cde69bc4bc86f8cf3ca022862e4ff589,0530be227f4a10c5545cce8d3db20ac5a4d76a66,REVIEW_REQUIRED,Unknown,false,REVIEW_REQUIRED,REVIEW_REQUIRED,REVIEW,OpenProj path exists but content differs; perform hunk-level comparison,
modules/microproject_ui/src/main/java/com/microproject/pm/graphic/spreadsheet/common/GradientCorner.java,microproject_ui,java,HEAD,abdb3a7ca01db5526029cc8526aca54f4a596338ec8a0250e8a20649863c55c0,d2fa3c20a,openproj_ui/src/com/projity/pm/graphic/spreadsheet/common/GradientCorner.java,4bde7a24800292f59f1517a5cbc9145e2e8bc0efd280efeab0a2caebfe1be9bf,0530be227f4a10c5545cce8d3db20ac5a4d76a66,REVIEW_REQUIRED,Unknown,false,REVIEW_REQUIRED,REVIEW_REQUIRED,REVIEW,OpenProj path exists but content differs; perform hunk-level comparison,
modules/microproject_ui/src/main/java/com/microproject/pm/graphic/spreadsheet/common/SpreadSheetCorner.java,microproject_ui,java,HEAD,85786fb78317c1348c52201b1ccb578aaf63941f359c395ae84e1931df2126ca,d2fa3c20a,openproj_ui/src/com/projity/pm/graphic/spreadsheet/common/SpreadSheetCorner.java,45793366e93883ce692f1874982dbdbefd2597c73be65cc733e825186c5dc04f,0530be227f4a10c5545cce8d3db20ac5a4d76a66,REVIEW_REQUIRED,Unknown,false,REVIEW_REQUIRED,REVIEW_REQUIRED,REVIEW,OpenProj path exists but content differs; perform hunk-level comparison,
modules/microproject_ui/src/main/java/com/microproject/pm/graphic/spreadsheet/common/SpreadSheetRowHeader.java,microproject_ui,java,HEAD,5f289de611c2fa06b96ac3e5c13c0b9a6e8e75e3e7cb55768d63c2455cba7f0a,d2fa3c20a,openproj_ui/src/com/projity/pm/graphic/spreadsheet/common/SpreadSheetRowHeader.java,40d49553078016c1c4853ba764431caa354f2e022cc03bf21d0172d1330fcc08,0530be227f4a10c5545cce8d3db20ac5a4d76a66,REVIEW_REQUIRED,Unknown,false,REVIEW_REQUIRED,REVIEW_REQUIRED,REVIEW,OpenProj path exists but content differs; perform hunk-level comparison,
modules/microproject_ui/src/main/java/com/microproject/pm/graphic/spreadsheet/common/SpreadSheetRowHeaderColumnModel.java,microproject_ui,java,HEAD,affab4920798686231654720ab4f6da97485ef48ad07be3a576954e39ccd4750,d2fa3c20a,openproj_ui/src/com/projity/pm/graphic/spreadsheet/common/SpreadSheetRowHeaderColumnModel.java,e6f47e99b76cd845ab942bcfcb959a4ef1ed3cad0537d1c31fe1e563e318ad3a,0530be227f4a10c5545cce8d3db20ac5a4d76a66,REVIEW_REQUIRED,Unknown,false,REVIEW_REQUIRED,REVIEW_REQUIRED,REVIEW,OpenProj path exists but content differs; perform hunk-level comparison,
modules/microproject_ui/src/main/java/com/microproject/pm/graphic/spreadsheet/common/transfer/NodeListTransferHandler.java,microproject_ui,java,HEAD,de0e99cc31ac0279a7cb123c79c932c46dc8aa332197ee93e4fdbf1e5e8bb685,d2fa3c20a,openproj_ui/src/com/projity/pm/graphic/spreadsheet/common/transfer/NodeListTransferHandler.java,7cd721e8d3cbf93eba5af9a4e71370e9e8a162f77436ce364b0aeea64355562e,0530be227f4a10c5545cce8d3db20ac5a4d76a66,REVIEW_REQUIRED,Unknown,false,REVIEW_REQUIRED,REVIEW_REQUIRED,REVIEW,OpenProj path exists but content differs; perform hunk-level comparison,
modules/microproject_ui/src/main/java/com/microproject/pm/graphic/spreadsheet/common/transfer/NodeListTransferable.java,microproject_ui,java,HEAD,1ba0071a5998daac6167d23b6d5ed34dd16d5a91a41b9dd0e9787eb85f847657,d2fa3c20a,openproj_ui/src/com/projity/pm/graphic/spreadsheet/common/transfer/NodeListTransferable.java,4cc7c1fd4459879f15da98bcf7f6b7e4723e6e87aa60f5122238218f011a6a7a,0530be227f4a10c5545cce8d3db20ac5a4d76a66,REVIEW_REQUIRED,Unknown,false,REVIEW_REQUIRED,REVIEW_REQUIRED,REVIEW,OpenProj path exists but content differs; perform hunk-level comparison,
modules/microproject_ui/src/main/java/com/microproject/pm/graphic/spreadsheet/common/transfer/NodeListTransfertAction.java,microproject_ui,java,HEAD,99d4c0fc20291f2bed855855ed0f73311e56f5336f2b16a170236c441a600429,d2fa3c20a,openproj_ui/src/com/projity/pm/graphic/spreadsheet/common/transfer/NodeListTransfertAction.java,be2e7865bc858b55aa34682b6dffc8950cc1f645edfa34fee60f899fd9708efe,0530be227f4a10c5545cce8d3db20ac5a4d76a66,REVIEW_REQUIRED,Unknown,false,REVIEW_REQUIRED,REVIEW_REQUIRED,REVIEW,OpenProj path exists but content differs; perform hunk-level comparison,
modules/microproject_ui/src/main/java/com/microproject/pm/graphic/spreadsheet/common/transfer/TransferObject.java,microproject_ui,java,HEAD,a3a765d79078c73144dcf29c9fa8bd95b4f7903e132d7f223fb8ccba5ee72206,d2fa3c20a,openproj_ui/src/com/projity/pm/graphic/spreadsheet/common/transfer/TransferObject.java,91b9a073dace1c7cf2a69d0c9ea5546d19f7e11eb491c5787320a8e2ee8252d8,0530be227f4a10c5545cce8d3db20ac5a4d76a66,REVIEW_REQUIRED,Unknown,false,REVIEW_REQUIRED,REVIEW_REQUIRED,REVIEW,OpenProj path exists but content differs; perform hunk-level comparison,
modules/microproject_ui/src/main/java/com/microproject/pm/graphic/spreadsheet/editor/DateEditor.java,microproject_ui,java,HEAD,b8cd1fc441534a1df884bfb038d704d23bd984004e48076e31a6ac25dc39bf6e,d2fa3c20a,openproj_ui/src/com/projity/pm/graphic/spreadsheet/editor/DateEditor.java,42b3fda39ecfa63c3cbf143fb9a5417731a2a5edb68ed15e6f8d7891c97a8f97,0530be227f4a10c5545cce8d3db20ac5a4d76a66,REVIEW_REQUIRED,Unknown,false,REVIEW_REQUIRED,REVIEW_REQUIRED,REVIEW,OpenProj path exists but content differs; perform hunk-level comparison,
modules/microproject_ui/src/main/java/com/microproject/pm/graphic/spreadsheet/editor/EditorSelectionSupport.java,microproject_ui,java,HEAD,f24599cc4eea56b0bfb43eb84e2a54bde3c5453295066663b22ba04aa4a243b1,d2fa3c20a,,,0530be227f4a10c5545cce8d3db20ac5a4d76a66,REVIEW_REQUIRED,Unknown,false,REVIEW_REQUIRED,REVIEW_REQUIRED,REVIEW,no path match in OpenProj baseline; classify origin manually,
modules/microproject_ui/src/main/java/com/microproject/pm/graphic/spreadsheet/editor/ImeTextInputSupport.java,microproject_ui,java,HEAD,2d859c6e0482a63fa970853d1eccbd1702d1b6d31e400a504580f3c3f40199d0,d2fa3c20a,,,0530be227f4a10c5545cce8d3db20ac5a4d76a66,REVIEW_REQUIRED,Unknown,false,REVIEW_REQUIRED,REVIEW_REQUIRED,REVIEW,no path match in OpenProj baseline; classify origin manually,
modules/microproject_ui/src/main/java/com/microproject/pm/graphic/spreadsheet/editor/KeyboardFocusSpinner.java,microproject_ui,java,HEAD,5b1fc90c941a4a175b5f8bfc361efe011c2cfb8a2868b2215b35d2ab6ea18733,d2fa3c20a,openproj_ui/src/com/projity/pm/graphic/spreadsheet/editor/KeyboardFocusSpinner.java,2ac3b752f07ce5dc3910c53a17a3cd8c1f6c3410779e93428dd5ee1a0c2b3cca,0530be227f4a10c5545cce8d3db20ac5a4d76a66,REVIEW_REQUIRED,Unknown,false,REVIEW_REQUIRED,REVIEW_REQUIRED,REVIEW,OpenProj path exists but content differs; perform hunk-level comparison,
modules/microproject_ui/src/main/java/com/microproject/pm/graphic/spreadsheet/editor/KeyboardFocusable.java,microproject_ui,java,HEAD,63df45a9eed67698686427a52bcc3257d0a42723d5821e4849c0776ac772336f,d2fa3c20a,openproj_ui/src/com/projity/pm/graphic/spreadsheet/editor/KeyboardFocusable.java,8cab30654776db440e7d9de275648519c97b2da93776525b90790ddad2b7eb03,0530be227f4a10c5545cce8d3db20ac5a4d76a66,REVIEW_REQUIRED,Unknown,true,REVIEW_REQUIRED,REVIEW_REQUIRED,KEEP_OPENPROJ,normalized content matches OpenProj baseline,
modules/microproject_ui/src/main/java/com/microproject/pm/graphic/spreadsheet/editor/MoneyEditor.java,microproject_ui,java,HEAD,4b7c08592aebe57193a2ebe29d8afb4e76f617d473f87c087c906741b7db6617,d2fa3c20a,openproj_ui/src/com/projity/pm/graphic/spreadsheet/editor/MoneyEditor.java,96b82f7b74a699b7f766f78c106adaf1c549966fe4243186d2eafcb3997ed157,0530be227f4a10c5545cce8d3db20ac5a4d76a66,REVIEW_REQUIRED,Unknown,false,REVIEW_REQUIRED,REVIEW_REQUIRED,REVIEW,OpenProj path exists but content differs; perform hunk-level comparison,
modules/microproject_ui/src/main/java/com/microproject/pm/graphic/spreadsheet/editor/PercentEditor.java,microproject_ui,java,HEAD,4d146b9cdd320c0f643e2295b4f22a977fb9cfb679e53e284bb528e974800153,d2fa3c20a,,,0530be227f4a10c5545cce8d3db20ac5a4d76a66,REVIEW_REQUIRED,Unknown,false,REVIEW_REQUIRED,REVIEW_REQUIRED,REVIEW,no path match in OpenProj baseline; classify origin manually,
modules/microproject_ui/src/main/java/com/microproject/pm/graphic/spreadsheet/editor/RateEditor.java,microproject_ui,java,HEAD,c11915a86df86abe4e06e1510e8b150058dfef59bf522b825faac03009f2b055,d2fa3c20a,openproj_ui/src/com/projity/pm/graphic/spreadsheet/editor/RateEditor.java,f6be82e5fa13cce17a8b7726bef2fd372ef7c4b8e6699298abcf575d94c69c26,0530be227f4a10c5545cce8d3db20ac5a4d76a66,REVIEW_REQUIRED,Unknown,false,REVIEW_REQUIRED,REVIEW_REQUIRED,REVIEW,OpenProj path exists but content differs; perform hunk-level comparison,
modules/microproject_ui/src/main/java/com/microproject/pm/graphic/spreadsheet/editor/SimpleComboBoxEditor.java,microproject_ui,java,HEAD,9df3300a8f99844b9ae0646941d6373f9c48469f81f664ff085766679dcd5d99,d2fa3c20a,openproj_ui/src/com/projity/pm/graphic/spreadsheet/editor/SimpleComboBoxEditor.java,571232348d8886addda27ce7f6001151fff95b67eded474494e0f51bd6590f50,0530be227f4a10c5545cce8d3db20ac5a4d76a66,REVIEW_REQUIRED,Unknown,false,REVIEW_REQUIRED,REVIEW_REQUIRED,REVIEW,OpenProj path exists but content differs; perform hunk-level comparison,
modules/microproject_ui/src/main/java/com/microproject/pm/graphic/spreadsheet/editor/SimpleEditor.java,microproject_ui,java,HEAD,fc9871aad15be71cc37c8e3b6cbed70185fe4e47ed792a4100ff98fcb54b3ec7,d2fa3c20a,openproj_ui/src/com/projity/pm/graphic/spreadsheet/editor/SimpleEditor.java,5c8001ca25e8b0ae56a73e52f6c12a07e6c4f776fea696cb12e96a51e10dc139,0530be227f4a10c5545cce8d3db20ac5a4d76a66,REVIEW_REQUIRED,Unknown,false,REVIEW_REQUIRED,REVIEW_REQUIRED,REVIEW,OpenProj path exists but content differs; perform hunk-level comparison,
modules/microproject_ui/src/main/java/com/microproject/pm/graphic/spreadsheet/editor/SpinEditor.java,microproject_ui,java,HEAD,9cfe0d0c74b9e0f00181b00b3f388260f27c2a0d8449fbb111945b148afa1f02,d2fa3c20a,openproj_ui/src/com/projity/pm/graphic/spreadsheet/editor/SpinEditor.java,3a8c587cb655d223426d2117dc312d2f61fe36475433670cc768925e9b3a461a,0530be227f4a10c5545cce8d3db20ac5a4d76a66,REVIEW_REQUIRED,Unknown,false,REVIEW_REQUIRED,REVIEW_REQUIRED,REVIEW,OpenProj path exists but content differs; perform hunk-level comparison,
modules/microproject_ui/src/main/java/com/microproject/pm/graphic/spreadsheet/editor/SpreadSheetCellEditorAdapter.java,microproject_ui,java,HEAD,c74e76c6115f43d68f7470bd944d26fcc1abe76e9fb289a2a7353ffadcb41c44,d2fa3c20a,openproj_ui/src/com/projity/pm/graphic/spreadsheet/editor/SpreadSheetCellEditorAdapter.java,95182cb0c7779436b1ed2b5e0da2cac29844b49eddbf438005db010d41d42fad,0530be227f4a10c5545cce8d3db20ac5a4d76a66,REVIEW_REQUIRED,Unknown,false,REVIEW_REQUIRED,REVIEW_REQUIRED,REVIEW,OpenProj path exists but content differs; perform hunk-level comparison,
modules/microproject_ui/src/main/java/com/microproject/pm/graphic/spreadsheet/editor/SpreadSheetNameCellEditor.java,microproject_ui,java,HEAD,eaeb1f555360b0661d0f5f0746cd83c44d7f91c4f2a8959da66196b6c31c8409,d2fa3c20a,openproj_ui/src/com/projity/pm/graphic/spreadsheet/editor/SpreadSheetNameCellEditor.java,4a234ec8cc4803e0d4534aa838d0c3af6733ab14c8ccb4bde723257cfccb2c30,0530be227f4a10c5545cce8d3db20ac5a4d76a66,REVIEW_REQUIRED,Unknown,false,REVIEW_REQUIRED,REVIEW_REQUIRED,REVIEW,OpenProj path exists but content differs; perform hunk-level comparison,
modules/microproject_ui/src/main/java/com/microproject/pm/graphic/spreadsheet/editor/TimeSimpleEditor.java,microproject_ui,java,HEAD,ba1710290176f5ce0bc4187cc7511645a6a838633c563471de7e5462baf96403,d2fa3c20a,openproj_ui/src/com/projity/pm/graphic/spreadsheet/editor/TimeSimpleEditor.java,ff6ec11c6e79cb9f31a1e32d13b7cc8d7fd89ced343e0a789960649fa6fa5c22,0530be227f4a10c5545cce8d3db20ac5a4d76a66,REVIEW_REQUIRED,Unknown,false,REVIEW_REQUIRED,REVIEW_REQUIRED,REVIEW,OpenProj path exists but content differs; perform hunk-level comparison,
modules/microproject_ui/src/main/java/com/microproject/pm/graphic/spreadsheet/renderer/CellUtility.java,microproject_ui,java,HEAD,71f4191a2158a3c20b1ed22c2bc1dbd006cce412b4953cc257f5d2ba67d57a8b,d2fa3c20a,openproj_ui/src/com/projity/pm/graphic/spreadsheet/renderer/CellUtility.java,4fe433b289a2551283b68848c852b73fa10d47620c33a6111596f9d2e9ef7193,0530be227f4a10c5545cce8d3db20ac5a4d76a66,REVIEW_REQUIRED,Unknown,false,REVIEW_REQUIRED,REVIEW_REQUIRED,REVIEW,OpenProj path exists but content differs; perform hunk-level comparison,
modules/microproject_ui/src/main/java/com/microproject/pm/graphic/spreadsheet/renderer/DateRenderer.java,microproject_ui,java,HEAD,7dce865a378fa4aa68bcee317630d58282bdc287eaaafb620c100a923911ec41,d2fa3c20a,openproj_ui/src/com/projity/pm/graphic/spreadsheet/renderer/DateRenderer.java,9fa8f399c7a9a3334e4e103c46df3f5ee89dd79415607d9bc979b6f8fbe1fce6,0530be227f4a10c5545cce8d3db20ac5a4d76a66,REVIEW_REQUIRED,Unknown,false,REVIEW_REQUIRED,REVIEW_REQUIRED,REVIEW,OpenProj path exists but content differs; perform hunk-level comparison,
modules/microproject_ui/src/main/java/com/microproject/pm/graphic/spreadsheet/renderer/FontManager.java,microproject_ui,java,HEAD,33159bf516c6d7f65fd3d3178dcc2d26ea4550ea8634e67ee01b7d84148f50f2,d2fa3c20a,openproj_ui/src/com/projity/pm/graphic/spreadsheet/renderer/FontManager.java,929df4e1cac4717a146f9fb64d2d8b3b9302461b1c2b0aba3bc0c604c3638036,0530be227f4a10c5545cce8d3db20ac5a4d76a66,REVIEW_REQUIRED,Unknown,false,REVIEW_REQUIRED,REVIEW_REQUIRED,REVIEW,OpenProj path exists but content differs; perform hunk-level comparison,
modules/microproject_ui/src/main/java/com/microproject/pm/graphic/spreadsheet/renderer/IndicatorsComponent.java,microproject_ui,java,HEAD,65ba6595c1dd68c10bb4eb901518e419c6c37bec51b7c45b5334b0b459cc4356,d2fa3c20a,openproj_ui/src/com/projity/pm/graphic/spreadsheet/renderer/IndicatorsComponent.java,130ad24657c0f786ee05d8b6b697c215959e87cde9e78d97ded6cc24eb71b0e3,0530be227f4a10c5545cce8d3db20ac5a4d76a66,REVIEW_REQUIRED,Unknown,false,REVIEW_REQUIRED,REVIEW_REQUIRED,REVIEW,OpenProj path exists but content differs; perform hunk-level comparison,
modules/microproject_ui/src/main/java/com/microproject/pm/graphic/spreadsheet/renderer/IndicatorsRenderer.java,microproject_ui,java,HEAD,35a5d8db6f2d0cea3233b89d624d9b7c34c1c80f412106d6124404f0b9ba5394,d2fa3c20a,openproj_ui/src/com/projity/pm/graphic/spreadsheet/renderer/IndicatorsRenderer.java,3ecf777de7ce4e30b56ae128126d35ed462bfd136bce04a901db44f7e9beb883,0530be227f4a10c5545cce8d3db20ac5a4d76a66,REVIEW_REQUIRED,Unknown,false,REVIEW_REQUIRED,REVIEW_REQUIRED,REVIEW,OpenProj path exists but content differs; perform hunk-level comparison,
modules/microproject_ui/src/main/java/com/microproject/pm/graphic/spreadsheet/renderer/LookupRenderer.java,microproject_ui,java,HEAD,08483c081ce41d612df83d9cc7c3d5dacd8acd0561c7699a0ab98e2e427d00ce,d2fa3c20a,openproj_ui/src/com/projity/pm/graphic/spreadsheet/renderer/LookupRenderer.java,5367a2abe72fe7c7c5671367244bdff2b6132610ebf5513ee518cea8e6897473,0530be227f4a10c5545cce8d3db20ac5a4d76a66,REVIEW_REQUIRED,Unknown,false,REVIEW_REQUIRED,REVIEW_REQUIRED,REVIEW,OpenProj path exists but content differs; perform hunk-level comparison,
modules/microproject_ui/src/main/java/com/microproject/pm/graphic/spreadsheet/renderer/NameCellComponent.java,microproject_ui,java,HEAD,4d038bbf1895f53571c2c5330c827de2d7cc13996ba5b7c1b481340e02ecaf7b,d2fa3c20a,openproj_ui/src/com/projity/pm/graphic/spreadsheet/renderer/NameCellComponent.java,7c92ab21be9264928d6aaa7f9161d71357bb9b1d1d47a358f28dbd523587494e,0530be227f4a10c5545cce8d3db20ac5a4d76a66,REVIEW_REQUIRED,Unknown,false,REVIEW_REQUIRED,REVIEW_REQUIRED,REVIEW,OpenProj path exists but content differs; perform hunk-level comparison,
modules/microproject_ui/src/main/java/com/microproject/pm/graphic/spreadsheet/renderer/OfflineCapableBooleanRenderer.java,microproject_ui,java,HEAD,18cb039c79c13dbaf2c9cce43bddfb1006d1294a98170b28373c459097b51ac3,d2fa3c20a,openproj_ui/src/com/projity/pm/graphic/spreadsheet/renderer/OfflineCapableBooleanRenderer.java,bb390d4b0a9f3570bfb75b76eb5228feb1264dd02d6bf35fd7253bc763e98d07,0530be227f4a10c5545cce8d3db20ac5a4d76a66,REVIEW_REQUIRED,Unknown,false,REVIEW_REQUIRED,REVIEW_REQUIRED,REVIEW,OpenProj path exists but content differs; perform hunk-level comparison,
modules/microproject_ui/src/main/java/com/microproject/pm/graphic/spreadsheet/renderer/OfflineRenderer.java,microproject_ui,java,HEAD,3ed9f35ceceebcaadfc30ea0700a53644956dad4fdc36c2d751db75e45dec7ff,d2fa3c20a,openproj_ui/src/com/projity/pm/graphic/spreadsheet/renderer/OfflineRenderer.java,e526eda5795519c2350daff8b187982d7bf731fe0dbb67b2ee0f28f503a04b0b,0530be227f4a10c5545cce8d3db20ac5a4d76a66,REVIEW_REQUIRED,Unknown,false,REVIEW_REQUIRED,REVIEW_REQUIRED,REVIEW,OpenProj path exists but content differs; perform hunk-level comparison,
modules/microproject_ui/src/main/java/com/microproject/pm/graphic/spreadsheet/renderer/PercentRenderer.java,microproject_ui,java,HEAD,42d07ee09240c495a8d8f1f263a5d95c3f728449c24e578e8eb0959ac8a6081a,d2fa3c20a,openproj_ui/src/com/projity/pm/graphic/spreadsheet/renderer/PercentRenderer.java,e404bbb0aaca462432a4368eb9d7c86ddf04e2b4d8ff5f991f932b1920efb29b,0530be227f4a10c5545cce8d3db20ac5a4d76a66,REVIEW_REQUIRED,Unknown,false,REVIEW_REQUIRED,REVIEW_REQUIRED,REVIEW,OpenProj path exists but content differs; perform hunk-level comparison,
modules/microproject_ui/src/main/java/com/microproject/pm/graphic/spreadsheet/renderer/RateRenderer.java,microproject_ui,java,HEAD,9bdd73ac27d802706a637c91342490c7fb97f2f8e4abb4a971854fc3e2bcb3fc,d2fa3c20a,openproj_ui/src/com/projity/pm/graphic/spreadsheet/renderer/RateRenderer.java,2e8b8338db5e36243f22d66b5729de747168de37f1fe49e457a3ba2c724bda85,0530be227f4a10c5545cce8d3db20ac5a4d76a66,REVIEW_REQUIRED,Unknown,false,REVIEW_REQUIRED,REVIEW_REQUIRED,REVIEW,OpenProj path exists but content differs; perform hunk-level comparison,
modules/microproject_ui/src/main/java/com/microproject/pm/graphic/spreadsheet/renderer/ResourceIndicatorsComponent.java,microproject_ui,java,HEAD,b8cfb2025c54b2056589e96972b5fb9ec9280c7663d7e540e133ceeb41566fbf,d2fa3c20a,openproj_ui/src/com/projity/pm/graphic/spreadsheet/renderer/ResourceIndicatorsComponent.java,761642112abbc12e4e6e2696e80e5720380f7d68641e8e8a9365a16c41047ebd,0530be227f4a10c5545cce8d3db20ac5a4d76a66,REVIEW_REQUIRED,Unknown,false,REVIEW_REQUIRED,REVIEW_REQUIRED,REVIEW,OpenProj path exists but content differs; perform hunk-level comparison,
modules/microproject_ui/src/main/java/com/microproject/pm/graphic/spreadsheet/renderer/SimpleRenderer.java,microproject_ui,java,HEAD,c5919e48c1f54650f9a524cac0fdfdfec7269e0a17cf87c9c6d15f0f9a209126,d2fa3c20a,openproj_ui/src/com/projity/pm/graphic/spreadsheet/renderer/SimpleRenderer.java,7b4cc9cb5ad13e12ace24c38817263b419a19c892768b7c56f6df99e1984c1cd,0530be227f4a10c5545cce8d3db20ac5a4d76a66,REVIEW_REQUIRED,Unknown,false,REVIEW_REQUIRED,REVIEW_REQUIRED,REVIEW,OpenProj path exists but content differs; perform hunk-level comparison,
modules/microproject_ui/src/main/java/com/microproject/pm/graphic/spreadsheet/renderer/SpreadSheetCellRendererAdapter.java,microproject_ui,java,HEAD,2f8d3d6ad882622301bb46009765a4703e37fc14fe51221eac7f62bf111b99f8,d2fa3c20a,openproj_ui/src/com/projity/pm/graphic/spreadsheet/renderer/SpreadSheetCellRendererAdapter.java,adb0ed82d5e643a255798b44e971c47f65c1b2ff09251eca5f56f87af415090c,0530be227f4a10c5545cce8d3db20ac5a4d76a66,REVIEW_REQUIRED,Unknown,false,REVIEW_REQUIRED,REVIEW_REQUIRED,REVIEW,OpenProj path exists but content differs; perform hunk-level comparison,
modules/microproject_ui/src/main/java/com/microproject/pm/graphic/spreadsheet/renderer/SpreadSheetColumnHeaderRenderer.java,microproject_ui,java,HEAD,9814c23246ec4a1d647555a3bb2f263235954d93796abf09f492fdc2a59e2172,d2fa3c20a,openproj_ui/src/com/projity/pm/graphic/spreadsheet/renderer/SpreadSheetColumnHeaderRenderer.java,6b34922980a0e5a8c736ddb92c0f5a99f82d7964a3c807db716501ee72050fe6,0530be227f4a10c5545cce8d3db20ac5a4d76a66,REVIEW_REQUIRED,Unknown,false,REVIEW_REQUIRED,REVIEW_REQUIRED,REVIEW,OpenProj path exists but content differs; perform hunk-level comparison,
modules/microproject_ui/src/main/java/com/microproject/pm/graphic/spreadsheet/renderer/SpreadSheetNameCellRenderer.java,microproject_ui,java,HEAD,9a3ff6ccdd3ef3b614bb66ab22f789e7d7b0a64642abfc879b0bbe688366f6d3,d2fa3c20a,openproj_ui/src/com/projity/pm/graphic/spreadsheet/renderer/SpreadSheetNameCellRenderer.java,50c1e4e838002453cda5f5284f2c03c7967f799f4d19813fe2cd9641c24e55bd,0530be227f4a10c5545cce8d3db20ac5a4d76a66,REVIEW_REQUIRED,Unknown,false,REVIEW_REQUIRED,REVIEW_REQUIRED,REVIEW,OpenProj path exists but content differs; perform hunk-level comparison,
modules/microproject_ui/src/main/java/com/microproject/pm/graphic/spreadsheet/renderer/SpreadSheetRowHeaderRenderer.java,microproject_ui,java,HEAD,784d91bba2e6d69960a33f0480d87df4d8ac68fd7ee4593ca42fb94f180e0770,d2fa3c20a,openproj_ui/src/com/projity/pm/graphic/spreadsheet/renderer/SpreadSheetRowHeaderRenderer.java,9626599c276bf2d97ed0b39ca000e2952e8a0d262e13ad889565ba50cb7dd47c,0530be227f4a10c5545cce8d3db20ac5a4d76a66,REVIEW_REQUIRED,Unknown,false,REVIEW_REQUIRED,REVIEW_REQUIRED,REVIEW,OpenProj path exists but content differs; perform hunk-level comparison,
modules/microproject_ui/src/main/java/com/microproject/pm/graphic/spreadsheet/renderer/SpreadsheetAppearanceSupport.java,microproject_ui,java,HEAD,00c39f39b5798a1130ef65b7f07b7f9e1e550767fd66c3174df4bfc588012970,d2fa3c20a,,,0530be227f4a10c5545cce8d3db20ac5a4d76a66,REVIEW_REQUIRED,Unknown,false,REVIEW_REQUIRED,REVIEW_REQUIRED,REVIEW,no path match in OpenProj baseline; classify origin manually,
modules/microproject_ui/src/main/java/com/microproject/pm/graphic/spreadsheet/renderer/TaskIndicatorsComponent.java,microproject_ui,java,HEAD,e02380532cb1bc0da6d393f00c7f20a5f8cc18d20685c070f0963927a9d3cb56,d2fa3c20a,openproj_ui/src/com/projity/pm/graphic/spreadsheet/renderer/TaskIndicatorsComponent.java,97e5213f3500dfbd58fe1d5c22a2653c2f0015264e1560f32fe1b63f55e3b0de,0530be227f4a10c5545cce8d3db20ac5a4d76a66,REVIEW_REQUIRED,Unknown,false,REVIEW_REQUIRED,REVIEW_REQUIRED,REVIEW,OpenProj path exists but content differs; perform hunk-level comparison,
modules/microproject_ui/src/main/java/com/microproject/pm/graphic/spreadsheet/renderer/TimeSpreadSheetRowHeaderRenderer.java,microproject_ui,java,HEAD,21453518d6d69395933cf88fc3c0053c532958af08d1d2f679d384b0473c8bbf,d2fa3c20a,openproj_ui/src/com/projity/pm/graphic/spreadsheet/renderer/TimeSpreadSheetRowHeaderRenderer.java,9927ee48e9f65b44976097e9027fa26b7a2119eb560e1c7d5d07e3faeee30205,0530be227f4a10c5545cce8d3db20ac5a4d76a66,REVIEW_REQUIRED,Unknown,false,REVIEW_REQUIRED,REVIEW_REQUIRED,REVIEW,OpenProj path exists but content differs; perform hunk-level comparison,
modules/microproject_ui/src/main/java/com/microproject/pm/graphic/spreadsheet/selection/SpreadSheetColumnsPopupMenu.java,microproject_ui,java,HEAD,6df4caca2221934d2e3bee784cfb945502df5b91f3a23f235d33f09c1d70053d,d2fa3c20a,openproj_ui/src/com/projity/pm/graphic/spreadsheet/selection/SpreadSheetColumnsPopupMenu.java,276f0ef087cc61d127e45a5e4c48b5797bd78f6b2c10f75f0fd7cc1591855163,0530be227f4a10c5545cce8d3db20ac5a4d76a66,REVIEW_REQUIRED,Unknown,false,REVIEW_REQUIRED,REVIEW_REQUIRED,REVIEW,OpenProj path exists but content differs; perform hunk-level comparison,
modules/microproject_ui/src/main/java/com/microproject/pm/graphic/spreadsheet/selection/SpreadSheetListSelectionModel.java,microproject_ui,java,HEAD,33c5f038712041cd7b21c32b3abee70e9a82021d59cc086e74a332cef36af6b4,d2fa3c20a,openproj_ui/src/com/projity/pm/graphic/spreadsheet/selection/SpreadSheetListSelectionModel.java,3466ed162b0cd752c918c54f50e475fcfab2c9cafb2a2e819ff5c0915c9da2ff,0530be227f4a10c5545cce8d3db20ac5a4d76a66,REVIEW_REQUIRED,Unknown,true,REVIEW_REQUIRED,REVIEW_REQUIRED,KEEP_OPENPROJ,normalized content matches OpenProj baseline,
modules/microproject_ui/src/main/java/com/microproject/pm/graphic/spreadsheet/selection/SpreadSheetSelectionModel.java,microproject_ui,java,HEAD,82bed9caac5bb7a04ebb304638af8918ad713de112640d39a05efc2e54e3c4ad,d2fa3c20a,openproj_ui/src/com/projity/pm/graphic/spreadsheet/selection/SpreadSheetSelectionModel.java,9146b203c6a4faa9cb14d8edc7ce1c773022f415183dd04e5657b75caa786fec,0530be227f4a10c5545cce8d3db20ac5a4d76a66,REVIEW_REQUIRED,Unknown,false,REVIEW_REQUIRED,REVIEW_REQUIRED,REVIEW,OpenProj path exists but content differs; perform hunk-level comparison,
modules/microproject_ui/src/main/java/com/microproject/pm/graphic/spreadsheet/selection/TimeSpreadSheetColumnsPopupMenu.java,microproject_ui,java,HEAD,f921ad7496bb4346b6f34c93888a23f274759c81efa098ac68e9765a9d2e89c1,d2fa3c20a,openproj_ui/src/com/projity/pm/graphic/spreadsheet/selection/TimeSpreadSheetColumnsPopupMenu.java,5c711332ac249f4e59e465e10d1ab78b2f39412ed5a71b7690320c84d76d360f,0530be227f4a10c5545cce8d3db20ac5a4d76a66,REVIEW_REQUIRED,Unknown,false,REVIEW_REQUIRED,REVIEW_REQUIRED,REVIEW,OpenProj path exists but content differs; perform hunk-level comparison,
modules/microproject_ui/src/main/java/com/microproject/pm/graphic/spreadsheet/selection/event/HeaderMouseListener.java,microproject_ui,java,HEAD,a3a382b260437cd4f409c8e5f6d967efcfba26dc125402983fc36798f245409d,d2fa3c20a,openproj_ui/src/com/projity/pm/graphic/spreadsheet/selection/event/HeaderMouseListener.java,df820e4b6a233ae58646357583b631d6d1b0e46a9585a0b8a64cc6c1b31cc946,0530be227f4a10c5545cce8d3db20ac5a4d76a66,REVIEW_REQUIRED,Unknown,false,REVIEW_REQUIRED,REVIEW_REQUIRED,REVIEW,OpenProj path exists but content differs; perform hunk-level comparison,
modules/microproject_ui/src/main/java/com/microproject/pm/graphic/spreadsheet/selection/event/SelectionNodeEvent.java,microproject_ui,java,HEAD,6d687b4d987d6180da2d83f9d539847549e8788f998bef6c0c3c30ffaedbe92d,d2fa3c20a,openproj_ui/src/com/projity/pm/graphic/spreadsheet/selection/event/SelectionNodeEvent.java,2f277e535a4a7cf2945bb15fc0abe8269e789d2a19a6836ecd61375137d7b38e,0530be227f4a10c5545cce8d3db20ac5a4d76a66,REVIEW_REQUIRED,Unknown,false,REVIEW_REQUIRED,REVIEW_REQUIRED,REVIEW,OpenProj path exists but content differs; perform hunk-level comparison,
modules/microproject_ui/src/main/java/com/microproject/pm/graphic/spreadsheet/selection/event/SelectionNodeListener.java,microproject_ui,java,HEAD,d9c3b1596c630f86645106f9c395204029c97b8b88a56694974edd45d90214ef,d2fa3c20a,openproj_ui/src/com/projity/pm/graphic/spreadsheet/selection/event/SelectionNodeListener.java,1f6b61e41a0dcac423b9bc88eddb62129e1900b3c700ab08f4434b965ccd5c23,0530be227f4a10c5545cce8d3db20ac5a4d76a66,REVIEW_REQUIRED,Unknown,true,REVIEW_REQUIRED,REVIEW_REQUIRED,KEEP_OPENPROJ,normalized content matches OpenProj baseline,
modules/microproject_ui/src/main/java/com/microproject/pm/graphic/spreadsheet/selection/event/SpreadSheetNodeSelectionListener.java,microproject_ui,java,HEAD,79db4b80f9b8c48aa118d1508c6c76c4b1de051fff6e15a1b0b8b83dc6d8a1f4,d2fa3c20a,openproj_ui/src/com/projity/pm/graphic/spreadsheet/selection/event/SpreadSheetNodeSelectionListener.java,8927f142c1b2bd26ffb048f522b628e5de72e996e686b88ad3ab3258dc1cbb43,0530be227f4a10c5545cce8d3db20ac5a4d76a66,REVIEW_REQUIRED,Unknown,false,REVIEW_REQUIRED,REVIEW_REQUIRED,REVIEW,OpenProj path exists but content differs; perform hunk-level comparison,
modules/microproject_ui/src/main/java/com/microproject/pm/graphic/spreadsheet/time/FieldArrayEvent.java,microproject_ui,java,HEAD,728ba3f5051f607f52464ca7a8879d34e87dbf943c5fc85fbc06db9ebaaa0b27,d2fa3c20a,openproj_ui/src/com/projity/pm/graphic/spreadsheet/time/FieldArrayEvent.java,84407b8b5042cd8cbe064873312ae5452aa9b2424fa05daf13b43a201f9fe11f,0530be227f4a10c5545cce8d3db20ac5a4d76a66,REVIEW_REQUIRED,Unknown,false,REVIEW_REQUIRED,REVIEW_REQUIRED,REVIEW,OpenProj path exists but content differs; perform hunk-level comparison,
modules/microproject_ui/src/main/java/com/microproject/pm/graphic/spreadsheet/time/FieldArrayListener.java,microproject_ui,java,HEAD,5e36f87dcc8689d959e4579c45c0fa42c0af9d0947ae82b6a5d82c8541f1c235,d2fa3c20a,openproj_ui/src/com/projity/pm/graphic/spreadsheet/time/FieldArrayListener.java,01f4a370d9278a024408acb48dd4e9e1e2cad81d36577e5c1c75686a21e64284,0530be227f4a10c5545cce8d3db20ac5a4d76a66,REVIEW_REQUIRED,Unknown,true,REVIEW_REQUIRED,REVIEW_REQUIRED,KEEP_OPENPROJ,normalized content matches OpenProj baseline,
modules/microproject_ui/src/main/java/com/microproject/pm/graphic/spreadsheet/time/TimeSpreadSheet.java,microproject_ui,java,HEAD,a6be05f971bf6be3e2c9070b8bbb0d5f53f90d403276c69c5760c8bc418c99e1,d2fa3c20a,openproj_ui/src/com/projity/pm/graphic/spreadsheet/time/TimeSpreadSheet.java,fddad06cec064140cdaed6d0a4a14d441d1f027d3a1aba0efebadf79af555796,0530be227f4a10c5545cce8d3db20ac5a4d76a66,REVIEW_REQUIRED,Unknown,false,REVIEW_REQUIRED,REVIEW_REQUIRED,REVIEW,OpenProj path exists but content differs; perform hunk-level comparison,
modules/microproject_ui/src/main/java/com/microproject/pm/graphic/spreadsheet/time/TimeSpreadSheetColumnModel.java,microproject_ui,java,HEAD,bb1889c4220c99423b71f623cbc66edcc19ba6d0118c90f0efdb7ec3ec7ee88f,d2fa3c20a,openproj_ui/src/com/projity/pm/graphic/spreadsheet/time/TimeSpreadSheetColumnModel.java,1b83a2e15447b3d6a2feab17d0d31be35c0ad038c940f0a541fa5b69138e7cf4,0530be227f4a10c5545cce8d3db20ac5a4d76a66,REVIEW_REQUIRED,Unknown,true,REVIEW_REQUIRED,REVIEW_REQUIRED,KEEP_OPENPROJ,normalized content matches OpenProj baseline,
modules/microproject_ui/src/main/java/com/microproject/pm/graphic/spreadsheet/time/TimeSpreadSheetModel.java,microproject_ui,java,HEAD,b15df386b2910f48bc730baf9dca6ab2539d45004d0673f44cca16c4e2dda956,d2fa3c20a,openproj_ui/src/com/projity/pm/graphic/spreadsheet/time/TimeSpreadSheetModel.java,a7f2005e8c051c71eb6ab4a01e57abfdbb2f1d69e4516f18144c7632be6ee6d5,0530be227f4a10c5545cce8d3db20ac5a4d76a66,REVIEW_REQUIRED,Unknown,false,REVIEW_REQUIRED,REVIEW_REQUIRED,REVIEW,OpenProj path exists but content differs; perform hunk-level comparison,
modules/microproject_ui/src/main/java/com/microproject/pm/graphic/spreadsheet/time/TimeSpreadSheetRowHeaderColumnModel.java,microproject_ui,java,HEAD,806d6bbd9b30ee6605354e714d8c3e95ebca60595b39fe6d726e0f71ddc77b2b,d2fa3c20a,openproj_ui/src/com/projity/pm/graphic/spreadsheet/time/TimeSpreadSheetRowHeaderColumnModel.java,f0147ba22aedf092dc1cb0f897f1d969575f9c2277df59cf9ea627c1ed7e9338,0530be227f4a10c5545cce8d3db20ac5a4d76a66,REVIEW_REQUIRED,Unknown,true,REVIEW_REQUIRED,REVIEW_REQUIRED,KEEP_OPENPROJ,normalized content matches OpenProj baseline,
modules/microproject_ui/src/main/java/com/microproject/pm/graphic/swing/Util.java,microproject_ui,java,HEAD,875194c007acf0d3ffea8c6d96fea4f4571633c8410d200561c3bee6ef186d60,d2fa3c20a,openproj_ui/src/com/projity/pm/graphic/swing/Util.java,55afba56e72e6e96a6f53c42a471924c09376a48f983e16c59c83cc6b0a052f3,0530be227f4a10c5545cce8d3db20ac5a4d76a66,REVIEW_REQUIRED,Unknown,true,REVIEW_REQUIRED,REVIEW_REQUIRED,KEEP_OPENPROJ,normalized content matches OpenProj baseline,
modules/microproject_ui/src/main/java/com/microproject/pm/graphic/timescale/CoordinatesConverter.java,microproject_ui,java,HEAD,cfd0c42fcc6624d40b4a2695b4a92a6fc5a474d06cec7a32042167467e748cc2,d2fa3c20a,openproj_ui/src/com/projity/pm/graphic/timescale/CoordinatesConverter.java,777107742f04c2e940c8d417ff08c183728de0de955012b30f156f073de98de2,0530be227f4a10c5545cce8d3db20ac5a4d76a66,REVIEW_REQUIRED,Unknown,false,REVIEW_REQUIRED,REVIEW_REQUIRED,REVIEW,OpenProj path exists but content differs; perform hunk-level comparison,
modules/microproject_ui/src/main/java/com/microproject/pm/graphic/timescale/ScaledComponent.java,microproject_ui,java,HEAD,3788620002402b46b533baf15224b1f9a75f5bd2c081afde49e1c2cf6cb6b984,d2fa3c20a,openproj_ui/src/com/projity/pm/graphic/timescale/ScaledComponent.java,c68f8bbfaf687f5451865a5785ed92dd0067020d8362390f03891650160c24be,0530be227f4a10c5545cce8d3db20ac5a4d76a66,REVIEW_REQUIRED,Unknown,true,REVIEW_REQUIRED,REVIEW_REQUIRED,KEEP_OPENPROJ,normalized content matches OpenProj baseline,
modules/microproject_ui/src/main/java/com/microproject/pm/graphic/timescale/ScaledScrollPane.java,microproject_ui,java,HEAD,941234023748a94f446a8afed5b64c3156234ffb29ae3ea5728a8366522fd938,d2fa3c20a,openproj_ui/src/com/projity/pm/graphic/timescale/ScaledScrollPane.java,77a7e98409ac3ede4c8bb926198caa3a0a90307f820bb34ceb74ee29658666fc,0530be227f4a10c5545cce8d3db20ac5a4d76a66,REVIEW_REQUIRED,Unknown,false,REVIEW_REQUIRED,REVIEW_REQUIRED,REVIEW,OpenProj path exists but content differs; perform hunk-level comparison,
modules/microproject_ui/src/main/java/com/microproject/pm/graphic/timescale/TimeScaleComponent.java,microproject_ui,java,HEAD,d7bbf3adc55f02f5d36b74ebf2613b2cfddb578d941c4e9695c2f78224cd99be,d2fa3c20a,openproj_ui/src/com/projity/pm/graphic/timescale/TimeScaleComponent.java,315f05c9b744dab664459bb67ac7f29c113dd2bf1d075e1e6f6c0b2c6d56a592,0530be227f4a10c5545cce8d3db20ac5a4d76a66,REVIEW_REQUIRED,Unknown,false,REVIEW_REQUIRED,REVIEW_REQUIRED,REVIEW,OpenProj path exists but content differs; perform hunk-level comparison,
modules/microproject_ui/src/main/java/com/microproject/pm/graphic/views/BaseView.java,microproject_ui,java,HEAD,57e5ca328d87b28312b65c980ca5d1e7f264074acb0197ae60a737464b1f3869,d2fa3c20a,openproj_ui/src/com/projity/pm/graphic/views/BaseView.java,f3a9e60515cb3993b58039817a5ab9413824bec805e5bc15da62d86d87b33be0,0530be227f4a10c5545cce8d3db20ac5a4d76a66,REVIEW_REQUIRED,Unknown,false,REVIEW_REQUIRED,REVIEW_REQUIRED,REVIEW,OpenProj path exists but content differs; perform hunk-level comparison,
modules/microproject_ui/src/main/java/com/microproject/pm/graphic/views/ChartView.java,microproject_ui,java,HEAD,98dad843518f4879b605976b4c90818016f4b2de46e13f74af837d8600b76cf5,d2fa3c20a,openproj_ui/src/com/projity/pm/graphic/views/ChartView.java,e8113e6dc60bc415e5cf55e105447367682c7edbd6f991ef91f9524ff63d741e,0530be227f4a10c5545cce8d3db20ac5a4d76a66,REVIEW_REQUIRED,Unknown,false,REVIEW_REQUIRED,REVIEW_REQUIRED,REVIEW,OpenProj path exists but content differs; perform hunk-level comparison,
modules/microproject_ui/src/main/java/com/microproject/pm/graphic/views/CriticalChainBufferChartPanel.java,microproject_ui,java,HEAD,faec9b5824eddd6704368d3f58e0b7fc58d88ca51bf7ce62a368402ed4abfeb1,d2fa3c20a,,,0530be227f4a10c5545cce8d3db20ac5a4d76a66,REVIEW_REQUIRED,Unknown,false,REVIEW_REQUIRED,REVIEW_REQUIRED,REVIEW,no path match in OpenProj baseline; classify origin manually,
modules/microproject_ui/src/main/java/com/microproject/pm/graphic/views/CriticalChainGraphPanel.java,microproject_ui,java,HEAD,8a12eac3878abb404774de05e7c1e656200164cfe26d29429f3bbbd324274829,d2fa3c20a,,,0530be227f4a10c5545cce8d3db20ac5a4d76a66,REVIEW_REQUIRED,Unknown,false,REVIEW_REQUIRED,REVIEW_REQUIRED,REVIEW,no path match in OpenProj baseline; classify origin manually,
modules/microproject_ui/src/main/java/com/microproject/pm/graphic/views/CriticalChainGraphScene.java,microproject_ui,java,HEAD,bc15b774e3ff04ff425e02389f2daaf2e8f4593662dcd3dbd0f69366336b101c,d2fa3c20a,,,0530be227f4a10c5545cce8d3db20ac5a4d76a66,REVIEW_REQUIRED,Unknown,false,REVIEW_REQUIRED,REVIEW_REQUIRED,REVIEW,no path match in OpenProj baseline; classify origin manually,
modules/microproject_ui/src/main/java/com/microproject/pm/graphic/views/DockableProjectToolView.java,microproject_ui,java,HEAD,34866f945e6c3b4c05b3ec3b27bac067f9aa01d5a13a623807341fe61aa774ac,d2fa3c20a,,,0530be227f4a10c5545cce8d3db20ac5a4d76a66,REVIEW_REQUIRED,Unknown,false,REVIEW_REQUIRED,REVIEW_REQUIRED,REVIEW,no path match in OpenProj baseline; classify origin manually,
modules/microproject_ui/src/main/java/com/microproject/pm/graphic/views/GanttView.java,microproject_ui,java,HEAD,3e29096d945c169c899e54df098904802c2a6bfc8a3070848888a8eca15bc6fa,d2fa3c20a,openproj_ui/src/com/projity/pm/graphic/views/GanttView.java,1c3f379a9599afe19a3eeb3127cfbcf7ead4121b8894de8b1824f165cb82efcc,0530be227f4a10c5545cce8d3db20ac5a4d76a66,REVIEW_REQUIRED,Unknown,false,REVIEW_REQUIRED,REVIEW_REQUIRED,REVIEW,OpenProj path exists but content differs; perform hunk-level comparison,
modules/microproject_ui/src/main/java/com/microproject/pm/graphic/views/MainView.java,microproject_ui,java,HEAD,92738db9687798863865c6a2f2965b2a7083bb0047edc7b5e28239dcdec33fa4,d2fa3c20a,openproj_ui/src/com/projity/pm/graphic/views/MainView.java,4bc713e532da7dcd6e4327e69899db633a15f90394baed8baa62740708647bc0,0530be227f4a10c5545cce8d3db20ac5a4d76a66,REVIEW_REQUIRED,Unknown,false,REVIEW_REQUIRED,REVIEW_REQUIRED,REVIEW,OpenProj path exists but content differs; perform hunk-level comparison,
modules/microproject_ui/src/main/java/com/microproject/pm/graphic/views/PertView.java,microproject_ui,java,HEAD,0ff4ff5dde44d63faaedc09668173f5b388640f624a4007aaaab659ad8ea3713,d2fa3c20a,openproj_ui/src/com/projity/pm/graphic/views/PertView.java,40d9d599f1f45887f6c14566b229ccd62d6832ace8cb58da3a496633668b9ab5,0530be227f4a10c5545cce8d3db20ac5a4d76a66,REVIEW_REQUIRED,Unknown,false,REVIEW_REQUIRED,REVIEW_REQUIRED,REVIEW,OpenProj path exists but content differs; perform hunk-level comparison,
modules/microproject_ui/src/main/java/com/microproject/pm/graphic/views/ProjectView.java,microproject_ui,java,HEAD,9f943d4e8efdfec6cfddb433047ee85bca93e41472bde071758fc1d2a7dd1c05,d2fa3c20a,openproj_ui/src/com/projity/pm/graphic/views/ProjectView.java,067707e7d13ef02315bf3cb50a1577f59e9add9920e639965e50b4b2ba2cb9fd,0530be227f4a10c5545cce8d3db20ac5a4d76a66,REVIEW_REQUIRED,Unknown,false,REVIEW_REQUIRED,REVIEW_REQUIRED,REVIEW,OpenProj path exists but content differs; perform hunk-level comparison,
modules/microproject_ui/src/main/java/com/microproject/pm/graphic/views/ProjectsDialog.java,microproject_ui,java,HEAD,395866b1a1053abed3ebdce9929e25c82e300567cbbaf07cb9355def67ff06de,d2fa3c20a,openproj_ui/src/com/projity/pm/graphic/views/ProjectsDialog.java,b3714841f69316087ac31d8b981ff8f3e979168b359a00702580e119c7c5f32d,0530be227f4a10c5545cce8d3db20ac5a4d76a66,REVIEW_REQUIRED,Unknown,true,REVIEW_REQUIRED,REVIEW_REQUIRED,KEEP_OPENPROJ,normalized content matches OpenProj baseline,
modules/microproject_ui/src/main/java/com/microproject/pm/graphic/views/ResourceView.java,microproject_ui,java,HEAD,9beb4dae2746a1fefab5a2276567c29dbe77a4c9bdeb98202ea25d990c792ea6,d2fa3c20a,openproj_ui/src/com/projity/pm/graphic/views/ResourceView.java,96d7c2df86ef8da84bf1a72ad413f117e2a68851a695e658426f1bdd9be19d0f,0530be227f4a10c5545cce8d3db20ac5a4d76a66,REVIEW_REQUIRED,Unknown,false,REVIEW_REQUIRED,REVIEW_REQUIRED,REVIEW,OpenProj path exists but content differs; perform hunk-level comparison,
modules/microproject_ui/src/main/java/com/microproject/pm/graphic/views/SearchContext.java,microproject_ui,java,HEAD,b18491eb514372f7003d761210a4fc06c00c77f2b91b63cdf20c86b57f93340e,d2fa3c20a,openproj_ui/src/com/projity/pm/graphic/views/SearchContext.java,9da249bd36e0c18755a3b1c49999964d8ff32c4222e476e5248f1f927dc605c4,0530be227f4a10c5545cce8d3db20ac5a4d76a66,REVIEW_REQUIRED,Unknown,false,REVIEW_REQUIRED,REVIEW_REQUIRED,REVIEW,OpenProj path exists but content differs; perform hunk-level comparison,
modules/microproject_ui/src/main/java/com/microproject/pm/graphic/views/Searchable.java,microproject_ui,java,HEAD,e00a9dd0a4dafd71df019c40fa2b63dc620419a5513af8abd8d3167320878d28,d2fa3c20a,openproj_ui/src/com/projity/pm/graphic/views/Searchable.java,f2f7eb166ae8445e0192f2b56ce50932f5ab998b139944c1c5cab3188ef25d4f,0530be227f4a10c5545cce8d3db20ac5a4d76a66,REVIEW_REQUIRED,Unknown,true,REVIEW_REQUIRED,REVIEW_REQUIRED,KEEP_OPENPROJ,normalized content matches OpenProj baseline,
modules/microproject_ui/src/main/java/com/microproject/pm/graphic/views/SplittedView.java,microproject_ui,java,HEAD,64968e10d1aa05634eb118539be2f303a58d18aaa1d0668e3822acf8bc3858e4,d2fa3c20a,openproj_ui/src/com/projity/pm/graphic/views/SplittedView.java,2fe07e8f3e6507ff404e949bb5292d52dbb27b7167fcc334dd77ac1776130654,0530be227f4a10c5545cce8d3db20ac5a4d76a66,REVIEW_REQUIRED,Unknown,false,REVIEW_REQUIRED,REVIEW_REQUIRED,REVIEW,OpenProj path exists but content differs; perform hunk-level comparison,
modules/microproject_ui/src/main/java/com/microproject/pm/graphic/views/SpreadsheetViewSupport.java,microproject_ui,java,HEAD,ee28005933ce2f683997578ec4d507c90c0cdc112be793b9ee0ea51292aae00f,d2fa3c20a,,,0530be227f4a10c5545cce8d3db20ac5a4d76a66,REVIEW_REQUIRED,Unknown,false,REVIEW_REQUIRED,REVIEW_REQUIRED,REVIEW,no path match in OpenProj baseline; classify origin manually,
modules/microproject_ui/src/main/java/com/microproject/pm/graphic/views/TaskGanttSyncSupport.java,microproject_ui,java,HEAD,1a3d1122ceb3e8c28342ceff7377bc91ed458184172d65b5e41fa1965375060e,d2fa3c20a,,,0530be227f4a10c5545cce8d3db20ac5a4d76a66,REVIEW_REQUIRED,Unknown,false,REVIEW_REQUIRED,REVIEW_REQUIRED,REVIEW,no path match in OpenProj baseline; classify origin manually,
modules/microproject_ui/src/main/java/com/microproject/pm/graphic/views/TreeView.java,microproject_ui,java,HEAD,c2ad9b400a143d3375a9ed93817826ca05ba58265d3cf917e37052dd3154b90c,d2fa3c20a,openproj_ui/src/com/projity/pm/graphic/views/TreeView.java,18f3e19fced24b836de164ebf807cf4a55762d11d5800f69f702d1062c5030fd,0530be227f4a10c5545cce8d3db20ac5a4d76a66,REVIEW_REQUIRED,Unknown,false,REVIEW_REQUIRED,REVIEW_REQUIRED,REVIEW,OpenProj path exists but content differs; perform hunk-level comparison,
modules/microproject_ui/src/main/java/com/microproject/pm/graphic/views/UsageDetailView.java,microproject_ui,java,HEAD,33fa705eedc9a4033a27caa015fd7d53558c198a2be098264275a631f9a4a7e5,d2fa3c20a,openproj_ui/src/com/projity/pm/graphic/views/UsageDetailView.java,64b962883320fbb8e6391f76977186c07de6810585cd55dc114bc5afef9ee0af,0530be227f4a10c5545cce8d3db20ac5a4d76a66,REVIEW_REQUIRED,Unknown,false,REVIEW_REQUIRED,REVIEW_REQUIRED,REVIEW,OpenProj path exists but content differs; perform hunk-level comparison,
modules/microproject_ui/src/main/java/com/microproject/pm/graphic/views/synchro/ScrollPaneSynchronizer.java,microproject_ui,java,HEAD,5ac77cc3336bf0e9ac88f2089487ef2c90263c49d548cb4e636f4d5b465ea317,d2fa3c20a,openproj_ui/src/com/projity/pm/graphic/views/synchro/ScrollPaneSynchronizer.java,750149a6ba133464464749e1f3aab1aee6cf137de3c51d073904d7d0a8abd6ab,0530be227f4a10c5545cce8d3db20ac5a4d76a66,REVIEW_REQUIRED,Unknown,false,REVIEW_REQUIRED,REVIEW_REQUIRED,REVIEW,OpenProj path exists but content differs; perform hunk-level comparison,
modules/microproject_ui/src/main/java/com/microproject/pm/graphic/views/synchro/Synchronizer.java,microproject_ui,java,HEAD,4cd83811294cfb65f6a981778f9c16da037fcf92ba788a36375d3eae3c779deb,d2fa3c20a,openproj_ui/src/com/projity/pm/graphic/views/synchro/Synchronizer.java,0f24cf2095d2ea1ab7746cdebceb18477c3c70d8588367d749607ca3887f4766,0530be227f4a10c5545cce8d3db20ac5a4d76a66,REVIEW_REQUIRED,Unknown,false,REVIEW_REQUIRED,REVIEW_REQUIRED,REVIEW,OpenProj path exists but content differs; perform hunk-level comparison,
modules/microproject_ui/src/main/java/com/microproject/pm/graphic/xbs/Xbs.java,microproject_ui,java,HEAD,1780b5ab956e2fac3f00092efb6d7c4a0c78e65a2027b28f09f09b03e3688d00,d2fa3c20a,openproj_ui/src/com/projity/pm/graphic/xbs/Xbs.java,67ae8c52e0eef220e33ca5da12a8349cea66b22b856ffc2c1eaa7b59f6b91631,0530be227f4a10c5545cce8d3db20ac5a4d76a66,REVIEW_REQUIRED,Unknown,true,REVIEW_REQUIRED,REVIEW_REQUIRED,KEEP_OPENPROJ,normalized content matches OpenProj baseline,
modules/microproject_ui/src/main/java/com/microproject/pm/graphic/xbs/XbsInteractor.java,microproject_ui,java,HEAD,e0535bb543caf36042d364aebd0d2329d47de8c362d44fecdd965f2bfff167b3,d2fa3c20a,openproj_ui/src/com/projity/pm/graphic/xbs/XbsInteractor.java,56e4bfd5e76d473918621189185cbf57dbf404468e2a658f1724bb6fcd234bd6,0530be227f4a10c5545cce8d3db20ac5a4d76a66,REVIEW_REQUIRED,Unknown,false,REVIEW_REQUIRED,REVIEW_REQUIRED,REVIEW,OpenProj path exists but content differs; perform hunk-level comparison,
modules/microproject_ui/src/main/java/com/microproject/pm/graphic/xbs/XbsLayout.java,microproject_ui,java,HEAD,6c410dc678843e9288ff81b228980b69ce5abd3fee07ead48aba36276d048299,d2fa3c20a,openproj_ui/src/com/projity/pm/graphic/xbs/XbsLayout.java,c4fe9d91f6d8c0eccda81236b7ceeec8e403363899100868803632fbe84943be,0530be227f4a10c5545cce8d3db20ac5a4d76a66,REVIEW_REQUIRED,Unknown,false,REVIEW_REQUIRED,REVIEW_REQUIRED,REVIEW,OpenProj path exists but content differs; perform hunk-level comparison,
modules/microproject_ui/src/main/java/com/microproject/pm/graphic/xbs/XbsRenderer.java,microproject_ui,java,HEAD,f8f2cc1779f1b149a0cbe5b1dd3d2ff424edfb90bd563e358e8ef28defb0cc18,d2fa3c20a,openproj_ui/src/com/projity/pm/graphic/xbs/XbsRenderer.java,edfa587bae8f485e92c226da0e6cc2dc8db20efb0d708f82b7045480888799ee,0530be227f4a10c5545cce8d3db20ac5a4d76a66,REVIEW_REQUIRED,Unknown,false,REVIEW_REQUIRED,REVIEW_REQUIRED,REVIEW,OpenProj path exists but content differs; perform hunk-level comparison,
modules/microproject_ui/src/main/java/com/microproject/pm/graphic/xbs/XbsUI.java,microproject_ui,java,HEAD,4ee0358f7334e892116856ae1221e961c5753039b63d8581b30aa638f5909660,d2fa3c20a,openproj_ui/src/com/projity/pm/graphic/xbs/XbsUI.java,819ebcdae6caf7a6f8b5e5cf68ed3df5c6cf06801b3aa1a48bc6625655dfc419,0530be227f4a10c5545cce8d3db20ac5a4d76a66,REVIEW_REQUIRED,Unknown,true,REVIEW_REQUIRED,REVIEW_REQUIRED,KEEP_OPENPROJ,normalized content matches OpenProj baseline,
modules/microproject_ui/src/main/java/com/microproject/print/DocumentPrintable.java,microproject_ui,java,HEAD,c66f4ca0d10fa303b28b3f86d82dc7454b4c498f3ce872abf0eb06aa08da9e78,d2fa3c20a,openproj_ui/src/com/projity/print/DocumentPrintable.java,1370b58be9eda3f7f87b4c29338a41c00609a3db4bf483ccee9afa5e5f605a23,0530be227f4a10c5545cce8d3db20ac5a4d76a66,REVIEW_REQUIRED,Unknown,false,REVIEW_REQUIRED,REVIEW_REQUIRED,REVIEW,OpenProj path exists but content differs; perform hunk-level comparison,
modules/microproject_ui/src/main/java/com/microproject/print/ExtendedPrintService.java,microproject_ui,java,HEAD,8cc3338d5e7c13e502016be07e5f54f570b7752f334946d88b60843ccf5e43e0,d2fa3c20a,openproj_ui/src/com/projity/print/ExtendedPrintService.java,fa03c6880b00e3763046be14a88e823db253e87153c56c2f27093b988b5b5db1,0530be227f4a10c5545cce8d3db20ac5a4d76a66,REVIEW_REQUIRED,Unknown,true,REVIEW_REQUIRED,REVIEW_REQUIRED,KEEP_OPENPROJ,normalized content matches OpenProj baseline,
modules/microproject_ui/src/main/java/com/microproject/print/ExtendedPrintServiceFactory.java,microproject_ui,java,HEAD,64ab6457c1f5620a206af16276ec315ffe24b8f3a104549ee9b67306eac05d94,d2fa3c20a,openproj_ui/src/com/projity/print/ExtendedPrintServiceFactory.java,e291f6607c81fe2ac978a3e478102446d7029ec88e9b5fbac3fd9cd7480ea2bc,0530be227f4a10c5545cce8d3db20ac5a4d76a66,REVIEW_REQUIRED,Unknown,false,REVIEW_REQUIRED,REVIEW_REQUIRED,REVIEW,OpenProj path exists but content differs; perform hunk-level comparison,
modules/microproject_ui/src/main/java/com/microproject/print/FooterRenderer.java,microproject_ui,java,HEAD,aeee4e620cbc0778d83adbcb83c9cd3607b8c2b1bf9b03d67a045e0834fefc7f,d2fa3c20a,openproj_ui/src/com/projity/print/FooterRenderer.java,d105925c6349e0082a9320923bfb674e1578977899ce330f6e656f4646e97b15,0530be227f4a10c5545cce8d3db20ac5a4d76a66,REVIEW_REQUIRED,Unknown,false,REVIEW_REQUIRED,REVIEW_REQUIRED,REVIEW,OpenProj path exists but content differs; perform hunk-level comparison,
modules/microproject_ui/src/main/java/com/microproject/print/GraphPageable.java,microproject_ui,java,HEAD,f262b9f3b68ab8c7414d9c8da67ef0f9eaa6298c39669105344a4a35126d1ea2,d2fa3c20a,openproj_ui/src/com/projity/print/GraphPageable.java,b37e8b2d250177282605b282c0a142fd9a85ba9dd5d432dc2352e2a70b131168,0530be227f4a10c5545cce8d3db20ac5a4d76a66,REVIEW_REQUIRED,Unknown,false,REVIEW_REQUIRED,REVIEW_REQUIRED,REVIEW,OpenProj path exists but content differs; perform hunk-level comparison,
modules/microproject_ui/src/main/java/com/microproject/print/PageSetup.java,microproject_ui,java,HEAD,5d6e07f61e78010363fecb325dcce6140f792ea814c2fb26baa1f98f495962bb,d2fa3c20a,openproj_ui/src/com/projity/print/PageSetup.java,ddd85014fa66eca9ec389c30da02f8622112d0e4e73ca91917b06eb31a2c1588,0530be227f4a10c5545cce8d3db20ac5a4d76a66,REVIEW_REQUIRED,Unknown,false,REVIEW_REQUIRED,REVIEW_REQUIRED,REVIEW,OpenProj path exists but content differs; perform hunk-level comparison,
modules/microproject_ui/src/main/java/com/microproject/print/PageSizes.java,microproject_ui,java,HEAD,067243c8d1cf5f7fb46b341d8e90e367f56257f878ba30c896fe1fbafb1adf01,d2fa3c20a,openproj_ui/src/com/projity/print/PageSizes.java,b836cbed2d67cd594809271dcbd9ad5057734c2cba7298feffcdf13a36c16e03,0530be227f4a10c5545cce8d3db20ac5a4d76a66,REVIEW_REQUIRED,Unknown,false,REVIEW_REQUIRED,REVIEW_REQUIRED,REVIEW,OpenProj path exists but content differs; perform hunk-level comparison,
modules/microproject_ui/src/main/java/com/microproject/print/PrintDocument.java,microproject_ui,java,HEAD,df4f0bdeb65e5a6360ef320421b127a24d0a9e0d86cf309a7efb688dc3256eb7,d2fa3c20a,openproj_ui/src/com/projity/print/PrintDocument.java,0791356c778d6e030ce8f6640fdeef07b649af3a1f9280f8cc68f3527f802a95,0530be227f4a10c5545cce8d3db20ac5a4d76a66,REVIEW_REQUIRED,Unknown,false,REVIEW_REQUIRED,REVIEW_REQUIRED,REVIEW,OpenProj path exists but content differs; perform hunk-level comparison,
modules/microproject_ui/src/main/java/com/microproject/print/PrintDocumentFactory.java,microproject_ui,java,HEAD,d4d8b619ab477b573eeaa27377df8543ad6878eea68a6010c26234349d999782,d2fa3c20a,openproj_ui/src/com/projity/print/PrintDocumentFactory.java,00681383e423dadedff4d360d0c78cb9668d67fc14860d1674cedf5d0fe0a33a,0530be227f4a10c5545cce8d3db20ac5a4d76a66,REVIEW_REQUIRED,Unknown,false,REVIEW_REQUIRED,REVIEW_REQUIRED,REVIEW,OpenProj path exists but content differs; perform hunk-level comparison,
modules/microproject_ui/src/main/java/com/microproject/print/PrintPreviewFrame.java,microproject_ui,java,HEAD,4c33795b144533f1835f7f3eb344a493659960e1e24fde93ff2c33d310a2416c,d2fa3c20a,openproj_ui/src/com/projity/print/PrintPreviewFrame.java,5920b5e3fb3c1c57f07d367723705b48625ce585ef05e340dd60bebce26e70e5,0530be227f4a10c5545cce8d3db20ac5a4d76a66,REVIEW_REQUIRED,Unknown,false,REVIEW_REQUIRED,REVIEW_REQUIRED,REVIEW,OpenProj path exists but content differs; perform hunk-level comparison,
modules/microproject_ui/src/main/java/com/microproject/print/ProjectLibrePrintServiceImpl.java,microproject_ui,java,HEAD,4adaf97aaf9c0e3dd968962681b710ddc0b5d9f96d8f1bd13e1665a31e6be3ba,d2fa3c20a,,,0530be227f4a10c5545cce8d3db20ac5a4d76a66,REVIEW_REQUIRED,Unknown,false,REVIEW_REQUIRED,REVIEW_REQUIRED,REVIEW,no path match in OpenProj baseline; classify origin manually,
modules/microproject_ui/src/main/java/com/microproject/print/ViewPrintable.java,microproject_ui,java,HEAD,fd54ffac80d0743259509f89f68ed59438882304a5cd8d3245e4bbe5da3e641b,d2fa3c20a,openproj_ui/src/com/projity/print/ViewPrintable.java,c1d0d202702d2329f75c882bf4e5f4d8aace476bc7da7fde3c570daff4e51084,0530be227f4a10c5545cce8d3db20ac5a4d76a66,REVIEW_REQUIRED,Unknown,false,REVIEW_REQUIRED,REVIEW_REQUIRED,REVIEW,OpenProj path exists but content differs; perform hunk-level comparison,
modules/microproject_ui/src/main/java/com/microproject/print/ViewPrintableParams.java,microproject_ui,java,HEAD,4c32436696174f6b9e01f769e5d401085cefc0fb1d1ce7edcddc5d0cdc0015bb,d2fa3c20a,openproj_ui/src/com/projity/print/ViewPrintableParams.java,c416c597100863795e434a540a46f9f1e832d5dcc5acb3a9e4f69a6664c50576,0530be227f4a10c5545cce8d3db20ac5a4d76a66,REVIEW_REQUIRED,Unknown,false,REVIEW_REQUIRED,REVIEW_REQUIRED,REVIEW,OpenProj path exists but content differs; perform hunk-level comparison,
modules/microproject_ui/src/main/java/com/microproject/print/ViewPrintableParamsImpl.java,microproject_ui,java,HEAD,1b13a2bf0bbfdc0f2595923cd5199a281e049f12cab35fd60cdde7480fa5a886,d2fa3c20a,openproj_ui/src/com/projity/print/ViewPrintableParamsImpl.java,d1a67c1c7dae152e26a72225f0624b543e48c461ee43a764f2ec80913e206b44,0530be227f4a10c5545cce8d3db20ac5a4d76a66,REVIEW_REQUIRED,Unknown,true,REVIEW_REQUIRED,REVIEW_REQUIRED,KEEP_OPENPROJ,normalized content matches OpenProj baseline,
modules/microproject_ui/src/main/java/com/microproject/reports/view/ReportView.java,microproject_ui,java,HEAD,58710f2973749388dcea0aabfaf8f146a1f7dd880392c759207dc9686a091473,d2fa3c20a,openproj_ui/src/com/projity/reports/view/ReportView.java,4870afaf0787cf802241885adb03c90a19c46a5904f98074bd106f6a89816ef3,0530be227f4a10c5545cce8d3db20ac5a4d76a66,REVIEW_REQUIRED,ThirdParty:JasperReports,false,REVIEW_REQUIRED,REVIEW_REQUIRED,KEEP_THIRD_PARTY,third-party notice detected; verify upstream license,
modules/microproject_ui/src/main/java/com/microproject/toolbar/FilterToolBarManager.java,microproject_ui,java,HEAD,9b9aaa0136eac7655cd819eb0117577525bd957b8b71cfeb996bd84d8059aade,d2fa3c20a,openproj_ui/src/com/projity/toolbar/FilterToolBarManager.java,61aac50b6e139097b1b9c7f23e260e2037a4c7bfba418e50a852e85ae113fe69,0530be227f4a10c5545cce8d3db20ac5a4d76a66,REVIEW_REQUIRED,Unknown,false,REVIEW_REQUIRED,REVIEW_REQUIRED,REVIEW,OpenProj path exists but content differs; perform hunk-level comparison,
modules/microproject_ui/src/main/java/com/microproject/toolbar/TransformComboBox.java,microproject_ui,java,HEAD,3d2ee3e5b0a39aed914147febdb79f5bb0b5eb177bb74ecd5b8e6001f14387b4,d2fa3c20a,openproj_ui/src/com/projity/toolbar/TransformComboBox.java,eb432cf1878ced80e5cb6f6e1075146f45b0288c4f65c425cc0f65ddb1aaa801,0530be227f4a10c5545cce8d3db20ac5a4d76a66,REVIEW_REQUIRED,Unknown,false,REVIEW_REQUIRED,REVIEW_REQUIRED,REVIEW,OpenProj path exists but content differs; perform hunk-level comparison,
modules/microproject_ui/src/main/java/com/microproject/toolbar/TransformComboBoxModel.java,microproject_ui,java,HEAD,8efc9b05b161b69ca353e3397ac5df4badffa35459a95b5df2befd523d4f101c,d2fa3c20a,openproj_ui/src/com/projity/toolbar/TransformComboBoxModel.java,92ac50bd059932003dd466b5851de18819e961223b19080b802310bf70d923ee,0530be227f4a10c5545cce8d3db20ac5a4d76a66,REVIEW_REQUIRED,Unknown,false,REVIEW_REQUIRED,REVIEW_REQUIRED,REVIEW,OpenProj path exists but content differs; perform hunk-level comparison,
modules/microproject_ui/src/main/java/com/microproject/ui/command/SelectionSnapshot.java,microproject_ui,java,HEAD,d1f3bd75bf10cf10a1d09d590c3162599bdfc0ef57d91ea14747f9448e24752f,d2fa3c20a,,,0530be227f4a10c5545cce8d3db20ac5a4d76a66,REVIEW_REQUIRED,Unknown,false,REVIEW_REQUIRED,REVIEW_REQUIRED,REVIEW,no path match in OpenProj baseline; classify origin manually,
modules/microproject_ui/src/main/java/com/microproject/ui/diagnostics/UiButtonDiagnostics.java,microproject_ui,java,HEAD,e67e85ce5e4489fa4afb3129fef473816e9eeb5e4d93afb9ba2e4162a647817c,d2fa3c20a,,,0530be227f4a10c5545cce8d3db20ac5a4d76a66,REVIEW_REQUIRED,Unknown,false,REVIEW_REQUIRED,REVIEW_REQUIRED,REVIEW,no path match in OpenProj baseline; classify origin manually,
modules/microproject_ui/src/main/java/com/microproject/ui/privacy/PrivacyDisplayMode.java,microproject_ui,java,HEAD,6cf086190d77121f7a134727ac4d068cc03b781f3ff33f6fbf95185d6d69dd27,d2fa3c20a,,,0530be227f4a10c5545cce8d3db20ac5a4d76a66,REVIEW_REQUIRED,Unknown,false,REVIEW_REQUIRED,REVIEW_REQUIRED,REVIEW,no path match in OpenProj baseline; classify origin manually,
modules/microproject_ui/src/main/java/com/microproject/ui/ribbon/FlatLafRibbonTheme.java,microproject_ui,java,HEAD,3804155e95434c6a8af32942e34788b792dfce7536e30d73de9eeef46453aed0,d2fa3c20a,,,0530be227f4a10c5545cce8d3db20ac5a4d76a66,REVIEW_REQUIRED,Unknown,false,REVIEW_REQUIRED,REVIEW_REQUIRED,REVIEW,no path match in OpenProj baseline; classify origin manually,
modules/microproject_ui/src/main/java/com/microproject/ui/ribbon/ModernRibbonPanel.java,microproject_ui,java,HEAD,d8c0146dbc1f8afb8256a8ce1e6480e551612ae8c89c33161d1940bcf2dfea6c,d2fa3c20a,,,0530be227f4a10c5545cce8d3db20ac5a4d76a66,REVIEW_REQUIRED,Unknown,false,REVIEW_REQUIRED,REVIEW_REQUIRED,REVIEW,no path match in OpenProj baseline; classify origin manually,
modules/microproject_ui/src/main/java/com/microproject/ui/ribbon/RibbonButtonStyler.java,microproject_ui,java,HEAD,412b84383673bfe630b4b73637620200d6607429ba62b13cb20852ecf57ed03b,d2fa3c20a,,,0530be227f4a10c5545cce8d3db20ac5a4d76a66,REVIEW_REQUIRED,Unknown,false,REVIEW_REQUIRED,REVIEW_REQUIRED,REVIEW,no path match in OpenProj baseline; classify origin manually,
modules/microproject_ui/src/main/java/com/microproject/ui/ribbon/RibbonCommandCatalog.java,microproject_ui,java,HEAD,ceb89b6128b42d98189d5f268bcb6b2fd8ebec6096c93b6ac8718b7f041fff94,d2fa3c20a,,,0530be227f4a10c5545cce8d3db20ac5a4d76a66,REVIEW_REQUIRED,Unknown,false,REVIEW_REQUIRED,REVIEW_REQUIRED,REVIEW,no path match in OpenProj baseline; classify origin manually,
modules/microproject_ui/src/main/java/com/microproject/ui/ribbon/RibbonDisplayMode.java,microproject_ui,java,HEAD,d634d1772319b01ccca9b7f2a5f686aa0beb1bd054b902119720a1193fdf641b,d2fa3c20a,,,0530be227f4a10c5545cce8d3db20ac5a4d76a66,REVIEW_REQUIRED,Unknown,false,REVIEW_REQUIRED,REVIEW_REQUIRED,REVIEW,no path match in OpenProj baseline; classify origin manually,
modules/microproject_ui/src/main/java/com/microproject/ui/ribbon/RibbonDisplayPreferences.java,microproject_ui,java,HEAD,c0058c0ae765093958e5ffc7c03c3b0b236f60a4ddeae700778d44a2287741f1,d2fa3c20a,,,0530be227f4a10c5545cce8d3db20ac5a4d76a66,REVIEW_REQUIRED,Unknown,false,REVIEW_REQUIRED,REVIEW_REQUIRED,REVIEW,no path match in OpenProj baseline; classify origin manually,
modules/microproject_ui/src/main/java/com/microproject/ui/ribbon/SwingRibbonFactory.java,microproject_ui,java,HEAD,dc0744a66f4c91e2d4b4d182b274a0d80ed9456d878d4873fa9ed3e41be4caa7,d2fa3c20a,,,0530be227f4a10c5545cce8d3db20ac5a4d76a66,REVIEW_REQUIRED,Unknown,false,REVIEW_REQUIRED,REVIEW_REQUIRED,REVIEW,no path match in OpenProj baseline; classify origin manually,
modules/microproject_ui/src/main/java/com/microproject/ui/shell/AutoSaveControl.java,microproject_ui,java,HEAD,c202fedcb2d2a8b4d110236df56c3371039ccdef41a6a777f35ba361db6fc6bf,d2fa3c20a,,,0530be227f4a10c5545cce8d3db20ac5a4d76a66,REVIEW_REQUIRED,Unknown,false,REVIEW_REQUIRED,REVIEW_REQUIRED,REVIEW,no path match in OpenProj baseline; classify origin manually,
modules/microproject_ui/src/main/java/com/microproject/ui/shell/OfficeChromePanel.java,microproject_ui,java,HEAD,cdb68dad251f0f13a69a31e6cf25ad29b22b28189d7856b374de46a9542bc056,d2fa3c20a,,,0530be227f4a10c5545cce8d3db20ac5a4d76a66,REVIEW_REQUIRED,Unknown,false,REVIEW_REQUIRED,REVIEW_REQUIRED,REVIEW,no path match in OpenProj baseline; classify origin manually,
modules/microproject_ui/src/main/java/com/microproject/ui/shell/OfficeChromeTitleBinding.java,microproject_ui,java,HEAD,f1f7bd18e6467092728bd68aa6d465224adc7cbdb3792af45a010ae584f0a978,d2fa3c20a,,,0530be227f4a10c5545cce8d3db20ac5a4d76a66,REVIEW_REQUIRED,Unknown,false,REVIEW_REQUIRED,REVIEW_REQUIRED,REVIEW,no path match in OpenProj baseline; classify origin manually,
modules/microproject_ui/src/main/java/com/microproject/ui/shell/ProjectLibreShell.java,microproject_ui,java,HEAD,226fc2241f16aea73682fa2ac02405f16f884be12b6a2c7046c7b7f790ac09e6,d2fa3c20a,,,0530be227f4a10c5545cce8d3db20ac5a4d76a66,REVIEW_REQUIRED,Unknown,false,REVIEW_REQUIRED,REVIEW_REQUIRED,REVIEW,no path match in OpenProj baseline; classify origin manually,
modules/microproject_ui/src/main/java/com/microproject/ui/shell/WindowShellInstaller.java,microproject_ui,java,HEAD,11ea222feb6b36a8929f6396a040ee54595d8939f5b1f2ab0ee96859f22a38cb,d2fa3c20a,,,0530be227f4a10c5545cce8d3db20ac5a4d76a66,REVIEW_REQUIRED,Unknown,false,REVIEW_REQUIRED,REVIEW_REQUIRED,REVIEW,no path match in OpenProj baseline; classify origin manually,
modules/microproject_ui/src/main/java/com/microproject/ui/theme/MicroProjectTheme.java,microproject_ui,java,HEAD,16f6f02c0eac5464166eb7dbe0d15b754039d9bd0458c0c2844899f943d3c9bf,d2fa3c20a,,,0530be227f4a10c5545cce8d3db20ac5a4d76a66,REVIEW_REQUIRED,Unknown,false,REVIEW_REQUIRED,REVIEW_REQUIRED,REVIEW,no path match in OpenProj baseline; classify origin manually,
modules/microproject_ui/src/main/java/com/microproject/ui/theme/MicroProjectThemeTokens.java,microproject_ui,java,HEAD,750a73c94bc5318df799628e8871f59283d91549a5bcf7a13c78db2d0ded16fb,d2fa3c20a,,,0530be227f4a10c5545cce8d3db20ac5a4d76a66,REVIEW_REQUIRED,Unknown,false,REVIEW_REQUIRED,REVIEW_REQUIRED,REVIEW,no path match in OpenProj baseline; classify origin manually,
modules/microproject_ui/src/main/java/com/microproject/util/AlternativeCalendarDisplay.java,microproject_ui,java,HEAD,115b0cc0b187b227997e204e0804220e00802b696128d41ae8b5f2346670aecc,d2fa3c20a,,,0530be227f4a10c5545cce8d3db20ac5a4d76a66,REVIEW_REQUIRED,Unknown,false,REVIEW_REQUIRED,REVIEW_REQUIRED,REVIEW,no path match in OpenProj baseline; classify origin manually,
modules/microproject_ui/src/main/java/com/microproject/util/ClassicMSProjectPalette.java,microproject_ui,java,HEAD,09fd6060f8ed7d6f0fad7de673583f3658329099e36e8291f48777fe67e4f911,d2fa3c20a,,,0530be227f4a10c5545cce8d3db20ac5a4d76a66,REVIEW_REQUIRED,Unknown,false,REVIEW_REQUIRED,REVIEW_REQUIRED,REVIEW,no path match in OpenProj baseline; classify origin manually,
modules/microproject_ui/src/main/java/com/microproject/util/DateFieldSupport.java,microproject_ui,java,HEAD,0a0a4100d2259dbf0fb1f360dcebd8154b2b8757e2955b389ffc816241139c56,d2fa3c20a,,,0530be227f4a10c5545cce8d3db20ac5a4d76a66,REVIEW_REQUIRED,Unknown,false,REVIEW_REQUIRED,REVIEW_REQUIRED,REVIEW,no path match in OpenProj baseline; classify origin manually,
modules/microproject_ui/src/main/java/com/microproject/util/FlatLafDialog.java,microproject_ui,java,HEAD,90a501db3c457c6ddca68e7834617f043b415b9a137c7fb3d9af70ca41430335,d2fa3c20a,,,0530be227f4a10c5545cce8d3db20ac5a4d76a66,REVIEW_REQUIRED,Unknown,false,REVIEW_REQUIRED,REVIEW_REQUIRED,REVIEW,no path match in OpenProj baseline; classify origin manually,
modules/microproject_ui/src/main/java/com/microproject/util/FlatLafFrame.java,microproject_ui,java,HEAD,9af6708c908d5d4b0007f83b1403ac3006936c4949dac5bc2a320cd9c4b79984,d2fa3c20a,,,0530be227f4a10c5545cce8d3db20ac5a4d76a66,REVIEW_REQUIRED,Unknown,false,REVIEW_REQUIRED,REVIEW_REQUIRED,REVIEW,no path match in OpenProj baseline; classify origin manually,
modules/microproject_ui/src/main/java/com/microproject/util/FlatLafSupport.java,microproject_ui,java,HEAD,a579aa491ededd938c262ba436df58e561cd5e5bae6d740c4a34f41716630aa0,d2fa3c20a,,,0530be227f4a10c5545cce8d3db20ac5a4d76a66,REVIEW_REQUIRED,Unknown,false,REVIEW_REQUIRED,REVIEW_REQUIRED,REVIEW,no path match in OpenProj baseline; classify origin manually,
modules/microproject_ui/src/main/java/com/microproject/util/FlatUiSupport.java,microproject_ui,java,HEAD,2cc63820344d7a4668a32633f198764e9b7478e0218ff8f7a28e991306dc9896,d2fa3c20a,,,0530be227f4a10c5545cce8d3db20ac5a4d76a66,REVIEW_REQUIRED,Unknown,false,REVIEW_REQUIRED,REVIEW_REQUIRED,REVIEW,no path match in OpenProj baseline; classify origin manually,
modules/microproject_ui/src/main/java/com/microproject/util/FlatUiTheme.java,microproject_ui,java,HEAD,79466da7a84fd06b74bdbda59200c5ec133fb3bed2f4495d56a90759105d050f,d2fa3c20a,,,0530be227f4a10c5545cce8d3db20ac5a4d76a66,REVIEW_REQUIRED,Unknown,false,REVIEW_REQUIRED,REVIEW_REQUIRED,REVIEW,no path match in OpenProj baseline; classify origin manually,
modules/microproject_ui/src/main/java/com/microproject/util/GanttColorPalette.java,microproject_ui,java,HEAD,31a2451a0012eed74cbf38eb17bbeccb558f85fa6170571b45ec0c600ad9794a,d2fa3c20a,,,0530be227f4a10c5545cce8d3db20ac5a4d76a66,REVIEW_REQUIRED,Unknown,false,REVIEW_REQUIRED,REVIEW_REQUIRED,REVIEW,no path match in OpenProj baseline; classify origin manually,
modules/microproject_ui/src/main/java/com/microproject/util/GanttProgress.java,microproject_ui,java,HEAD,a4f9549b56b4bfdb4f812856193a5256236d4c1770731f5d19ac135ea1b9631f,d2fa3c20a,,,0530be227f4a10c5545cce8d3db20ac5a4d76a66,REVIEW_REQUIRED,Unknown,false,REVIEW_REQUIRED,REVIEW_REQUIRED,REVIEW,no path match in OpenProj baseline; classify origin manually,
modules/microproject_ui/src/main/java/com/microproject/util/MicrosoftProjectGanttPalette.java,microproject_ui,java,HEAD,c55e5209266847f13436b8a1754873daec91bb35e86182189be675948422540f,d2fa3c20a,,,0530be227f4a10c5545cce8d3db20ac5a4d76a66,REVIEW_REQUIRED,Unknown,false,REVIEW_REQUIRED,REVIEW_REQUIRED,REVIEW,no path match in OpenProj baseline; classify origin manually,
modules/microproject_ui/src/main/java/com/microproject/util/MicrosoftProjectGanttTheme.java,microproject_ui,java,HEAD,e36c8a652b4c8de81651dc93a40cfe7dd50dad52ae653f625773873e2500a490,d2fa3c20a,,,0530be227f4a10c5545cce8d3db20ac5a4d76a66,REVIEW_REQUIRED,Unknown,false,REVIEW_REQUIRED,REVIEW_REQUIRED,REVIEW,no path match in OpenProj baseline; classify origin manually,
modules/microproject_ui/src/main/java/com/microproject/util/PhysicalButtonRoute.java,microproject_ui,java,HEAD,2764fb682a0ca8c27d4c0074389b3cf97c1b1eeec74542572d0701c542d1a476,d2fa3c20a,,,0530be227f4a10c5545cce8d3db20ac5a4d76a66,REVIEW_REQUIRED,Unknown,false,REVIEW_REQUIRED,REVIEW_REQUIRED,REVIEW,no path match in OpenProj baseline; classify origin manually,
modules/microproject_ui/src/main/java/com/microproject/util/SwingFileChooserProvider.java,microproject_ui,java,HEAD,f95b528b01a3ba48cfa6e60a249665cda7bb0e78eecd92c34b81399b8a34e621,d2fa3c20a,,,0530be227f4a10c5545cce8d3db20ac5a4d76a66,REVIEW_REQUIRED,Unknown,false,REVIEW_REQUIRED,REVIEW_REQUIRED,REVIEW,no path match in OpenProj baseline; classify origin manually,
modules/microproject_ui/src/main/java/com/microproject/util/UiLinkTargets.java,microproject_ui,java,HEAD,56c9a212ba4261a9ee922090955430e9afff721e8a10e3a212c525ca7cea0426,d2fa3c20a,,,0530be227f4a10c5545cce8d3db20ac5a4d76a66,REVIEW_REQUIRED,Unknown,false,REVIEW_REQUIRED,REVIEW_REQUIRED,REVIEW,no path match in OpenProj baseline; classify origin manually,
modules/microproject_ui/src/main/resources/com/microproject/dialog/usability.properties,microproject_ui,resource,HEAD,39486053f085edb1b41c0eefcb5f81801b1faaf43eaab53d24fbad96e0ce9a08,d2fa3c20a,,,0530be227f4a10c5545cce8d3db20ac5a4d76a66,REVIEW_REQUIRED,Unknown,false,REVIEW_REQUIRED,REVIEW_REQUIRED,REVIEW,no path match in OpenProj baseline; classify origin manually,
modules/microproject_ui/src/main/resources/com/microproject/dialog/usability_ja.properties,microproject_ui,resource,HEAD,d2f88fdd3df6b4caab8df6f02ade27c1b347af9ec8d0d3b3289af6f3fe44f7f1,d2fa3c20a,,,0530be227f4a10c5545cce8d3db20ac5a4d76a66,REVIEW_REQUIRED,Unknown,false,REVIEW_REQUIRED,REVIEW_REQUIRED,REVIEW,no path match in OpenProj baseline; classify origin manually,
modules/microproject_ui/src/main/resources/com/microproject/menu/menu.properties,microproject_ui,resource,HEAD,aed17bab7b11debc72bb9315d5714a742a70a3932ec7dd5686ab6acd4b17e7e0,d2fa3c20a,openproj_ui/src/com/projity/menu/menu.properties,e1ed9eef8524d72824e4f6fbfab44eae9849d2160e515760faee1716d5a7367b,0530be227f4a10c5545cce8d3db20ac5a4d76a66,REVIEW_REQUIRED,ProjectLibre,false,REVIEW_REQUIRED,CPAL-1.0,REVIEW,OpenProj path exists but content differs; perform hunk-level comparison,
modules/microproject_ui/src/main/resources/com/microproject/menu/menuInternal.properties,microproject_ui,resource,HEAD,0abc8307a3b4df0b386ab14c3f44269eecd40979acf407fb0cc39855f5a2530e,d2fa3c20a,,,0530be227f4a10c5545cce8d3db20ac5a4d76a66,REVIEW_REQUIRED,ProjectLibre,false,REVIEW_REQUIRED,CPAL-1.0,REVIEW,no path match in OpenProj baseline; classify origin manually,
modules/microproject_ui/src/main/resources/com/microproject/menu/menu_ar.properties,microproject_ui,resource,HEAD,e5ffb7ca91f526130ef8355cacad65b9213bd4480f035e5ae9c209e31cee8ca4,d2fa3c20a,,,0530be227f4a10c5545cce8d3db20ac5a4d76a66,REVIEW_REQUIRED,ProjectLibre,false,REVIEW_REQUIRED,CPAL-1.0,REVIEW,no path match in OpenProj baseline; classify origin manually,
modules/microproject_ui/src/main/resources/com/microproject/menu/menu_da.properties,microproject_ui,resource,HEAD,31e6f4a075e9b2726239d6e2600cc25bf214b417caad442fd19b79aae13d8969,d2fa3c20a,,,0530be227f4a10c5545cce8d3db20ac5a4d76a66,REVIEW_REQUIRED,ProjectLibre,false,REVIEW_REQUIRED,CPAL-1.0,REVIEW,no path match in OpenProj baseline; classify origin manually,
modules/microproject_ui/src/main/resources/com/microproject/menu/menu_de.properties,microproject_ui,resource,HEAD,22880cc3b573cc2997b6fd9034440b1d71ec30d15e29ae67f5fc7e775172f92f,d2fa3c20a,openproj_ui/src/com/projity/menu/menu_de.properties,a1af40fc7306da33d0b1b10b730edf5083f62b1af9ab745e5d514b874258bdf6,0530be227f4a10c5545cce8d3db20ac5a4d76a66,REVIEW_REQUIRED,ProjectLibre,false,REVIEW_REQUIRED,CPAL-1.0,REVIEW,OpenProj path exists but content differs; perform hunk-level comparison,
modules/microproject_ui/src/main/resources/com/microproject/menu/menu_el.properties,microproject_ui,resource,HEAD,2b8ab1450d42e4e4500f999c3b55f5f1caf12f2a03ad362bef2dde97f4bca99e,d2fa3c20a,,,0530be227f4a10c5545cce8d3db20ac5a4d76a66,REVIEW_REQUIRED,ProjectLibre,false,REVIEW_REQUIRED,CPAL-1.0,REVIEW,no path match in OpenProj baseline; classify origin manually,
modules/microproject_ui/src/main/resources/com/microproject/menu/menu_es.properties,microproject_ui,resource,HEAD,5e4b0ca56f9f5bda667b60180700ca85316f27b841f9b83c5e3e0012f2293996,d2fa3c20a,openproj_ui/src/com/projity/menu/menu_es.properties,1270bdcb04cacbb98247caec6ff92b684219890c9488c13865a32250798d7ccc,0530be227f4a10c5545cce8d3db20ac5a4d76a66,REVIEW_REQUIRED,ProjectLibre,false,REVIEW_REQUIRED,CPAL-1.0,REVIEW,OpenProj path exists but content differs; perform hunk-level comparison,
modules/microproject_ui/src/main/resources/com/microproject/menu/menu_es2.properties,microproject_ui,resource,HEAD,9401ca1bff9cdbf6035d32998f7ccb00735645f480f51d9bac38a29d26a2c1e1,d2fa3c20a,,,0530be227f4a10c5545cce8d3db20ac5a4d76a66,REVIEW_REQUIRED,ProjectLibre,false,REVIEW_REQUIRED,CPAL-1.0,REVIEW,no path match in OpenProj baseline; classify origin manually,
modules/microproject_ui/src/main/resources/com/microproject/menu/menu_fr.properties,microproject_ui,resource,HEAD,ef49555f573d64e685927341454c1e26767f29a3dd375b2eaf15442bba58311a,d2fa3c20a,openproj_ui/src/com/projity/menu/menu_fr.properties,ddffc21324e41759f8a53aeb38bd039c4604c2461a6cbf45bd342152f4c080e7,0530be227f4a10c5545cce8d3db20ac5a4d76a66,REVIEW_REQUIRED,ProjectLibre,false,REVIEW_REQUIRED,CPAL-1.0,REVIEW,OpenProj path exists but content differs; perform hunk-level comparison,
modules/microproject_ui/src/main/resources/com/microproject/menu/menu_hi.properties,microproject_ui,resource,HEAD,17a78a8b72ae1e56f9955f68ba53f6d761a83e9b12bc0566ebd683f18ef922d5,d2fa3c20a,,,0530be227f4a10c5545cce8d3db20ac5a4d76a66,REVIEW_REQUIRED,ProjectLibre,false,REVIEW_REQUIRED,CPAL-1.0,REVIEW,no path match in OpenProj baseline; classify origin manually,
modules/microproject_ui/src/main/resources/com/microproject/menu/menu_it.properties,microproject_ui,resource,HEAD,11d9c1b16857710215af36cbc609ca78f5ed963a7cda6a3d362ea381164fc699,d2fa3c20a,openproj_ui/src/com/projity/menu/menu_it.properties,6a6b600dd4596e20ee72bdfe78c687c97c0a37cb53123a8ec8884bdf32c89465,0530be227f4a10c5545cce8d3db20ac5a4d76a66,REVIEW_REQUIRED,ProjectLibre,false,REVIEW_REQUIRED,CPAL-1.0,REVIEW,OpenProj path exists but content differs; perform hunk-level comparison,
modules/microproject_ui/src/main/resources/com/microproject/menu/menu_it2.properties,microproject_ui,resource,HEAD,a9ed42685771b0b20a2eb3a686475739839e9095605a52b0d0ee5cf16d38f45b,d2fa3c20a,,,0530be227f4a10c5545cce8d3db20ac5a4d76a66,REVIEW_REQUIRED,ProjectLibre,false,REVIEW_REQUIRED,CPAL-1.0,REVIEW,no path match in OpenProj baseline; classify origin manually,
modules/microproject_ui/src/main/resources/com/microproject/menu/menu_ja.properties,microproject_ui,resource,HEAD,2df999f8c732e8bfd879aac5290ad8e8a1e917a57eceb39adc636a84ed2819b0,d2fa3c20a,openproj_ui/src/com/projity/menu/menu_ja.properties,9bcf6e8c6c2ddf38f6e463ce88f1f926c4873fbd226b062d8e44af9e16e30d78,0530be227f4a10c5545cce8d3db20ac5a4d76a66,REVIEW_REQUIRED,ProjectLibre,false,REVIEW_REQUIRED,CPAL-1.0,REVIEW,OpenProj path exists but content differs; perform hunk-level comparison,
modules/microproject_ui/src/main/resources/com/microproject/menu/menu_kh.properties,microproject_ui,resource,HEAD,c21e3f840f33e2835e6cfa3caf966e74526f31e17e99862fd34988109e075863,d2fa3c20a,,,0530be227f4a10c5545cce8d3db20ac5a4d76a66,REVIEW_REQUIRED,ProjectLibre,false,REVIEW_REQUIRED,CPAL-1.0,REVIEW,no path match in OpenProj baseline; classify origin manually,
modules/microproject_ui/src/main/resources/com/microproject/menu/menu_km.properties,microproject_ui,resource,HEAD,0abbfd2a6ad0e52ec8ab5623c699129929cb3fd7f6dd4b7649ea566b6caef684,d2fa3c20a,,,0530be227f4a10c5545cce8d3db20ac5a4d76a66,REVIEW_REQUIRED,ProjectLibre,false,REVIEW_REQUIRED,CPAL-1.0,REVIEW,no path match in OpenProj baseline; classify origin manually,
modules/microproject_ui/src/main/resources/com/microproject/menu/menu_ko.properties,microproject_ui,resource,HEAD,b50a42081306f1bfde0672fe5d5b72ca170ff42212b8595cfed5f518a0667eba,d2fa3c20a,openproj_ui/src/com/projity/menu/menu_ko.properties,e4aa933bac936134ae4eff4b9ec8981541a177b87c302f1eb13401c97d5dc28c,0530be227f4a10c5545cce8d3db20ac5a4d76a66,REVIEW_REQUIRED,ProjectLibre,false,REVIEW_REQUIRED,CPAL-1.0,REVIEW,OpenProj path exists but content differs; perform hunk-level comparison,
modules/microproject_ui/src/main/resources/com/microproject/menu/menu_nl.properties,microproject_ui,resource,HEAD,8a278952ce6cd8687dab20ad10238b379573ebda812f198fbf003561d49d9c97,d2fa3c20a,openproj_ui/src/com/projity/menu/menu_nl.properties,738ae0199c8b7729c60dce474f93c85b3fd2be9deeb3cf4e846adfa5783f0743,0530be227f4a10c5545cce8d3db20ac5a4d76a66,REVIEW_REQUIRED,ProjectLibre,false,REVIEW_REQUIRED,CPAL-1.0,REVIEW,OpenProj path exists but content differs; perform hunk-level comparison,
modules/microproject_ui/src/main/resources/com/microproject/menu/menu_pt.properties,microproject_ui,resource,HEAD,b22d5398187d111df9859ff5ff21d71453f63cfe9e93e5787551fd3fbe1edea0,d2fa3c20a,openproj_ui/src/com/projity/menu/menu_pt.properties,f24f3bb13f18cf78156b02991d194dd41ec2120781bfe350705289a2f22c4825,0530be227f4a10c5545cce8d3db20ac5a4d76a66,REVIEW_REQUIRED,ProjectLibre,false,REVIEW_REQUIRED,CPAL-1.0,REVIEW,OpenProj path exists but content differs; perform hunk-level comparison,
modules/microproject_ui/src/main/resources/com/microproject/menu/menu_ru.properties,microproject_ui,resource,HEAD,51775c5035ad44c909c816d8792b8e5d8be3dbda99efd829b9b450e81a81accc,d2fa3c20a,openproj_ui/src/com/projity/menu/menu_ru.properties,4bd33504e68f99af20a371430dc2ec8b6cd2402c121bbdda086e9d8497fde959,0530be227f4a10c5545cce8d3db20ac5a4d76a66,REVIEW_REQUIRED,ProjectLibre,false,REVIEW_REQUIRED,CPAL-1.0,REVIEW,OpenProj path exists but content differs; perform hunk-level comparison,
modules/microproject_ui/src/main/resources/com/microproject/menu/menu_sv.properties,microproject_ui,resource,HEAD,1750bb49d519b18e9148e69b202a819a3936e812069f1c07be06e7b078adc673,d2fa3c20a,openproj_ui/src/com/projity/menu/menu_sv.properties,b9287d3118f35945b30a76e2ac34149ccf8289fa108079ed7ee6dc7ae8a00be0,0530be227f4a10c5545cce8d3db20ac5a4d76a66,REVIEW_REQUIRED,ProjectLibre,false,REVIEW_REQUIRED,CPAL-1.0,REVIEW,OpenProj path exists but content differs; perform hunk-level comparison,
modules/microproject_ui/src/main/resources/com/microproject/menu/menu_ta.properties,microproject_ui,resource,HEAD,3f82a6e3daf9414a909c886dcaf4c6973071e3873f168b2650e34368dd43166e,d2fa3c20a,,,0530be227f4a10c5545cce8d3db20ac5a4d76a66,REVIEW_REQUIRED,ProjectLibre,false,REVIEW_REQUIRED,CPAL-1.0,REVIEW,no path match in OpenProj baseline; classify origin manually,
modules/microproject_ui/src/main/resources/com/microproject/menu/menu_th.properties,microproject_ui,resource,HEAD,3fd29989b76222f7986b271e5de87c376a88f8428574331e66758bd84e995a46,d2fa3c20a,,,0530be227f4a10c5545cce8d3db20ac5a4d76a66,REVIEW_REQUIRED,ProjectLibre,false,REVIEW_REQUIRED,CPAL-1.0,REVIEW,no path match in OpenProj baseline; classify origin manually,
modules/microproject_ui/src/main/resources/com/microproject/menu/menu_tr.properties,microproject_ui,resource,HEAD,cefba78fcb8868121a9ba5956da8d2b461658f0977e5acb4b28a2b9d706ed086,d2fa3c20a,,,0530be227f4a10c5545cce8d3db20ac5a4d76a66,REVIEW_REQUIRED,ProjectLibre,false,REVIEW_REQUIRED,CPAL-1.0,REVIEW,no path match in OpenProj baseline; classify origin manually,
modules/microproject_ui/src/main/resources/com/microproject/menu/menu_ur.properties,microproject_ui,resource,HEAD,5df7a9d8fcc7e0da48ec53d6e740acca11b9479b6d60cb83cac6de7d85e6d333,d2fa3c20a,,,0530be227f4a10c5545cce8d3db20ac5a4d76a66,REVIEW_REQUIRED,ProjectLibre,false,REVIEW_REQUIRED,CPAL-1.0,REVIEW,no path match in OpenProj baseline; classify origin manually,
modules/microproject_ui/src/main/resources/com/microproject/menu/menu_vi.properties,microproject_ui,resource,HEAD,b31ce55b4a08f5f34e28eb6c13484dc95cc4b3698fb0a4f0ee5ff65055eeb7b8,d2fa3c20a,,,0530be227f4a10c5545cce8d3db20ac5a4d76a66,REVIEW_REQUIRED,OpenProj,false,REVIEW_REQUIRED,CPAL-1.0,REVIEW,no path match in OpenProj baseline; classify origin manually,
modules/microproject_ui/src/main/resources/com/microproject/menu/menu_zh.properties,microproject_ui,resource,HEAD,039f939e1cb4f376b15acaf870c864e337120579d76caa20dc13257193677a42,d2fa3c20a,,,0530be227f4a10c5545cce8d3db20ac5a4d76a66,REVIEW_REQUIRED,ProjectLibre,false,REVIEW_REQUIRED,CPAL-1.0,REVIEW,no path match in OpenProj baseline; classify origin manually,
modules/microproject_ui/src/main/resources/com/microproject/menu/menu_zh_CN.properties,microproject_ui,resource,HEAD,c541601b61c64811e986e41adff6ede3bec89ab53bc3c9d5f86bbd47512ee5a3,d2fa3c20a,openproj_ui/src/com/projity/menu/menu_zh_CN.properties,54001059214a651d116f9a803565b75ae61d7a10d1c02ecc2d778b9f98691783,0530be227f4a10c5545cce8d3db20ac5a4d76a66,REVIEW_REQUIRED,ProjectLibre,false,REVIEW_REQUIRED,CPAL-1.0,REVIEW,OpenProj path exists but content differs; perform hunk-level comparison,
modules/microproject_ui/src/main/resources/com/microproject/menu/menu_zh_CN1.properties,microproject_ui,resource,HEAD,b2e28be527f90f93a9a2249ff258036a995ca1a16ff4ea4df8f7584e140c86e5,d2fa3c20a,,,0530be227f4a10c5545cce8d3db20ac5a4d76a66,REVIEW_REQUIRED,ProjectLibre,false,REVIEW_REQUIRED,CPAL-1.0,REVIEW,no path match in OpenProj baseline; classify origin manually,
modules/microproject_ui/src/main/resources/com/microproject/menu/menu_zh_CN3.properties,microproject_ui,resource,HEAD,9ff9f97e829fb2fcb829047879e5023692983e69cff12534c033a845cae2d584,d2fa3c20a,,,0530be227f4a10c5545cce8d3db20ac5a4d76a66,REVIEW_REQUIRED,ProjectLibre,false,REVIEW_REQUIRED,CPAL-1.0,REVIEW,no path match in OpenProj baseline; classify origin manually,
modules/microproject_ui/src/main/resources/com/microproject/menu/menu_zh_TW.properties,microproject_ui,resource,HEAD,039f939e1cb4f376b15acaf870c864e337120579d76caa20dc13257193677a42,d2fa3c20a,,,0530be227f4a10c5545cce8d3db20ac5a4d76a66,REVIEW_REQUIRED,ProjectLibre,false,REVIEW_REQUIRED,CPAL-1.0,REVIEW,no path match in OpenProj baseline; classify origin manually,
modules/microproject_ui/src/main/resources/com/microproject/menu/nativeCodePage/menu_jp.properties,microproject_ui,resource,HEAD,0128acbf2561a906997a6dae61fd9eeafe4e845bdbf7b0e35e8272fba4fc75a0,d2fa3c20a,,,0530be227f4a10c5545cce8d3db20ac5a4d76a66,REVIEW_REQUIRED,ProjectLibre,false,REVIEW_REQUIRED,CPAL-1.0,REVIEW,no path match in OpenProj baseline; classify origin manually,
modules/microproject_ui/src/main/resources/com/microproject/menu/nativeCodePage/menu_ru.properties.1251,microproject_ui,resource,HEAD,8229e7bd3793526ab107a11116537deef8dc38c686bff260e40d872b9f237b31,d2fa3c20a,openproj_ui/src/com/projity/menu/nativeCodePage/menu_ru.properties.1251,258d127133d35cb5dd4771a112bc4106ec91baab79fc419b1ef69af9c93d4407,0530be227f4a10c5545cce8d3db20ac5a4d76a66,REVIEW_REQUIRED,ProjectLibre,false,REVIEW_REQUIRED,CPAL-1.0,REVIEW,OpenProj path exists but content differs; perform hunk-level comparison,
modules/microproject_ui/src/main/resources/com/microproject/menu/nativeCodePage/menu_zh_CN.properties,microproject_ui,resource,HEAD,1e2710966fff2581b461163b1eaee6e5cd7bc51af1480c32ab2e0e09988b28b2,d2fa3c20a,openproj_ui/src/com/projity/menu/nativeCodePage/menu_zh_CN.properties,fbb03e1f228b4fd20760c2bda9ec9b8d888d2a0389dc542ee1dbe206793ea216,0530be227f4a10c5545cce8d3db20ac5a4d76a66,REVIEW_REQUIRED,ProjectLibre,false,REVIEW_REQUIRED,CPAL-1.0,REVIEW,OpenProj path exists but content differs; perform hunk-level comparison,
modules/microproject_ui/src/main/resources/com/microproject/pm/graphic/images.properties,microproject_ui,resource,HEAD,9aacae58d3647f0c9560f0f53e8c97a361dabdb5a7e5683995e97d096646d76d,d2fa3c20a,openproj_ui/src/com/projity/pm/graphic/images.properties,bacf7454591a5490b720aca02f249a917f3dba320c8652560907571b6019a4a7,0530be227f4a10c5545cce8d3db20ac5a4d76a66,REVIEW_REQUIRED,ProjectLibre,false,REVIEW_REQUIRED,CPAL-1.0,REVIEW,OpenProj path exists but content differs; perform hunk-level comparison,
modules/microproject_ui/src/main/resources/com/microproject/pm/graphic/images/GrayCircle.gif,microproject_ui,resource,HEAD,17c4737175e499bf76918e0a72dc3e05626d9d4e957b776a2a1d5026a33ce237,d2fa3c20a,openproj_ui/src/com/projity/pm/graphic/images/GrayCircle.gif,17c4737175e499bf76918e0a72dc3e05626d9d4e957b776a2a1d5026a33ce237,0530be227f4a10c5545cce8d3db20ac5a4d76a66,REVIEW_REQUIRED,Unknown,true,REVIEW_REQUIRED,REVIEW_REQUIRED,KEEP_OPENPROJ,normalized content matches OpenProj baseline,
modules/microproject_ui/src/main/resources/com/microproject/pm/graphic/images/GreenCircle.gif,microproject_ui,resource,HEAD,40c74ebf9dae73de4bf216929fc7986f49f0e18a17f63d51775992f083d502f1,d2fa3c20a,openproj_ui/src/com/projity/pm/graphic/images/GreenCircle.gif,40c74ebf9dae73de4bf216929fc7986f49f0e18a17f63d51775992f083d502f1,0530be227f4a10c5545cce8d3db20ac5a4d76a66,REVIEW_REQUIRED,Unknown,true,REVIEW_REQUIRED,REVIEW_REQUIRED,KEEP_OPENPROJ,normalized content matches OpenProj baseline,
modules/microproject_ui/src/main/resources/com/microproject/pm/graphic/images/RBS-16.svg,microproject_ui,resource,HEAD,0345e3f9cd9370c8d89dcf8ed4d3ea9093fcb5cee6e0b813746956c797e85807,d2fa3c20a,,,0530be227f4a10c5545cce8d3db20ac5a4d76a66,REVIEW_REQUIRED,Unknown,false,REVIEW_REQUIRED,REVIEW_REQUIRED,REVIEW,no path match in OpenProj baseline; classify origin manually,
modules/microproject_ui/src/main/resources/com/microproject/pm/graphic/images/RBS-20.svg,microproject_ui,resource,HEAD,d441681b92d707001a489d026713ac611d81d2d5d153629da2ab887ed1388277,d2fa3c20a,,,0530be227f4a10c5545cce8d3db20ac5a4d76a66,REVIEW_REQUIRED,Unknown,false,REVIEW_REQUIRED,REVIEW_REQUIRED,REVIEW,no path match in OpenProj baseline; classify origin manually,
modules/microproject_ui/src/main/resources/com/microproject/pm/graphic/images/RBS-32.svg,microproject_ui,resource,HEAD,8cc9b41ad261f545e0c234d76b4ef82bcfe12665968ef8b05575ee5a2240ddb9,d2fa3c20a,,,0530be227f4a10c5545cce8d3db20ac5a4d76a66,REVIEW_REQUIRED,Unknown,false,REVIEW_REQUIRED,REVIEW_REQUIRED,REVIEW,no path match in OpenProj baseline; classify origin manually,
modules/microproject_ui/src/main/resources/com/microproject/pm/graphic/images/RBS.gif,microproject_ui,resource,HEAD,e29cdaef313baf28b14c7598702a7fb525b8a8b3201d3d2fd502cef87f249a71,d2fa3c20a,openproj_ui/src/com/projity/pm/graphic/images/RBS.gif,e29cdaef313baf28b14c7598702a7fb525b8a8b3201d3d2fd502cef87f249a71,0530be227f4a10c5545cce8d3db20ac5a4d76a66,REVIEW_REQUIRED,Unknown,true,REVIEW_REQUIRED,REVIEW_REQUIRED,KEEP_OPENPROJ,normalized content matches OpenProj baseline,
modules/microproject_ui/src/main/resources/com/microproject/pm/graphic/images/RBS.svg,microproject_ui,resource,HEAD,d3332fdadc82c36f77bdc6fd266f673a1da9b1f56d833bab48ce92206eb87507,d2fa3c20a,,,0530be227f4a10c5545cce8d3db20ac5a4d76a66,REVIEW_REQUIRED,Unknown,false,REVIEW_REQUIRED,REVIEW_REQUIRED,REVIEW,no path match in OpenProj baseline; classify origin manually,
modules/microproject_ui/src/main/resources/com/microproject/pm/graphic/images/RedCircle.gif,microproject_ui,resource,HEAD,09de253de349ef79812240bdc3c0c0b965723a63a4d86b6c34a2054da42dba2a,d2fa3c20a,openproj_ui/src/com/projity/pm/graphic/images/RedCircle.gif,09de253de349ef79812240bdc3c0c0b965723a63a4d86b6c34a2054da42dba2a,0530be227f4a10c5545cce8d3db20ac5a4d76a66,REVIEW_REQUIRED,Unknown,true,REVIEW_REQUIRED,REVIEW_REQUIRED,KEEP_OPENPROJ,normalized content matches OpenProj baseline,
modules/microproject_ui/src/main/resources/com/microproject/pm/graphic/images/WBS-16.svg,microproject_ui,resource,HEAD,a57d1648d60565acb319577451292002b4f7cf44b3cca262be2ba8312f2c1875,d2fa3c20a,,,0530be227f4a10c5545cce8d3db20ac5a4d76a66,REVIEW_REQUIRED,Unknown,false,REVIEW_REQUIRED,REVIEW_REQUIRED,REVIEW,no path match in OpenProj baseline; classify origin manually,
modules/microproject_ui/src/main/resources/com/microproject/pm/graphic/images/WBS-20.svg,microproject_ui,resource,HEAD,919b6da28ae8608d034b525a13a872734d22434211bccb10b9d43f225f275f76,d2fa3c20a,,,0530be227f4a10c5545cce8d3db20ac5a4d76a66,REVIEW_REQUIRED,Unknown,false,REVIEW_REQUIRED,REVIEW_REQUIRED,REVIEW,no path match in OpenProj baseline; classify origin manually,
modules/microproject_ui/src/main/resources/com/microproject/pm/graphic/images/WBS-32.svg,microproject_ui,resource,HEAD,bf06be369ce245c78ca2ada1654a488edfc5c963923479f6acbda56be60fdc13,d2fa3c20a,,,0530be227f4a10c5545cce8d3db20ac5a4d76a66,REVIEW_REQUIRED,Unknown,false,REVIEW_REQUIRED,REVIEW_REQUIRED,REVIEW,no path match in OpenProj baseline; classify origin manually,
modules/microproject_ui/src/main/resources/com/microproject/pm/graphic/images/WBS.gif,microproject_ui,resource,HEAD,549ca25788dc82cf04f4d4a0fbfa48454a1756e85f80da17db55538d4ad82f63,d2fa3c20a,openproj_ui/src/com/projity/pm/graphic/images/WBS.gif,549ca25788dc82cf04f4d4a0fbfa48454a1756e85f80da17db55538d4ad82f63,0530be227f4a10c5545cce8d3db20ac5a4d76a66,REVIEW_REQUIRED,Unknown,true,REVIEW_REQUIRED,REVIEW_REQUIRED,KEEP_OPENPROJ,normalized content matches OpenProj baseline,
modules/microproject_ui/src/main/resources/com/microproject/pm/graphic/images/WBS.svg,microproject_ui,resource,HEAD,85e63b34c151350816105be45dff0f71d29f28ff963b6b7ee70819f4621d63b7,d2fa3c20a,,,0530be227f4a10c5545cce8d3db20ac5a4d76a66,REVIEW_REQUIRED,Unknown,false,REVIEW_REQUIRED,REVIEW_REQUIRED,REVIEW,no path match in OpenProj baseline; classify origin manually,
modules/microproject_ui/src/main/resources/com/microproject/pm/graphic/images/YellowCircle.gif,microproject_ui,resource,HEAD,682161311d40e77c52e5cb1f648c20941ec2169f62d6ccbb7ea2b70915eaa16f,d2fa3c20a,openproj_ui/src/com/projity/pm/graphic/images/YellowCircle.gif,682161311d40e77c52e5cb1f648c20941ec2169f62d6ccbb7ea2b70915eaa16f,0530be227f4a10c5545cce8d3db20ac5a4d76a66,REVIEW_REQUIRED,Unknown,true,REVIEW_REQUIRED,REVIEW_REQUIRED,KEEP_OPENPROJ,normalized content matches OpenProj baseline,
modules/microproject_ui/src/main/resources/com/microproject/pm/graphic/images/application.gif,microproject_ui,resource,HEAD,eeb4f33e51a0d83f49a7b756af2a9afe54dedb738d6ef48f025e8c1df1d39f00,d2fa3c20a,openproj_ui/src/com/projity/pm/graphic/images/application.gif,eeb4f33e51a0d83f49a7b756af2a9afe54dedb738d6ef48f025e8c1df1d39f00,0530be227f4a10c5545cce8d3db20ac5a4d76a66,REVIEW_REQUIRED,Unknown,true,REVIEW_REQUIRED,REVIEW_REQUIRED,KEEP_OPENPROJ,normalized content matches OpenProj baseline,
modules/microproject_ui/src/main/resources/com/microproject/pm/graphic/images/arrangeAll-16.svg,microproject_ui,resource,HEAD,8a1421dc4218c0f7539413670ad409bd9fff57baccc069566432538fd93032cd,d2fa3c20a,,,0530be227f4a10c5545cce8d3db20ac5a4d76a66,REVIEW_REQUIRED,Unknown,false,REVIEW_REQUIRED,REVIEW_REQUIRED,REVIEW,no path match in OpenProj baseline; classify origin manually,
modules/microproject_ui/src/main/resources/com/microproject/pm/graphic/images/arrangeAll-20.svg,microproject_ui,resource,HEAD,8a1421dc4218c0f7539413670ad409bd9fff57baccc069566432538fd93032cd,d2fa3c20a,,,0530be227f4a10c5545cce8d3db20ac5a4d76a66,REVIEW_REQUIRED,Unknown,false,REVIEW_REQUIRED,REVIEW_REQUIRED,REVIEW,no path match in OpenProj baseline; classify origin manually,
modules/microproject_ui/src/main/resources/com/microproject/pm/graphic/images/arrangeAll-32.svg,microproject_ui,resource,HEAD,8a1421dc4218c0f7539413670ad409bd9fff57baccc069566432538fd93032cd,d2fa3c20a,,,0530be227f4a10c5545cce8d3db20ac5a4d76a66,REVIEW_REQUIRED,Unknown,false,REVIEW_REQUIRED,REVIEW_REQUIRED,REVIEW,no path match in OpenProj baseline; classify origin manually,
modules/microproject_ui/src/main/resources/com/microproject/pm/graphic/images/arrangeAll.svg,microproject_ui,resource,HEAD,06f575a85283918b6812bc7bbb4d4dbec1802cbe51727659f67bde16e78a1345,d2fa3c20a,,,0530be227f4a10c5545cce8d3db20ac5a4d76a66,REVIEW_REQUIRED,Unknown,false,REVIEW_REQUIRED,REVIEW_REQUIRED,REVIEW,no path match in OpenProj baseline; classify origin manually,
modules/microproject_ui/src/main/resources/com/microproject/pm/graphic/images/assign24.gif,microproject_ui,resource,HEAD,70b7cdb1cc31fc8dcef10eb3b01204f60c65de7bdd0b75b0f32c50efc618f99a,d2fa3c20a,openproj_ui/src/com/projity/pm/graphic/images/assign24.gif,70b7cdb1cc31fc8dcef10eb3b01204f60c65de7bdd0b75b0f32c50efc618f99a,0530be227f4a10c5545cce8d3db20ac5a4d76a66,REVIEW_REQUIRED,Unknown,true,REVIEW_REQUIRED,REVIEW_REQUIRED,KEEP_OPENPROJ,normalized content matches OpenProj baseline,
modules/microproject_ui/src/main/resources/com/microproject/pm/graphic/images/big/assign-document.gif,microproject_ui,resource,HEAD,38485ba347a83045ff8b0d87d8dd92c6a1fd392e0c06a068e2e0e8716f188f59,d2fa3c20a,openproj_ui/src/com/projity/pm/graphic/images/big/assign-document.gif,38485ba347a83045ff8b0d87d8dd92c6a1fd392e0c06a068e2e0e8716f188f59,0530be227f4a10c5545cce8d3db20ac5a4d76a66,REVIEW_REQUIRED,Unknown,true,REVIEW_REQUIRED,REVIEW_REQUIRED,KEEP_OPENPROJ,normalized content matches OpenProj baseline,
modules/microproject_ui/src/main/resources/com/microproject/pm/graphic/images/big/assign-document.svg,microproject_ui,resource,HEAD,8c1ee176b0570a6a3dd474da062ca01b18846b64f33b9adbad231e5aefd010a6,d2fa3c20a,,,0530be227f4a10c5545cce8d3db20ac5a4d76a66,REVIEW_REQUIRED,Unknown,false,REVIEW_REQUIRED,REVIEW_REQUIRED,REVIEW,no path match in OpenProj baseline; classify origin manually,
modules/microproject_ui/src/main/resources/com/microproject/pm/graphic/images/big/calendar24.png,microproject_ui,resource,HEAD,6bb3871239039f587da23dfa9dff499fc5b87c2b9290083cfec7ff8d3d19622e,d2fa3c20a,openproj_ui/src/com/projity/pm/graphic/images/big/calendar24.png,6bb3871239039f587da23dfa9dff499fc5b87c2b9290083cfec7ff8d3d19622e,0530be227f4a10c5545cce8d3db20ac5a4d76a66,REVIEW_REQUIRED,Unknown,true,REVIEW_REQUIRED,REVIEW_REQUIRED,KEEP_OPENPROJ,normalized content matches OpenProj baseline,
modules/microproject_ui/src/main/resources/com/microproject/pm/graphic/images/big/close-project.png,microproject_ui,resource,HEAD,aa4c1b705dd4a3993257115d08a9b4a729e9db978d04c9751e8523e5e11d1e60,d2fa3c20a,openproj_ui/src/com/projity/pm/graphic/images/big/close-project.png,aa4c1b705dd4a3993257115d08a9b4a729e9db978d04c9751e8523e5e11d1e60,0530be227f4a10c5545cce8d3db20ac5a4d76a66,REVIEW_REQUIRED,Unknown,true,REVIEW_REQUIRED,REVIEW_REQUIRED,KEEP_OPENPROJ,normalized content matches OpenProj baseline,
modules/microproject_ui/src/main/resources/com/microproject/pm/graphic/images/big/delegatedTool.gif,microproject_ui,resource,HEAD,3d17c73b1d5e435a41079abe254d451a36231677c29b0b6fd60ebf8ee5867bb0,d2fa3c20a,openproj_ui/src/com/projity/pm/graphic/images/big/delegatedTool.gif,3d17c73b1d5e435a41079abe254d451a36231677c29b0b6fd60ebf8ee5867bb0,0530be227f4a10c5545cce8d3db20ac5a4d76a66,REVIEW_REQUIRED,Unknown,true,REVIEW_REQUIRED,REVIEW_REQUIRED,KEEP_OPENPROJ,normalized content matches OpenProj baseline,
modules/microproject_ui/src/main/resources/com/microproject/pm/graphic/images/big/disk.png,microproject_ui,resource,HEAD,14588f298fe29ca0c5b7cb61832220008db0bec439a75d3d95b1c62e5e6a00a7,d2fa3c20a,openproj_ui/src/com/projity/pm/graphic/images/big/disk.png,14588f298fe29ca0c5b7cb61832220008db0bec439a75d3d95b1c62e5e6a00a7,0530be227f4a10c5545cce8d3db20ac5a4d76a66,REVIEW_REQUIRED,Unknown,true,REVIEW_REQUIRED,REVIEW_REQUIRED,KEEP_OPENPROJ,normalized content matches OpenProj baseline,
modules/microproject_ui/src/main/resources/com/microproject/pm/graphic/images/big/document-new.png,microproject_ui,resource,HEAD,ed6b5aeb8f31b2c2d9b41dd010022b1474c83d4a62d1b7a01251144fe3aeaa28,d2fa3c20a,openproj_ui/src/com/projity/pm/graphic/images/big/document-new.png,ed6b5aeb8f31b2c2d9b41dd010022b1474c83d4a62d1b7a01251144fe3aeaa28,0530be227f4a10c5545cce8d3db20ac5a4d76a66,REVIEW_REQUIRED,Unknown,true,REVIEW_REQUIRED,REVIEW_REQUIRED,KEEP_OPENPROJ,normalized content matches OpenProj baseline,
modules/microproject_ui/src/main/resources/com/microproject/pm/graphic/images/big/document-open.png,microproject_ui,resource,HEAD,cb5c76bfe00a81ba7684ec545cae3fdddf695a1d65b86c14cbaee47e8a583ff5,d2fa3c20a,openproj_ui/src/com/projity/pm/graphic/images/big/document-open.png,cb5c76bfe00a81ba7684ec545cae3fdddf695a1d65b86c14cbaee47e8a583ff5,0530be227f4a10c5545cce8d3db20ac5a4d76a66,REVIEW_REQUIRED,Unknown,true,REVIEW_REQUIRED,REVIEW_REQUIRED,KEEP_OPENPROJ,normalized content matches OpenProj baseline,
modules/microproject_ui/src/main/resources/com/microproject/pm/graphic/images/big/document-print-preview.png,microproject_ui,resource,HEAD,4b32a10092c048583f050d43f8a9440fb7778fd2c49a065365935af2b5657fc0,d2fa3c20a,openproj_ui/src/com/projity/pm/graphic/images/big/document-print-preview.png,4b32a10092c048583f050d43f8a9440fb7778fd2c49a065365935af2b5657fc0,0530be227f4a10c5545cce8d3db20ac5a4d76a66,REVIEW_REQUIRED,Unknown,true,REVIEW_REQUIRED,REVIEW_REQUIRED,KEEP_OPENPROJ,normalized content matches OpenProj baseline,
modules/microproject_ui/src/main/resources/com/microproject/pm/graphic/images/big/document-print.png,microproject_ui,resource,HEAD,228d0df60e15a87f5c12ef3dac84e3d8dba24cd88bca7edfc054e69d43106505,d2fa3c20a,openproj_ui/src/com/projity/pm/graphic/images/big/document-print.png,228d0df60e15a87f5c12ef3dac84e3d8dba24cd88bca7edfc054e69d43106505,0530be227f4a10c5545cce8d3db20ac5a4d76a66,REVIEW_REQUIRED,Unknown,true,REVIEW_REQUIRED,REVIEW_REQUIRED,KEEP_OPENPROJ,normalized content matches OpenProj baseline,
modules/microproject_ui/src/main/resources/com/microproject/pm/graphic/images/big/document-save-as.png,microproject_ui,resource,HEAD,0f8d5d5c937c053f1f331a9091f932ba62d4f68ca2d67e06797b567e4333c0eb,d2fa3c20a,openproj_ui/src/com/projity/pm/graphic/images/big/document-save-as.png,0f8d5d5c937c053f1f331a9091f932ba62d4f68ca2d67e06797b567e4333c0eb,0530be227f4a10c5545cce8d3db20ac5a4d76a66,REVIEW_REQUIRED,Unknown,true,REVIEW_REQUIRED,REVIEW_REQUIRED,KEEP_OPENPROJ,normalized content matches OpenProj baseline,
modules/microproject_ui/src/main/resources/com/microproject/pm/graphic/images/big/document-save.png,microproject_ui,resource,HEAD,7493168992d3908d57506bb55937fe9473b2586e728905756841a58f1d6362e8,d2fa3c20a,openproj_ui/src/com/projity/pm/graphic/images/big/document-save.png,7493168992d3908d57506bb55937fe9473b2586e728905756841a58f1d6362e8,0530be227f4a10c5545cce8d3db20ac5a4d76a66,REVIEW_REQUIRED,Unknown,true,REVIEW_REQUIRED,REVIEW_REQUIRED,KEEP_OPENPROJ,normalized content matches OpenProj baseline,
modules/microproject_ui/src/main/resources/com/microproject/pm/graphic/images/big/edit-clear.png,microproject_ui,resource,HEAD,169181623c7a5b96390502f4b2986c156022e7cedf8f839d372c9082d1046ae5,d2fa3c20a,openproj_ui/src/com/projity/pm/graphic/images/big/edit-clear.png,169181623c7a5b96390502f4b2986c156022e7cedf8f839d372c9082d1046ae5,0530be227f4a10c5545cce8d3db20ac5a4d76a66,REVIEW_REQUIRED,Unknown,true,REVIEW_REQUIRED,REVIEW_REQUIRED,KEEP_OPENPROJ,normalized content matches OpenProj baseline,
modules/microproject_ui/src/main/resources/com/microproject/pm/graphic/images/big/edit-copy.png,microproject_ui,resource,HEAD,ce7a43dad8f57291ece2cd33b05bd4ed17aca42bafc1469c7859f17280b17747,d2fa3c20a,openproj_ui/src/com/projity/pm/graphic/images/big/edit-copy.png,ce7a43dad8f57291ece2cd33b05bd4ed17aca42bafc1469c7859f17280b17747,0530be227f4a10c5545cce8d3db20ac5a4d76a66,REVIEW_REQUIRED,Unknown,true,REVIEW_REQUIRED,REVIEW_REQUIRED,KEEP_OPENPROJ,normalized content matches OpenProj baseline,
modules/microproject_ui/src/main/resources/com/microproject/pm/graphic/images/big/edit-cut.png,microproject_ui,resource,HEAD,70f51d725d76b769390b2e9c847f223db4834da9682965ae4c71887d5ecd595c,d2fa3c20a,openproj_ui/src/com/projity/pm/graphic/images/big/edit-cut.png,70f51d725d76b769390b2e9c847f223db4834da9682965ae4c71887d5ecd595c,0530be227f4a10c5545cce8d3db20ac5a4d76a66,REVIEW_REQUIRED,Unknown,true,REVIEW_REQUIRED,REVIEW_REQUIRED,KEEP_OPENPROJ,normalized content matches OpenProj baseline,
modules/microproject_ui/src/main/resources/com/microproject/pm/graphic/images/big/edit-delete.png,microproject_ui,resource,HEAD,ab357833a435f4a2f586e16760af49320813fb8e5a2361dd043d63448b122dd8,d2fa3c20a,openproj_ui/src/com/projity/pm/graphic/images/big/edit-delete.png,ab357833a435f4a2f586e16760af49320813fb8e5a2361dd043d63448b122dd8,0530be227f4a10c5545cce8d3db20ac5a4d76a66,REVIEW_REQUIRED,Unknown,true,REVIEW_REQUIRED,REVIEW_REQUIRED,KEEP_OPENPROJ,normalized content matches OpenProj baseline,
modules/microproject_ui/src/main/resources/com/microproject/pm/graphic/images/big/edit-paste.png,microproject_ui,resource,HEAD,db6f0f2644bd155e6f0cbe8519082aa6e3d6a0bbcea7b2485e38e9071f4b19bc,d2fa3c20a,openproj_ui/src/com/projity/pm/graphic/images/big/edit-paste.png,db6f0f2644bd155e6f0cbe8519082aa6e3d6a0bbcea7b2485e38e9071f4b19bc,0530be227f4a10c5545cce8d3db20ac5a4d76a66,REVIEW_REQUIRED,Unknown,true,REVIEW_REQUIRED,REVIEW_REQUIRED,KEEP_OPENPROJ,normalized content matches OpenProj baseline,
modules/microproject_ui/src/main/resources/com/microproject/pm/graphic/images/big/edit-redo.png,microproject_ui,resource,HEAD,c4bf79c2a22cd8a6d2aed1f37f0ece06228d949d0755e3af20400f7648d77d29,d2fa3c20a,openproj_ui/src/com/projity/pm/graphic/images/big/edit-redo.png,c4bf79c2a22cd8a6d2aed1f37f0ece06228d949d0755e3af20400f7648d77d29,0530be227f4a10c5545cce8d3db20ac5a4d76a66,REVIEW_REQUIRED,Unknown,true,REVIEW_REQUIRED,REVIEW_REQUIRED,KEEP_OPENPROJ,normalized content matches OpenProj baseline,
modules/microproject_ui/src/main/resources/com/microproject/pm/graphic/images/big/edit-redo.svg,microproject_ui,resource,HEAD,52cf5c6deae35e141575d93215d8c6df28e1c34a91b1db25358b1156186d1fe6,d2fa3c20a,,,0530be227f4a10c5545cce8d3db20ac5a4d76a66,REVIEW_REQUIRED,Unknown,false,REVIEW_REQUIRED,REVIEW_REQUIRED,REVIEW,no path match in OpenProj baseline; classify origin manually,
modules/microproject_ui/src/main/resources/com/microproject/pm/graphic/images/big/edit-undo.png,microproject_ui,resource,HEAD,8fccb74471cd0e97547c906af8cca2b0e2922802586f4bdbf5d2b0796dfa51c9,d2fa3c20a,openproj_ui/src/com/projity/pm/graphic/images/big/edit-undo.png,8fccb74471cd0e97547c906af8cca2b0e2922802586f4bdbf5d2b0796dfa51c9,0530be227f4a10c5545cce8d3db20ac5a4d76a66,REVIEW_REQUIRED,Unknown,true,REVIEW_REQUIRED,REVIEW_REQUIRED,KEEP_OPENPROJ,normalized content matches OpenProj baseline,
modules/microproject_ui/src/main/resources/com/microproject/pm/graphic/images/big/edit-undo.svg,microproject_ui,resource,HEAD,f506d791aee9dc1e351ec51f6ba1d69c833a08bfd9e8d53e53a624266c4d8e5f,d2fa3c20a,,,0530be227f4a10c5545cce8d3db20ac5a4d76a66,REVIEW_REQUIRED,Unknown,false,REVIEW_REQUIRED,REVIEW_REQUIRED,REVIEW,no path match in OpenProj baseline; classify origin manually,
modules/microproject_ui/src/main/resources/com/microproject/pm/graphic/images/big/exit.png,microproject_ui,resource,HEAD,10534a258c7543995e716dbdcbe4452ed0a984868c0a05df955f8bc7464cc02e,d2fa3c20a,openproj_ui/src/com/projity/pm/graphic/images/big/exit.png,10534a258c7543995e716dbdcbe4452ed0a984868c0a05df955f8bc7464cc02e,0530be227f4a10c5545cce8d3db20ac5a4d76a66,REVIEW_REQUIRED,Unknown,true,REVIEW_REQUIRED,REVIEW_REQUIRED,KEEP_OPENPROJ,normalized content matches OpenProj baseline,
modules/microproject_ui/src/main/resources/com/microproject/pm/graphic/images/big/export-project.png,microproject_ui,resource,HEAD,f7dc32da2e27381154abf2d244fe3de5d5692aff0a6f385eef4982f1db06f7e3,d2fa3c20a,openproj_ui/src/com/projity/pm/graphic/images/big/export-project.png,f7dc32da2e27381154abf2d244fe3de5d5692aff0a6f385eef4982f1db06f7e3,0530be227f4a10c5545cce8d3db20ac5a4d76a66,REVIEW_REQUIRED,Unknown,true,REVIEW_REQUIRED,REVIEW_REQUIRED,KEEP_OPENPROJ,normalized content matches OpenProj baseline,
modules/microproject_ui/src/main/resources/com/microproject/pm/graphic/images/big/full-screen.png,microproject_ui,resource,HEAD,37006d15eeb69136f32da54d035323437dce89bdf7474fd755ebf40bcd976d04,d2fa3c20a,openproj_ui/src/com/projity/pm/graphic/images/big/full-screen.png,37006d15eeb69136f32da54d035323437dce89bdf7474fd755ebf40bcd976d04,0530be227f4a10c5545cce8d3db20ac5a4d76a66,REVIEW_REQUIRED,Unknown,true,REVIEW_REQUIRED,REVIEW_REQUIRED,KEEP_OPENPROJ,normalized content matches OpenProj baseline,
modules/microproject_ui/src/main/resources/com/microproject/pm/graphic/images/big/gear.png,microproject_ui,resource,HEAD,57ef612adda9b6e2c504a3b8c288508f23f006962edb0843e0b66bb31c008e93,d2fa3c20a,openproj_ui/src/com/projity/pm/graphic/images/big/gear.png,57ef612adda9b6e2c504a3b8c288508f23f006962edb0843e0b66bb31c008e93,0530be227f4a10c5545cce8d3db20ac5a4d76a66,REVIEW_REQUIRED,Unknown,true,REVIEW_REQUIRED,REVIEW_REQUIRED,KEEP_OPENPROJ,normalized content matches OpenProj baseline,
modules/microproject_ui/src/main/resources/com/microproject/pm/graphic/images/big/globe16.png,microproject_ui,resource,HEAD,44cd99063bcc0b5976b1cdf07de946b1068e907d9bdf41b09ec1dcd90c692f76,d2fa3c20a,,,0530be227f4a10c5545cce8d3db20ac5a4d76a66,REVIEW_REQUIRED,Unknown,false,REVIEW_REQUIRED,REVIEW_REQUIRED,REVIEW,no path match in OpenProj baseline; classify origin manually,
modules/microproject_ui/src/main/resources/com/microproject/pm/graphic/images/big/globe24.png,microproject_ui,resource,HEAD,94ce46c10f8e61628134f00a05083e4493071eef92995ceac997114cdb1df5bf,d2fa3c20a,,,0530be227f4a10c5545cce8d3db20ac5a4d76a66,REVIEW_REQUIRED,Unknown,false,REVIEW_REQUIRED,REVIEW_REQUIRED,REVIEW,no path match in OpenProj baseline; classify origin manually,
modules/microproject_ui/src/main/resources/com/microproject/pm/graphic/images/big/globe24.svg,microproject_ui,resource,HEAD,f5c7377fc8bae9a75ea1f92f25e60589f4465e5b54f4d7670a0dd57c6e975433,d2fa3c20a,,,0530be227f4a10c5545cce8d3db20ac5a4d76a66,REVIEW_REQUIRED,Unknown,false,REVIEW_REQUIRED,REVIEW_REQUIRED,REVIEW,no path match in OpenProj baseline; classify origin manually,
modules/microproject_ui/src/main/resources/com/microproject/pm/graphic/images/big/import-project.png,microproject_ui,resource,HEAD,b498cc2ee4a9db9df7aba4353a3ad6ef7a33933856c848e6de46d7f5c8413ae2,d2fa3c20a,openproj_ui/src/com/projity/pm/graphic/images/big/import-project.png,b498cc2ee4a9db9df7aba4353a3ad6ef7a33933856c848e6de46d7f5c8413ae2,0530be227f4a10c5545cce8d3db20ac5a4d76a66,REVIEW_REQUIRED,Unknown,true,REVIEW_REQUIRED,REVIEW_REQUIRED,KEEP_OPENPROJ,normalized content matches OpenProj baseline,
modules/microproject_ui/src/main/resources/com/microproject/pm/graphic/images/big/indent.gif,microproject_ui,resource,HEAD,5e0dc7d3bccda9af8855e927907c8920676246834c2ba00230258fa4882ae94d,d2fa3c20a,openproj_ui/src/com/projity/pm/graphic/images/big/indent.gif,5e0dc7d3bccda9af8855e927907c8920676246834c2ba00230258fa4882ae94d,0530be227f4a10c5545cce8d3db20ac5a4d76a66,REVIEW_REQUIRED,Unknown,true,REVIEW_REQUIRED,REVIEW_REQUIRED,KEEP_OPENPROJ,normalized content matches OpenProj baseline,
modules/microproject_ui/src/main/resources/com/microproject/pm/graphic/images/big/insert-project.png,microproject_ui,resource,HEAD,c4e1cc3593f015cb257623595366509ccf36f8283a74b19e7be352bfe45001eb,d2fa3c20a,openproj_ui/src/com/projity/pm/graphic/images/big/insert-project.png,c4e1cc3593f015cb257623595366509ccf36f8283a74b19e7be352bfe45001eb,0530be227f4a10c5545cce8d3db20ac5a4d76a66,REVIEW_REQUIRED,Unknown,true,REVIEW_REQUIRED,REVIEW_REQUIRED,KEEP_OPENPROJ,normalized content matches OpenProj baseline,
modules/microproject_ui/src/main/resources/com/microproject/pm/graphic/images/big/insert-resource.png,microproject_ui,resource,HEAD,e8058ba076bf55729da814465360e1533f9002d9b820ba662edbb9055d5a6b6f,d2fa3c20a,openproj_ui/src/com/projity/pm/graphic/images/big/insert-resource.png,e8058ba076bf55729da814465360e1533f9002d9b820ba662edbb9055d5a6b6f,0530be227f4a10c5545cce8d3db20ac5a4d76a66,REVIEW_REQUIRED,Unknown,true,REVIEW_REQUIRED,REVIEW_REQUIRED,KEEP_OPENPROJ,normalized content matches OpenProj baseline,
modules/microproject_ui/src/main/resources/com/microproject/pm/graphic/images/big/insert-task.png,microproject_ui,resource,HEAD,b1406a4c5518f7f256d38ce6ecc4d8a30190659c9729c1483fb8e412af41107c,d2fa3c20a,openproj_ui/src/com/projity/pm/graphic/images/big/insert-task.png,b1406a4c5518f7f256d38ce6ecc4d8a30190659c9729c1483fb8e412af41107c,0530be227f4a10c5545cce8d3db20ac5a4d76a66,REVIEW_REQUIRED,Unknown,true,REVIEW_REQUIRED,REVIEW_REQUIRED,KEEP_OPENPROJ,normalized content matches OpenProj baseline,
modules/microproject_ui/src/main/resources/com/microproject/pm/graphic/images/big/notepad.png,microproject_ui,resource,HEAD,c31c28ae7423d8fc61a6970147019452b7ac0a7bf45af22ca37b15d7ebd0fb86,d2fa3c20a,openproj_ui/src/com/projity/pm/graphic/images/big/notepad.png,c31c28ae7423d8fc61a6970147019452b7ac0a7bf45af22ca37b15d7ebd0fb86,0530be227f4a10c5545cce8d3db20ac5a4d76a66,REVIEW_REQUIRED,Unknown,true,REVIEW_REQUIRED,REVIEW_REQUIRED,KEEP_OPENPROJ,normalized content matches OpenProj baseline,
modules/microproject_ui/src/main/resources/com/microproject/pm/graphic/images/big/outdent.gif,microproject_ui,resource,HEAD,8aa6b48eed99e7868dffa6186a64db2d8df3e9dbe796a8fa3cabefb6d9b50c36,d2fa3c20a,openproj_ui/src/com/projity/pm/graphic/images/big/outdent.gif,8aa6b48eed99e7868dffa6186a64db2d8df3e9dbe796a8fa3cabefb6d9b50c36,0530be227f4a10c5545cce8d3db20ac5a4d76a66,REVIEW_REQUIRED,Unknown,true,REVIEW_REQUIRED,REVIEW_REQUIRED,KEEP_OPENPROJ,normalized content matches OpenProj baseline,
modules/microproject_ui/src/main/resources/com/microproject/pm/graphic/images/big/package_system.png,microproject_ui,resource,HEAD,14398809ce6a89bd1fa590bd49a2b3b4aa8df00e3048a16c263c463280ddf50f,d2fa3c20a,openproj_ui/src/com/projity/pm/graphic/images/big/package_system.png,14398809ce6a89bd1fa590bd49a2b3b4aa8df00e3048a16c263c463280ddf50f,0530be227f4a10c5545cce8d3db20ac5a4d76a66,REVIEW_REQUIRED,Unknown,true,REVIEW_REQUIRED,REVIEW_REQUIRED,KEEP_OPENPROJ,normalized content matches OpenProj baseline,
modules/microproject_ui/src/main/resources/com/microproject/pm/graphic/images/big/palette.png,microproject_ui,resource,HEAD,3ab0d50eda4b3e665b981210d0ad40e570073ebfc8cd682b4fe18a70e52def24,d2fa3c20a,openproj_ui/src/com/projity/pm/graphic/images/big/palette.png,3ab0d50eda4b3e665b981210d0ad40e570073ebfc8cd682b4fe18a70e52def24,0530be227f4a10c5545cce8d3db20ac5a4d76a66,REVIEW_REQUIRED,Unknown,true,REVIEW_REQUIRED,REVIEW_REQUIRED,KEEP_OPENPROJ,normalized content matches OpenProj baseline,
modules/microproject_ui/src/main/resources/com/microproject/pm/graphic/images/big/pdf.png,microproject_ui,resource,HEAD,3b5b49f331b20e3c20b218973df6638d3fbb61c2a49e3f547ddcf68d1ea0fbaa,d2fa3c20a,openproj_ui/src/com/projity/pm/graphic/images/big/pdf.png,3b5b49f331b20e3c20b218973df6638d3fbb61c2a49e3f547ddcf68d1ea0fbaa,0530be227f4a10c5545cce8d3db20ac5a4d76a66,REVIEW_REQUIRED,Unknown,true,REVIEW_REQUIRED,REVIEW_REQUIRED,KEEP_OPENPROJ,normalized content matches OpenProj baseline,
modules/microproject_ui/src/main/resources/com/microproject/pm/graphic/images/big/project-details.png,microproject_ui,resource,HEAD,5c03002f6b7591293d41ba2d761be3bdca6e2d5c1b8680f4547a529b720b50f4,d2fa3c20a,openproj_ui/src/com/projity/pm/graphic/images/big/project-details.png,5c03002f6b7591293d41ba2d761be3bdca6e2d5c1b8680f4547a529b720b50f4,0530be227f4a10c5545cce8d3db20ac5a4d76a66,REVIEW_REQUIRED,Unknown,true,REVIEW_REQUIRED,REVIEW_REQUIRED,KEEP_OPENPROJ,normalized content matches OpenProj baseline,
modules/microproject_ui/src/main/resources/com/microproject/pm/graphic/images/big/projects24.png,microproject_ui,resource,HEAD,9c8203f34bd3e837abd034ac3140243f175ab91dc927c601351069b225e028bd,d2fa3c20a,openproj_ui/src/com/projity/pm/graphic/images/big/projects24.png,9c8203f34bd3e837abd034ac3140243f175ab91dc927c601351069b225e028bd,0530be227f4a10c5545cce8d3db20ac5a4d76a66,REVIEW_REQUIRED,Unknown,true,REVIEW_REQUIRED,REVIEW_REQUIRED,KEEP_OPENPROJ,normalized content matches OpenProj baseline,
modules/microproject_ui/src/main/resources/com/microproject/pm/graphic/images/big/projects24.svg,microproject_ui,resource,HEAD,038bd854c4ca7749a125f6e1cf84ec8f33defe091fd738dfc5d3af76648eb1c5,d2fa3c20a,,,0530be227f4a10c5545cce8d3db20ac5a4d76a66,REVIEW_REQUIRED,Unknown,false,REVIEW_REQUIRED,REVIEW_REQUIRED,REVIEW,no path match in OpenProj baseline; classify origin manually,
modules/microproject_ui/src/main/resources/com/microproject/pm/graphic/images/big/question.png,microproject_ui,resource,HEAD,2f07f45c9f03e2083e2bf921778b675ead235af794324868a032e85eec260f80,d2fa3c20a,openproj_ui/src/com/projity/pm/graphic/images/big/question.png,2f07f45c9f03e2083e2bf921778b675ead235af794324868a032e85eec260f80,0530be227f4a10c5545cce8d3db20ac5a4d76a66,REVIEW_REQUIRED,Unknown,true,REVIEW_REQUIRED,REVIEW_REQUIRED,KEEP_OPENPROJ,normalized content matches OpenProj baseline,
modules/microproject_ui/src/main/resources/com/microproject/pm/graphic/images/big/reload.png,microproject_ui,resource,HEAD,a3fee93403a55d22fb1127328413c85ae93ce78d882112e61b9d7439cb2c43d7,d2fa3c20a,openproj_ui/src/com/projity/pm/graphic/images/big/reload.png,a3fee93403a55d22fb1127328413c85ae93ce78d882112e61b9d7439cb2c43d7,0530be227f4a10c5545cce8d3db20ac5a4d76a66,REVIEW_REQUIRED,Unknown,true,REVIEW_REQUIRED,REVIEW_REQUIRED,KEEP_OPENPROJ,normalized content matches OpenProj baseline,
modules/microproject_ui/src/main/resources/com/microproject/pm/graphic/images/big/resource-details.png,microproject_ui,resource,HEAD,ac40453253e485b071ac4519b271d6b9f40cf8d0d35b39430db607d62fcb065a,d2fa3c20a,openproj_ui/src/com/projity/pm/graphic/images/big/resource-details.png,ac40453253e485b071ac4519b271d6b9f40cf8d0d35b39430db607d62fcb065a,0530be227f4a10c5545cce8d3db20ac5a4d76a66,REVIEW_REQUIRED,Unknown,true,REVIEW_REQUIRED,REVIEW_REQUIRED,KEEP_OPENPROJ,normalized content matches OpenProj baseline,
modules/microproject_ui/src/main/resources/com/microproject/pm/graphic/images/big/scrollToTask.gif,microproject_ui,resource,HEAD,8df0eae39301ec18cfb917af156a289cdd697b67c0afb69c0b196a310976d3ab,d2fa3c20a,openproj_ui/src/com/projity/pm/graphic/images/big/scrollToTask.gif,8df0eae39301ec18cfb917af156a289cdd697b67c0afb69c0b196a310976d3ab,0530be227f4a10c5545cce8d3db20ac5a4d76a66,REVIEW_REQUIRED,Unknown,true,REVIEW_REQUIRED,REVIEW_REQUIRED,KEEP_OPENPROJ,normalized content matches OpenProj baseline,
modules/microproject_ui/src/main/resources/com/microproject/pm/graphic/images/big/scrollToTask.svg,microproject_ui,resource,HEAD,21cfe2c3f9a58fa31558ea76c58a1623b7feddc570ee14f885260bed6b21fb6c,d2fa3c20a,,,0530be227f4a10c5545cce8d3db20ac5a4d76a66,REVIEW_REQUIRED,Unknown,false,REVIEW_REQUIRED,REVIEW_REQUIRED,REVIEW,no path match in OpenProj baseline; classify origin manually,
modules/microproject_ui/src/main/resources/com/microproject/pm/graphic/images/big/show-all-resources.gif,microproject_ui,resource,HEAD,709f3efa8706b8bbbad22d6cd6399f3749d1fe91a789a04306ab0ca5c29b324e,d2fa3c20a,openproj_ui/src/com/projity/pm/graphic/images/big/show-all-resources.gif,709f3efa8706b8bbbad22d6cd6399f3749d1fe91a789a04306ab0ca5c29b324e,0530be227f4a10c5545cce8d3db20ac5a4d76a66,REVIEW_REQUIRED,Unknown,true,REVIEW_REQUIRED,REVIEW_REQUIRED,KEEP_OPENPROJ,normalized content matches OpenProj baseline,
modules/microproject_ui/src/main/resources/com/microproject/pm/graphic/images/big/show-team-resources.gif,microproject_ui,resource,HEAD,ee532b029a360db9cab3d4d4d38b01bee39f9778afb1ee169eba930b8dff8e77,d2fa3c20a,openproj_ui/src/com/projity/pm/graphic/images/big/show-team-resources.gif,ee532b029a360db9cab3d4d4d38b01bee39f9778afb1ee169eba930b8dff8e77,0530be227f4a10c5545cce8d3db20ac5a4d76a66,REVIEW_REQUIRED,Unknown,true,REVIEW_REQUIRED,REVIEW_REQUIRED,KEEP_OPENPROJ,normalized content matches OpenProj baseline,
modules/microproject_ui/src/main/resources/com/microproject/pm/graphic/images/big/task-details.png,microproject_ui,resource,HEAD,4ce740bf69efa61c91d5a6926f6151c9a2a6d9abddf59fa052326f1f9cf38c6f,d2fa3c20a,openproj_ui/src/com/projity/pm/graphic/images/big/task-details.png,4ce740bf69efa61c91d5a6926f6151c9a2a6d9abddf59fa052326f1f9cf38c6f,0530be227f4a10c5545cce8d3db20ac5a4d76a66,REVIEW_REQUIRED,Unknown,true,REVIEW_REQUIRED,REVIEW_REQUIRED,KEEP_OPENPROJ,normalized content matches OpenProj baseline,
modules/microproject_ui/src/main/resources/com/microproject/pm/graphic/images/big/zoom-in.png,microproject_ui,resource,HEAD,71e501515d9403afd75cff897374641f4312601c93949e448e7490cb7e2c708d,d2fa3c20a,openproj_ui/src/com/projity/pm/graphic/images/big/zoom-in.png,71e501515d9403afd75cff897374641f4312601c93949e448e7490cb7e2c708d,0530be227f4a10c5545cce8d3db20ac5a4d76a66,REVIEW_REQUIRED,Unknown,true,REVIEW_REQUIRED,REVIEW_REQUIRED,KEEP_OPENPROJ,normalized content matches OpenProj baseline,
modules/microproject_ui/src/main/resources/com/microproject/pm/graphic/images/big/zoom-out.png,microproject_ui,resource,HEAD,eed7e340c6ac36c7c50a58c38b467d0dc8ba3bbd53c0b7df1f13730fb28c8739,d2fa3c20a,openproj_ui/src/com/projity/pm/graphic/images/big/zoom-out.png,eed7e340c6ac36c7c50a58c38b467d0dc8ba3bbd53c0b7df1f13730fb28c8739,0530be227f4a10c5545cce8d3db20ac5a4d76a66,REVIEW_REQUIRED,Unknown,true,REVIEW_REQUIRED,REVIEW_REQUIRED,KEEP_OPENPROJ,normalized content matches OpenProj baseline,
modules/microproject_ui/src/main/resources/com/microproject/pm/graphic/images/calendar.png,microproject_ui,resource,HEAD,e474cf7e09d1d027eead7af4651a810f90da768f1279a43b7664e43e05e49e34,d2fa3c20a,openproj_ui/src/com/projity/pm/graphic/images/calendar.png,e474cf7e09d1d027eead7af4651a810f90da768f1279a43b7664e43e05e49e34,0530be227f4a10c5545cce8d3db20ac5a4d76a66,REVIEW_REQUIRED,Unknown,true,REVIEW_REQUIRED,REVIEW_REQUIRED,KEEP_OPENPROJ,normalized content matches OpenProj baseline,
modules/microproject_ui/src/main/resources/com/microproject/pm/graphic/images/cancel.png,microproject_ui,resource,HEAD,c1667e9a940a56b738ac7a842ac3e712f5b36f7cf00b70c44b07f6d2c5596472,d2fa3c20a,openproj_ui/src/com/projity/pm/graphic/images/cancel.png,c1667e9a940a56b738ac7a842ac3e712f5b36f7cf00b70c44b07f6d2c5596472,0530be227f4a10c5545cce8d3db20ac5a4d76a66,REVIEW_REQUIRED,Unknown,true,REVIEW_REQUIRED,REVIEW_REQUIRED,KEEP_OPENPROJ,normalized content matches OpenProj baseline,
modules/microproject_ui/src/main/resources/com/microproject/pm/graphic/images/carre.png,microproject_ui,resource,HEAD,8ac545ccbbec0b474e6ae1b8ed065487af131daa773174e48a9c069208178c79,d2fa3c20a,openproj_ui/src/com/projity/pm/graphic/images/carre.png,8ac545ccbbec0b474e6ae1b8ed065487af131daa773174e48a9c069208178c79,0530be227f4a10c5545cce8d3db20ac5a4d76a66,REVIEW_REQUIRED,Unknown,true,REVIEW_REQUIRED,REVIEW_REQUIRED,KEEP_OPENPROJ,normalized content matches OpenProj baseline,
modules/microproject_ui/src/main/resources/com/microproject/pm/graphic/images/chart-16.svg,microproject_ui,resource,HEAD,a2e12c0c2704d772e025559b2d82c82dfb43a4cf1c8db7cde1d49d6dcd4cf01f,d2fa3c20a,,,0530be227f4a10c5545cce8d3db20ac5a4d76a66,REVIEW_REQUIRED,Unknown,false,REVIEW_REQUIRED,REVIEW_REQUIRED,REVIEW,no path match in OpenProj baseline; classify origin manually,
modules/microproject_ui/src/main/resources/com/microproject/pm/graphic/images/chart-20.svg,microproject_ui,resource,HEAD,1c250c9a1bf0a1cbfa71f7a85e2525732a5e2e9481bad18237b80e7d53bac4c9,d2fa3c20a,,,0530be227f4a10c5545cce8d3db20ac5a4d76a66,REVIEW_REQUIRED,Unknown,false,REVIEW_REQUIRED,REVIEW_REQUIRED,REVIEW,no path match in OpenProj baseline; classify origin manually,
modules/microproject_ui/src/main/resources/com/microproject/pm/graphic/images/chart-32.svg,microproject_ui,resource,HEAD,d3317d5fec44ab4101d8f519f677f32911ec525b3e2a878774dbed9407007cb4,d2fa3c20a,,,0530be227f4a10c5545cce8d3db20ac5a4d76a66,REVIEW_REQUIRED,Unknown,false,REVIEW_REQUIRED,REVIEW_REQUIRED,REVIEW,no path match in OpenProj baseline; classify origin manually,
modules/microproject_ui/src/main/resources/com/microproject/pm/graphic/images/chart.png,microproject_ui,resource,HEAD,b6de5eb4b428e81dc919b953bbbd7cb446d4e4bc520672ea34ffc473e8d6f263,d2fa3c20a,openproj_ui/src/com/projity/pm/graphic/images/chart.png,b6de5eb4b428e81dc919b953bbbd7cb446d4e4bc520672ea34ffc473e8d6f263,0530be227f4a10c5545cce8d3db20ac5a4d76a66,REVIEW_REQUIRED,Unknown,true,REVIEW_REQUIRED,REVIEW_REQUIRED,KEEP_OPENPROJ,normalized content matches OpenProj baseline,
modules/microproject_ui/src/main/resources/com/microproject/pm/graphic/images/chart.svg,microproject_ui,resource,HEAD,d03855f3d64d965326a44460cf58ce4d291a3ea2399692713cddb8272437b9da,d2fa3c20a,,,0530be227f4a10c5545cce8d3db20ac5a4d76a66,REVIEW_REQUIRED,Unknown,false,REVIEW_REQUIRED,REVIEW_REQUIRED,REVIEW,no path match in OpenProj baseline; classify origin manually,
modules/microproject_ui/src/main/resources/com/microproject/pm/graphic/images/constraint.gif,microproject_ui,resource,HEAD,b0eea84cbc2b9dbb627a12a24db0471c881173169b32d4e41da89177da35ae35,d2fa3c20a,openproj_ui/src/com/projity/pm/graphic/images/constraint.gif,b0eea84cbc2b9dbb627a12a24db0471c881173169b32d4e41da89177da35ae35,0530be227f4a10c5545cce8d3db20ac5a4d76a66,REVIEW_REQUIRED,Unknown,true,REVIEW_REQUIRED,REVIEW_REQUIRED,KEEP_OPENPROJ,normalized content matches OpenProj baseline,
modules/microproject_ui/src/main/resources/com/microproject/pm/graphic/images/custom-fields-16.svg,microproject_ui,resource,HEAD,2e919a9af5f866fd5d4eb0ed464fce64e32c31cfa8b3433cecff4321e238f5bb,d2fa3c20a,,,0530be227f4a10c5545cce8d3db20ac5a4d76a66,REVIEW_REQUIRED,Unknown,false,REVIEW_REQUIRED,REVIEW_REQUIRED,REVIEW,no path match in OpenProj baseline; classify origin manually,
modules/microproject_ui/src/main/resources/com/microproject/pm/graphic/images/custom-fields-20.svg,microproject_ui,resource,HEAD,1bba0df1a3eb70e41c9ab5aa7759486747db728344b4c04b3a0a674736217d78,d2fa3c20a,,,0530be227f4a10c5545cce8d3db20ac5a4d76a66,REVIEW_REQUIRED,Unknown,false,REVIEW_REQUIRED,REVIEW_REQUIRED,REVIEW,no path match in OpenProj baseline; classify origin manually,
modules/microproject_ui/src/main/resources/com/microproject/pm/graphic/images/custom-fields-32.svg,microproject_ui,resource,HEAD,6efd9f4ef3d779fa1fa1a9e6b34d9634948b36a45e6c0b480adb90bd256221ec,d2fa3c20a,,,0530be227f4a10c5545cce8d3db20ac5a4d76a66,REVIEW_REQUIRED,Unknown,false,REVIEW_REQUIRED,REVIEW_REQUIRED,REVIEW,no path match in OpenProj baseline; classify origin manually,
modules/microproject_ui/src/main/resources/com/microproject/pm/graphic/images/custom-fields.svg,microproject_ui,resource,HEAD,7a3fe811644ac37e28b38606f7e24094d7ad207544d83833f327ba37892fd188,d2fa3c20a,,,0530be227f4a10c5545cce8d3db20ac5a4d76a66,REVIEW_REQUIRED,Unknown,false,REVIEW_REQUIRED,REVIEW_REQUIRED,REVIEW,no path match in OpenProj baseline; classify origin manually,
modules/microproject_ui/src/main/resources/com/microproject/pm/graphic/images/custom-report-16.svg,microproject_ui,resource,HEAD,1df7adde4e64b1bf1c1b30335234d58aa3bb1fc5ebecd9892b023c66540c30e9,d2fa3c20a,,,0530be227f4a10c5545cce8d3db20ac5a4d76a66,REVIEW_REQUIRED,Unknown,false,REVIEW_REQUIRED,REVIEW_REQUIRED,REVIEW,no path match in OpenProj baseline; classify origin manually,
modules/microproject_ui/src/main/resources/com/microproject/pm/graphic/images/custom-report-20.svg,microproject_ui,resource,HEAD,a8983e19c19b7f5e9e3844ce3d6af02bc5403e91aba64d3b4719a65e9edb5323,d2fa3c20a,,,0530be227f4a10c5545cce8d3db20ac5a4d76a66,REVIEW_REQUIRED,Unknown,false,REVIEW_REQUIRED,REVIEW_REQUIRED,REVIEW,no path match in OpenProj baseline; classify origin manually,
modules/microproject_ui/src/main/resources/com/microproject/pm/graphic/images/custom-report-32.svg,microproject_ui,resource,HEAD,3f581ea618cbe0787462075c4a023709a24d426f1a0247c6960ba5756e7e53e3,d2fa3c20a,,,0530be227f4a10c5545cce8d3db20ac5a4d76a66,REVIEW_REQUIRED,Unknown,false,REVIEW_REQUIRED,REVIEW_REQUIRED,REVIEW,no path match in OpenProj baseline; classify origin manually,
modules/microproject_ui/src/main/resources/com/microproject/pm/graphic/images/custom-report.svg,microproject_ui,resource,HEAD,cc7c9226b740a7fea9fb89985e26d1c481a1866fac012499f0f5bbafff35def1,d2fa3c20a,,,0530be227f4a10c5545cce8d3db20ac5a4d76a66,REVIEW_REQUIRED,Unknown,false,REVIEW_REQUIRED,REVIEW_REQUIRED,REVIEW,no path match in OpenProj baseline; classify origin manually,
modules/microproject_ui/src/main/resources/com/microproject/pm/graphic/images/delegated.gif,microproject_ui,resource,HEAD,ce0cb11ef61ef8036f1da68e125c448a21922cc7f51066afcb5904dc5ce94a4f,d2fa3c20a,openproj_ui/src/com/projity/pm/graphic/images/delegated.gif,ce0cb11ef61ef8036f1da68e125c448a21922cc7f51066afcb5904dc5ce94a4f,0530be227f4a10c5545cce8d3db20ac5a4d76a66,REVIEW_REQUIRED,Unknown,true,REVIEW_REQUIRED,REVIEW_REQUIRED,KEEP_OPENPROJ,normalized content matches OpenProj baseline,
modules/microproject_ui/src/main/resources/com/microproject/pm/graphic/images/delegatedMe.gif,microproject_ui,resource,HEAD,2b0947eb9c84d4793cb0fabc565e7788a91958abbc5b05b7f322ed844816c6d2,d2fa3c20a,openproj_ui/src/com/projity/pm/graphic/images/delegatedMe.gif,2b0947eb9c84d4793cb0fabc565e7788a91958abbc5b05b7f322ed844816c6d2,0530be227f4a10c5545cce8d3db20ac5a4d76a66,REVIEW_REQUIRED,Unknown,true,REVIEW_REQUIRED,REVIEW_REQUIRED,KEEP_OPENPROJ,normalized content matches OpenProj baseline,
modules/microproject_ui/src/main/resources/com/microproject/pm/graphic/images/details-16.svg,microproject_ui,resource,HEAD,4b52a7cfef877fd1aa8a129159d279e7ee0ee97064329fc15c9aee5def747609,d2fa3c20a,,,0530be227f4a10c5545cce8d3db20ac5a4d76a66,REVIEW_REQUIRED,Unknown,false,REVIEW_REQUIRED,REVIEW_REQUIRED,REVIEW,no path match in OpenProj baseline; classify origin manually,
modules/microproject_ui/src/main/resources/com/microproject/pm/graphic/images/details-20.svg,microproject_ui,resource,HEAD,4b52a7cfef877fd1aa8a129159d279e7ee0ee97064329fc15c9aee5def747609,d2fa3c20a,,,0530be227f4a10c5545cce8d3db20ac5a4d76a66,REVIEW_REQUIRED,Unknown,false,REVIEW_REQUIRED,REVIEW_REQUIRED,REVIEW,no path match in OpenProj baseline; classify origin manually,
modules/microproject_ui/src/main/resources/com/microproject/pm/graphic/images/details-32.svg,microproject_ui,resource,HEAD,4b52a7cfef877fd1aa8a129159d279e7ee0ee97064329fc15c9aee5def747609,d2fa3c20a,,,0530be227f4a10c5545cce8d3db20ac5a4d76a66,REVIEW_REQUIRED,Unknown,false,REVIEW_REQUIRED,REVIEW_REQUIRED,REVIEW,no path match in OpenProj baseline; classify origin manually,
modules/microproject_ui/src/main/resources/com/microproject/pm/graphic/images/details.svg,microproject_ui,resource,HEAD,3d78dfd83705d74fb2cd5dcd3f319abdfeab678d9ca7083d592a9c43ce16a8ff,d2fa3c20a,,,0530be227f4a10c5545cce8d3db20ac5a4d76a66,REVIEW_REQUIRED,Unknown,false,REVIEW_REQUIRED,REVIEW_REQUIRED,REVIEW,no path match in OpenProj baseline; classify origin manually,
modules/microproject_ui/src/main/resources/com/microproject/pm/graphic/images/down.gif,microproject_ui,resource,HEAD,3e30e0f8c50bdf67c0a82d21b496fff0cb4d235ba1a5c2f345c07e9bf619467d,d2fa3c20a,openproj_ui/src/com/projity/pm/graphic/images/down.gif,3e30e0f8c50bdf67c0a82d21b496fff0cb4d235ba1a5c2f345c07e9bf619467d,0530be227f4a10c5545cce8d3db20ac5a4d76a66,REVIEW_REQUIRED,Unknown,true,REVIEW_REQUIRED,REVIEW_REQUIRED,KEEP_OPENPROJ,normalized content matches OpenProj baseline,
modules/microproject_ui/src/main/resources/com/microproject/pm/graphic/images/empty.png,microproject_ui,resource,HEAD,8ac545ccbbec0b474e6ae1b8ed065487af131daa773174e48a9c069208178c79,d2fa3c20a,openproj_ui/src/com/projity/pm/graphic/images/empty.png,8ac545ccbbec0b474e6ae1b8ed065487af131daa773174e48a9c069208178c79,0530be227f4a10c5545cce8d3db20ac5a4d76a66,REVIEW_REQUIRED,Unknown,true,REVIEW_REQUIRED,REVIEW_REQUIRED,KEEP_OPENPROJ,normalized content matches OpenProj baseline,
modules/microproject_ui/src/main/resources/com/microproject/pm/graphic/images/errorstate.gif,microproject_ui,resource,HEAD,3a438a626da6ff99aa576ea6940e3d8960bf53332b97b2b1c59a0e6839110d49,d2fa3c20a,openproj_ui/src/com/projity/pm/graphic/images/errorstate.gif,3a438a626da6ff99aa576ea6940e3d8960bf53332b97b2b1c59a0e6839110d49,0530be227f4a10c5545cce8d3db20ac5a4d76a66,REVIEW_REQUIRED,Unknown,true,REVIEW_REQUIRED,REVIEW_REQUIRED,KEEP_OPENPROJ,normalized content matches OpenProj baseline,
modules/microproject_ui/src/main/resources/com/microproject/pm/graphic/images/fetchedLazyCollapsed.png,microproject_ui,resource,HEAD,175a14dcb15eec053d0f6981a469bc22e5bbe270344c42671e40ea33d29979ad,d2fa3c20a,openproj_ui/src/com/projity/pm/graphic/images/fetchedLazyCollapsed.png,175a14dcb15eec053d0f6981a469bc22e5bbe270344c42671e40ea33d29979ad,0530be227f4a10c5545cce8d3db20ac5a4d76a66,REVIEW_REQUIRED,Unknown,true,REVIEW_REQUIRED,REVIEW_REQUIRED,KEEP_OPENPROJ,normalized content matches OpenProj baseline,
modules/microproject_ui/src/main/resources/com/microproject/pm/graphic/images/fetchedLazyExpanded.png,microproject_ui,resource,HEAD,2c9440cc86cb75add908a91ecf3e5867105415a65d45e6c159e90230f73dd4db,d2fa3c20a,openproj_ui/src/com/projity/pm/graphic/images/fetchedLazyExpanded.png,2c9440cc86cb75add908a91ecf3e5867105415a65d45e6c159e90230f73dd4db,0530be227f4a10c5545cce8d3db20ac5a4d76a66,REVIEW_REQUIRED,Unknown,true,REVIEW_REQUIRED,REVIEW_REQUIRED,KEEP_OPENPROJ,normalized content matches OpenProj baseline,
modules/microproject_ui/src/main/resources/com/microproject/pm/graphic/images/gantt-16.svg,microproject_ui,resource,HEAD,394ca6c8c5e1db744a469ce7b584f3ce80724433ab155d88a5aebb7e356b7552,d2fa3c20a,,,0530be227f4a10c5545cce8d3db20ac5a4d76a66,REVIEW_REQUIRED,Unknown,false,REVIEW_REQUIRED,REVIEW_REQUIRED,REVIEW,no path match in OpenProj baseline; classify origin manually,
modules/microproject_ui/src/main/resources/com/microproject/pm/graphic/images/gantt-20.svg,microproject_ui,resource,HEAD,8869bc92c8a95dade2c08123305c7e358c523db9e840eb2960e6b240ec2ce798,d2fa3c20a,,,0530be227f4a10c5545cce8d3db20ac5a4d76a66,REVIEW_REQUIRED,Unknown,false,REVIEW_REQUIRED,REVIEW_REQUIRED,REVIEW,no path match in OpenProj baseline; classify origin manually,
modules/microproject_ui/src/main/resources/com/microproject/pm/graphic/images/gantt-32.svg,microproject_ui,resource,HEAD,a5565e3cc5dda8d8e470546e49bbc1228f8de9bb4fcf0be52fed9b6d969b5e5d,d2fa3c20a,,,0530be227f4a10c5545cce8d3db20ac5a4d76a66,REVIEW_REQUIRED,Unknown,false,REVIEW_REQUIRED,REVIEW_REQUIRED,REVIEW,no path match in OpenProj baseline; classify origin manually,
modules/microproject_ui/src/main/resources/com/microproject/pm/graphic/images/gantt.png,microproject_ui,resource,HEAD,464b7fde5c1b0aafb2a35bbd735819c02798ce521282e1a5ebb867b2532bb1ec,d2fa3c20a,openproj_ui/src/com/projity/pm/graphic/images/gantt.png,464b7fde5c1b0aafb2a35bbd735819c02798ce521282e1a5ebb867b2532bb1ec,0530be227f4a10c5545cce8d3db20ac5a4d76a66,REVIEW_REQUIRED,Unknown,true,REVIEW_REQUIRED,REVIEW_REQUIRED,KEEP_OPENPROJ,normalized content matches OpenProj baseline,
modules/microproject_ui/src/main/resources/com/microproject/pm/graphic/images/gantt.svg,microproject_ui,resource,HEAD,5e1d11f60759ca53188f7a43005aae2ae6e2e0cf01627d8cdd0c655ffdbce172,d2fa3c20a,,,0530be227f4a10c5545cce8d3db20ac5a4d76a66,REVIEW_REQUIRED,Unknown,false,REVIEW_REQUIRED,REVIEW_REQUIRED,REVIEW,no path match in OpenProj baseline; classify origin manually,
modules/microproject_ui/src/main/resources/com/microproject/pm/graphic/images/gear.png,microproject_ui,resource,HEAD,21c73089f8ef4b04cad0c9308f51dca0a24831b477c68861c15e67c44713e70b,d2fa3c20a,openproj_ui/src/com/projity/pm/graphic/images/gear.png,21c73089f8ef4b04cad0c9308f51dca0a24831b477c68861c15e67c44713e70b,0530be227f4a10c5545cce8d3db20ac5a4d76a66,REVIEW_REQUIRED,Unknown,true,REVIEW_REQUIRED,REVIEW_REQUIRED,KEEP_OPENPROJ,normalized content matches OpenProj baseline,
modules/microproject_ui/src/main/resources/com/microproject/pm/graphic/images/histogram-16.svg,microproject_ui,resource,HEAD,282439737625b60bd9c90f563d80a87d0839537cf3c862d1f8eb7781da74380a,d2fa3c20a,,,0530be227f4a10c5545cce8d3db20ac5a4d76a66,REVIEW_REQUIRED,Unknown,false,REVIEW_REQUIRED,REVIEW_REQUIRED,REVIEW,no path match in OpenProj baseline; classify origin manually,
modules/microproject_ui/src/main/resources/com/microproject/pm/graphic/images/histogram-20.svg,microproject_ui,resource,HEAD,472ee1d50141e03a23907c55b90b61372795a092168abd8f7dd8d468414438c2,d2fa3c20a,,,0530be227f4a10c5545cce8d3db20ac5a4d76a66,REVIEW_REQUIRED,Unknown,false,REVIEW_REQUIRED,REVIEW_REQUIRED,REVIEW,no path match in OpenProj baseline; classify origin manually,
modules/microproject_ui/src/main/resources/com/microproject/pm/graphic/images/histogram-32.svg,microproject_ui,resource,HEAD,e76344164e52e83585d2748670bcfb5a4d3f5c5755ea60e96a6a960a2a51923f,d2fa3c20a,,,0530be227f4a10c5545cce8d3db20ac5a4d76a66,REVIEW_REQUIRED,Unknown,false,REVIEW_REQUIRED,REVIEW_REQUIRED,REVIEW,no path match in OpenProj baseline; classify origin manually,
modules/microproject_ui/src/main/resources/com/microproject/pm/graphic/images/histogram.png,microproject_ui,resource,HEAD,70f153dac9c2f252703e14fde691bddc2f3f9082496a63f70fbe793e7bc48a14,d2fa3c20a,openproj_ui/src/com/projity/pm/graphic/images/histogram.png,70f153dac9c2f252703e14fde691bddc2f3f9082496a63f70fbe793e7bc48a14,0530be227f4a10c5545cce8d3db20ac5a4d76a66,REVIEW_REQUIRED,Unknown,true,REVIEW_REQUIRED,REVIEW_REQUIRED,KEEP_OPENPROJ,normalized content matches OpenProj baseline,
modules/microproject_ui/src/main/resources/com/microproject/pm/graphic/images/histogram.svg,microproject_ui,resource,HEAD,e76344164e52e83585d2748670bcfb5a4d3f5c5755ea60e96a6a960a2a51923f,d2fa3c20a,,,0530be227f4a10c5545cce8d3db20ac5a4d76a66,REVIEW_REQUIRED,Unknown,false,REVIEW_REQUIRED,REVIEW_REQUIRED,REVIEW,no path match in OpenProj baseline; classify origin manually,
modules/microproject_ui/src/main/resources/com/microproject/pm/graphic/images/indicator-assignment-modern.png,microproject_ui,resource,HEAD,5b3214f4d5ad3d0037fe629622c0b968a10c40bcddb386efd75e1c73bac69383,d2fa3c20a,,,0530be227f4a10c5545cce8d3db20ac5a4d76a66,REVIEW_REQUIRED,Unknown,false,REVIEW_REQUIRED,REVIEW_REQUIRED,REVIEW,no path match in OpenProj baseline; classify origin manually,
modules/microproject_ui/src/main/resources/com/microproject/pm/graphic/images/indicator-calendar-modern.png,microproject_ui,resource,HEAD,b28e2cff661f1bfc52ab8a1b54dd036b49eb6ae2c08a2f1a4f8fbeb999615ae3,d2fa3c20a,,,0530be227f4a10c5545cce8d3db20ac5a4d76a66,REVIEW_REQUIRED,Unknown,false,REVIEW_REQUIRED,REVIEW_REQUIRED,REVIEW,no path match in OpenProj baseline; classify origin manually,
modules/microproject_ui/src/main/resources/com/microproject/pm/graphic/images/indicator-completed-modern.png,microproject_ui,resource,HEAD,52577caee61c7cacbeccd18be7fa760c3b26d3b28cfbe3778402a93975513bfe,d2fa3c20a,,,0530be227f4a10c5545cce8d3db20ac5a4d76a66,REVIEW_REQUIRED,Unknown,false,REVIEW_REQUIRED,REVIEW_REQUIRED,REVIEW,no path match in OpenProj baseline; classify origin manually,
modules/microproject_ui/src/main/resources/com/microproject/pm/graphic/images/indicator-constraint-modern.png,microproject_ui,resource,HEAD,9226f4445b77621b088f47e1f43084e4bbab58c8c643d31782a16c1637d2b6ae,d2fa3c20a,,,0530be227f4a10c5545cce8d3db20ac5a4d76a66,REVIEW_REQUIRED,Unknown,false,REVIEW_REQUIRED,REVIEW_REQUIRED,REVIEW,no path match in OpenProj baseline; classify origin manually,
modules/microproject_ui/src/main/resources/com/microproject/pm/graphic/images/indicator-delegated-me-modern.png,microproject_ui,resource,HEAD,f708b9aa5fe16ffa295e9bf609ab82d98aa6f53c77003fc3afa47e4c81461f93,d2fa3c20a,,,0530be227f4a10c5545cce8d3db20ac5a4d76a66,REVIEW_REQUIRED,Unknown,false,REVIEW_REQUIRED,REVIEW_REQUIRED,REVIEW,no path match in OpenProj baseline; classify origin manually,
modules/microproject_ui/src/main/resources/com/microproject/pm/graphic/images/indicator-delegated-modern.png,microproject_ui,resource,HEAD,ce91ea1285602dbec7640a8565f7d140519b100ae4874290f88297bf09a1c89f,d2fa3c20a,,,0530be227f4a10c5545cce8d3db20ac5a4d76a66,REVIEW_REQUIRED,Unknown,false,REVIEW_REQUIRED,REVIEW_REQUIRED,REVIEW,no path match in OpenProj baseline; classify origin manually,
modules/microproject_ui/src/main/resources/com/microproject/pm/graphic/images/indicator-info-modern.png,microproject_ui,resource,HEAD,001d8f38ed58f05d76c882d010a828313ca03e869f32c2e228d98fe5b1b82afa,d2fa3c20a,,,0530be227f4a10c5545cce8d3db20ac5a4d76a66,REVIEW_REQUIRED,Unknown,false,REVIEW_REQUIRED,REVIEW_REQUIRED,REVIEW,no path match in OpenProj baseline; classify origin manually,
modules/microproject_ui/src/main/resources/com/microproject/pm/graphic/images/indicator-note-modern.png,microproject_ui,resource,HEAD,822cd8e4ab61102bdf3bf549afefde068f85d82a8f02b4504cc841a8942f5102,d2fa3c20a,,,0530be227f4a10c5545cce8d3db20ac5a4d76a66,REVIEW_REQUIRED,Unknown,false,REVIEW_REQUIRED,REVIEW_REQUIRED,REVIEW,no path match in OpenProj baseline; classify origin manually,
modules/microproject_ui/src/main/resources/com/microproject/pm/graphic/images/indicator-project-modern.png,microproject_ui,resource,HEAD,9e9968e86dc5570c7bfebe926cd50f79f7e3d133f3fc8d36f617eae48848d389,d2fa3c20a,,,0530be227f4a10c5545cce8d3db20ac5a4d76a66,REVIEW_REQUIRED,Unknown,false,REVIEW_REQUIRED,REVIEW_REQUIRED,REVIEW,no path match in OpenProj baseline; classify origin manually,
modules/microproject_ui/src/main/resources/com/microproject/pm/graphic/images/indicator-warning-modern.png,microproject_ui,resource,HEAD,627ff25fbaa103a2a23efb69d9e4bba13e5a6bbc2d24a1a7a6cb5b669a75373f,d2fa3c20a,,,0530be227f4a10c5545cce8d3db20ac5a4d76a66,REVIEW_REQUIRED,Unknown,false,REVIEW_REQUIRED,REVIEW_REQUIRED,REVIEW,no path match in OpenProj baseline; classify origin manually,
modules/microproject_ui/src/main/resources/com/microproject/pm/graphic/images/information.gif,microproject_ui,resource,HEAD,dcc833a3c66a2d5a50695d3ff32286d563fc12f3af0a89d368c412971de16071,d2fa3c20a,openproj_ui/src/com/projity/pm/graphic/images/information.gif,dcc833a3c66a2d5a50695d3ff32286d563fc12f3af0a89d368c412971de16071,0530be227f4a10c5545cce8d3db20ac5a4d76a66,REVIEW_REQUIRED,Unknown,true,REVIEW_REQUIRED,REVIEW_REQUIRED,KEEP_OPENPROJ,normalized content matches OpenProj baseline,
modules/microproject_ui/src/main/resources/com/microproject/pm/graphic/images/invalidCalendar.gif,microproject_ui,resource,HEAD,782007cce744aafdf2840f53d126fabdbb14ba5a9645584937c20e0e31146653,d2fa3c20a,openproj_ui/src/com/projity/pm/graphic/images/invalidCalendar.gif,782007cce744aafdf2840f53d126fabdbb14ba5a9645584937c20e0e31146653,0530be227f4a10c5545cce8d3db20ac5a4d76a66,REVIEW_REQUIRED,Unknown,true,REVIEW_REQUIRED,REVIEW_REQUIRED,KEEP_OPENPROJ,normalized content matches OpenProj baseline,
modules/microproject_ui/src/main/resources/com/microproject/pm/graphic/images/invalidProject.gif,microproject_ui,resource,HEAD,75bdaebfe026ed64f01921fe16a209e95ed6d6994335cdb0d463a7eb6b4083b8,d2fa3c20a,openproj_ui/src/com/projity/pm/graphic/images/invalidProject.gif,75bdaebfe026ed64f01921fe16a209e95ed6d6994335cdb0d463a7eb6b4083b8,0530be227f4a10c5545cce8d3db20ac5a4d76a66,REVIEW_REQUIRED,Unknown,true,REVIEW_REQUIRED,REVIEW_REQUIRED,KEEP_OPENPROJ,normalized content matches OpenProj baseline,
modules/microproject_ui/src/main/resources/com/microproject/pm/graphic/images/leaf.png,microproject_ui,resource,HEAD,9258d3d568cb8eac7d2593860957d4faa588ec12b0134f1731142e6cc27cec80,d2fa3c20a,openproj_ui/src/com/projity/pm/graphic/images/leaf.png,9258d3d568cb8eac7d2593860957d4faa588ec12b0134f1731142e6cc27cec80,0530be227f4a10c5545cce8d3db20ac5a4d76a66,REVIEW_REQUIRED,Unknown,true,REVIEW_REQUIRED,REVIEW_REQUIRED,KEEP_OPENPROJ,normalized content matches OpenProj baseline,
modules/microproject_ui/src/main/resources/com/microproject/pm/graphic/images/leftArrow.png,microproject_ui,resource,HEAD,ef7f39a45410e31f3a9ead8ab02252e9dac2757850ac2a67ba50562380010e6b,d2fa3c20a,openproj_ui/src/com/projity/pm/graphic/images/leftArrow.png,ef7f39a45410e31f3a9ead8ab02252e9dac2757850ac2a67ba50562380010e6b,0530be227f4a10c5545cce8d3db20ac5a4d76a66,REVIEW_REQUIRED,Unknown,true,REVIEW_REQUIRED,REVIEW_REQUIRED,KEEP_OPENPROJ,normalized content matches OpenProj baseline,
modules/microproject_ui/src/main/resources/com/microproject/pm/graphic/images/leftView16.gif,microproject_ui,resource,HEAD,52be172db9831d5dd68fff88b7adfc79a35f90bb0b4b995af478f8f269c6ca06,d2fa3c20a,openproj_ui/src/com/projity/pm/graphic/images/leftView16.gif,52be172db9831d5dd68fff88b7adfc79a35f90bb0b4b995af478f8f269c6ca06,0530be227f4a10c5545cce8d3db20ac5a4d76a66,REVIEW_REQUIRED,Unknown,true,REVIEW_REQUIRED,REVIEW_REQUIRED,KEEP_OPENPROJ,normalized content matches OpenProj baseline,
modules/microproject_ui/src/main/resources/com/microproject/pm/graphic/images/leftViewHidden16.gif,microproject_ui,resource,HEAD,2243a06b62f3f6f0aa7ab5902d34480df97ed6e70f22cf9da36c332bbb1927cc,d2fa3c20a,openproj_ui/src/com/projity/pm/graphic/images/leftViewHidden16.gif,2243a06b62f3f6f0aa7ab5902d34480df97ed6e70f22cf9da36c332bbb1927cc,0530be227f4a10c5545cce8d3db20ac5a4d76a66,REVIEW_REQUIRED,Unknown,true,REVIEW_REQUIRED,REVIEW_REQUIRED,KEEP_OPENPROJ,normalized content matches OpenProj baseline,
modules/microproject_ui/src/main/resources/com/microproject/pm/graphic/images/link.gif,microproject_ui,resource,HEAD,79aab741e1c44db1eb816d43a9405842d41ef7339b5e952e366a069a1433c038,d2fa3c20a,openproj_ui/src/com/projity/pm/graphic/images/link.gif,79aab741e1c44db1eb816d43a9405842d41ef7339b5e952e366a069a1433c038,0530be227f4a10c5545cce8d3db20ac5a4d76a66,REVIEW_REQUIRED,Unknown,true,REVIEW_REQUIRED,REVIEW_REQUIRED,KEEP_OPENPROJ,normalized content matches OpenProj baseline,
modules/microproject_ui/src/main/resources/com/microproject/pm/graphic/images/linkArea.gif,microproject_ui,resource,HEAD,70b774a39f4d5c3b3f7add9f8f0fc9f6ec3727526ff66e38a98460085b5271ab,d2fa3c20a,openproj_ui/src/com/projity/pm/graphic/images/linkArea.gif,70b774a39f4d5c3b3f7add9f8f0fc9f6ec3727526ff66e38a98460085b5271ab,0530be227f4a10c5545cce8d3db20ac5a4d76a66,REVIEW_REQUIRED,Unknown,true,REVIEW_REQUIRED,REVIEW_REQUIRED,KEEP_OPENPROJ,normalized content matches OpenProj baseline,
modules/microproject_ui/src/main/resources/com/microproject/pm/graphic/images/linkTool.gif,microproject_ui,resource,HEAD,d90c20f224ed026f4ce19fcd63f1beac14cabc3aa3f9eed925f97bcee73bf0e5,d2fa3c20a,openproj_ui/src/com/projity/pm/graphic/images/linkTool.gif,d90c20f224ed026f4ce19fcd63f1beac14cabc3aa3f9eed925f97bcee73bf0e5,0530be227f4a10c5545cce8d3db20ac5a4d76a66,REVIEW_REQUIRED,Unknown,true,REVIEW_REQUIRED,REVIEW_REQUIRED,KEEP_OPENPROJ,normalized content matches OpenProj baseline,
modules/microproject_ui/src/main/resources/com/microproject/pm/graphic/images/linkTool24.gif,microproject_ui,resource,HEAD,9416dc8f3d8876a846c17e5c486cd750a783cb3ad0a33c81f7a867142a0be82c,d2fa3c20a,openproj_ui/src/com/projity/pm/graphic/images/linkTool24.gif,9416dc8f3d8876a846c17e5c486cd750a783cb3ad0a33c81f7a867142a0be82c,0530be227f4a10c5545cce8d3db20ac5a4d76a66,REVIEW_REQUIRED,Unknown,true,REVIEW_REQUIRED,REVIEW_REQUIRED,KEEP_OPENPROJ,normalized content matches OpenProj baseline,
modules/microproject_ui/src/main/resources/com/microproject/pm/graphic/images/man.gif,microproject_ui,resource,HEAD,f94408541c2fba2be03b3283d0b2da5f0419e07581a4e14e708afe6f264483a1,d2fa3c20a,openproj_ui/src/com/projity/pm/graphic/images/man.gif,f94408541c2fba2be03b3283d0b2da5f0419e07581a4e14e708afe6f264483a1,0530be227f4a10c5545cce8d3db20ac5a4d76a66,REVIEW_REQUIRED,Unknown,true,REVIEW_REQUIRED,REVIEW_REQUIRED,KEEP_OPENPROJ,normalized content matches OpenProj baseline,
modules/microproject_ui/src/main/resources/com/microproject/pm/graphic/images/microproject-application-16.png,microproject_ui,resource,HEAD,f3785463e26256af1b7092587c643981136a5b9c3995c6b3303abe2177ed68ab,d2fa3c20a,,,0530be227f4a10c5545cce8d3db20ac5a4d76a66,REVIEW_REQUIRED,Unknown,false,REVIEW_REQUIRED,REVIEW_REQUIRED,REVIEW,no path match in OpenProj baseline; classify origin manually,
modules/microproject_ui/src/main/resources/com/microproject/pm/graphic/images/microproject-application.png,microproject_ui,resource,HEAD,0be0d6fea6073278bcf455db79857a96d7fd78862cfc7a2cae3b4acd3739a954,d2fa3c20a,,,0530be227f4a10c5545cce8d3db20ac5a4d76a66,REVIEW_REQUIRED,Unknown,false,REVIEW_REQUIRED,REVIEW_REQUIRED,REVIEW,no path match in OpenProj baseline; classify origin manually,
modules/microproject_ui/src/main/resources/com/microproject/pm/graphic/images/microproject-icon-master.png,microproject_ui,resource,HEAD,d5c443810f0c92e64c1433cfc89540b93511be1b0cbe825ad85e8cb947e1f0e1,d2fa3c20a,,,0530be227f4a10c5545cce8d3db20ac5a4d76a66,REVIEW_REQUIRED,Unknown,false,REVIEW_REQUIRED,REVIEW_REQUIRED,REVIEW,no path match in OpenProj baseline; classify origin manually,
modules/microproject_ui/src/main/resources/com/microproject/pm/graphic/images/microproject-logo.png,microproject_ui,resource,HEAD,0efebb1ce35acc013ebe80863d960d6a588dbd321ea56ba89be3e7fb52269a51,d2fa3c20a,,,0530be227f4a10c5545cce8d3db20ac5a4d76a66,REVIEW_REQUIRED,Unknown,false,REVIEW_REQUIRED,REVIEW_REQUIRED,REVIEW,no path match in OpenProj baseline; classify origin manually,
modules/microproject_ui/src/main/resources/com/microproject/pm/graphic/images/moins.png,microproject_ui,resource,HEAD,9f210d9b22858a50d9b121682f6832e0a26f63767c35619d4d67ac1f36f788a3,d2fa3c20a,openproj_ui/src/com/projity/pm/graphic/images/moins.png,9f210d9b22858a50d9b121682f6832e0a26f63767c35619d4d67ac1f36f788a3,0530be227f4a10c5545cce8d3db20ac5a4d76a66,REVIEW_REQUIRED,Unknown,true,REVIEW_REQUIRED,REVIEW_REQUIRED,KEEP_OPENPROJ,normalized content matches OpenProj baseline,
modules/microproject_ui/src/main/resources/com/microproject/pm/graphic/images/network-16.svg,microproject_ui,resource,HEAD,83871db7cd1f507fd43bbd3ded3dccb55e653db5fe7b092b434d7bc1bda57d67,d2fa3c20a,,,0530be227f4a10c5545cce8d3db20ac5a4d76a66,REVIEW_REQUIRED,Unknown,false,REVIEW_REQUIRED,REVIEW_REQUIRED,REVIEW,no path match in OpenProj baseline; classify origin manually,
modules/microproject_ui/src/main/resources/com/microproject/pm/graphic/images/network-20.svg,microproject_ui,resource,HEAD,a1e4d026420a2d218f2960ffbfe033f7434d4d1087cb306ac95581487d369f35,d2fa3c20a,,,0530be227f4a10c5545cce8d3db20ac5a4d76a66,REVIEW_REQUIRED,Unknown,false,REVIEW_REQUIRED,REVIEW_REQUIRED,REVIEW,no path match in OpenProj baseline; classify origin manually,
modules/microproject_ui/src/main/resources/com/microproject/pm/graphic/images/network-32.svg,microproject_ui,resource,HEAD,2b0fe969e20efabb703b12b5e1016918d531e21be27a6a4a83d7cb5fdc5c2972,d2fa3c20a,,,0530be227f4a10c5545cce8d3db20ac5a4d76a66,REVIEW_REQUIRED,Unknown,false,REVIEW_REQUIRED,REVIEW_REQUIRED,REVIEW,no path match in OpenProj baseline; classify origin manually,
modules/microproject_ui/src/main/resources/com/microproject/pm/graphic/images/network.png,microproject_ui,resource,HEAD,eb64e57a98d2e0944e20eb9087a641e903fa4529eb662e85cc3b37320fe3b7fe,d2fa3c20a,openproj_ui/src/com/projity/pm/graphic/images/network.png,eb64e57a98d2e0944e20eb9087a641e903fa4529eb662e85cc3b37320fe3b7fe,0530be227f4a10c5545cce8d3db20ac5a4d76a66,REVIEW_REQUIRED,Unknown,true,REVIEW_REQUIRED,REVIEW_REQUIRED,KEEP_OPENPROJ,normalized content matches OpenProj baseline,
modules/microproject_ui/src/main/resources/com/microproject/pm/graphic/images/network.svg,microproject_ui,resource,HEAD,97cb83e7009d1ae0e5b38df16c4821aedb473700210c9aa00f4f8ee8966bc316,d2fa3c20a,,,0530be227f4a10c5545cce8d3db20ac5a4d76a66,REVIEW_REQUIRED,Unknown,false,REVIEW_REQUIRED,REVIEW_REQUIRED,REVIEW,no path match in OpenProj baseline; classify origin manually,
modules/microproject_ui/src/main/resources/com/microproject/pm/graphic/images/noSubWindow-16.svg,microproject_ui,resource,HEAD,c2b4963016a606893270126310136273552849bbd290efeba76c87939ac7b725,d2fa3c20a,,,0530be227f4a10c5545cce8d3db20ac5a4d76a66,REVIEW_REQUIRED,Unknown,false,REVIEW_REQUIRED,REVIEW_REQUIRED,REVIEW,no path match in OpenProj baseline; classify origin manually,
modules/microproject_ui/src/main/resources/com/microproject/pm/graphic/images/noSubWindow-20.svg,microproject_ui,resource,HEAD,5a04b3a5930b58ed2bfffe0ff4734498c4d46d2109d4cd27bf70058042b9e4cb,d2fa3c20a,,,0530be227f4a10c5545cce8d3db20ac5a4d76a66,REVIEW_REQUIRED,Unknown,false,REVIEW_REQUIRED,REVIEW_REQUIRED,REVIEW,no path match in OpenProj baseline; classify origin manually,
modules/microproject_ui/src/main/resources/com/microproject/pm/graphic/images/noSubWindow-32.svg,microproject_ui,resource,HEAD,a2547802993a4cc0e6b990b8cc9308838e5dcb8fd20e3c56b2a9e957c8a3df05,d2fa3c20a,,,0530be227f4a10c5545cce8d3db20ac5a4d76a66,REVIEW_REQUIRED,Unknown,false,REVIEW_REQUIRED,REVIEW_REQUIRED,REVIEW,no path match in OpenProj baseline; classify origin manually,
modules/microproject_ui/src/main/resources/com/microproject/pm/graphic/images/noSubWindow.png,microproject_ui,resource,HEAD,0754c8f24069370e0737d98662a5bfc648396ce4cb934f243b2cb335e853de9b,d2fa3c20a,openproj_ui/src/com/projity/pm/graphic/images/noSubWindow.png,0754c8f24069370e0737d98662a5bfc648396ce4cb934f243b2cb335e853de9b,0530be227f4a10c5545cce8d3db20ac5a4d76a66,REVIEW_REQUIRED,Unknown,true,REVIEW_REQUIRED,REVIEW_REQUIRED,KEEP_OPENPROJ,normalized content matches OpenProj baseline,
modules/microproject_ui/src/main/resources/com/microproject/pm/graphic/images/noSubWindow.svg,microproject_ui,resource,HEAD,38806a42b745e68f131229c83bc9a042026913830e524c467438315936591979,d2fa3c20a,,,0530be227f4a10c5545cce8d3db20ac5a4d76a66,REVIEW_REQUIRED,Unknown,false,REVIEW_REQUIRED,REVIEW_REQUIRED,REVIEW,no path match in OpenProj baseline; classify origin manually,
modules/microproject_ui/src/main/resources/com/microproject/pm/graphic/images/note.gif,microproject_ui,resource,HEAD,e7ea932cf5980fe34741f7781023cb0b5e704cc0b319f27e5b4931ffddde69fb,d2fa3c20a,openproj_ui/src/com/projity/pm/graphic/images/note.gif,e7ea932cf5980fe34741f7781023cb0b5e704cc0b319f27e5b4931ffddde69fb,0530be227f4a10c5545cce8d3db20ac5a4d76a66,REVIEW_REQUIRED,Unknown,true,REVIEW_REQUIRED,REVIEW_REQUIRED,KEEP_OPENPROJ,normalized content matches OpenProj baseline,
modules/microproject_ui/src/main/resources/com/microproject/pm/graphic/images/ok.png,microproject_ui,resource,HEAD,b080ad3ed4263366ddb4a5b9b6c9fc5dc608e427882488a4aeae41e6bc278640,d2fa3c20a,openproj_ui/src/com/projity/pm/graphic/images/ok.png,b080ad3ed4263366ddb4a5b9b6c9fc5dc608e427882488a4aeae41e6bc278640,0530be227f4a10c5545cce8d3db20ac5a4d76a66,REVIEW_REQUIRED,Unknown,true,REVIEW_REQUIRED,REVIEW_REQUIRED,KEEP_OPENPROJ,normalized content matches OpenProj baseline,
modules/microproject_ui/src/main/resources/com/microproject/pm/graphic/images/otherFormat.gif,microproject_ui,resource,HEAD,34a33cfa7055627f189a55400747b69fe3e6754d0ac3de35e6f2f6f8f59c996a,d2fa3c20a,openproj_ui/src/com/projity/pm/graphic/images/otherFormat.gif,34a33cfa7055627f189a55400747b69fe3e6754d0ac3de35e6f2f6f8f59c996a,0530be227f4a10c5545cce8d3db20ac5a4d76a66,REVIEW_REQUIRED,Unknown,true,REVIEW_REQUIRED,REVIEW_REQUIRED,KEEP_OPENPROJ,normalized content matches OpenProj baseline,
modules/microproject_ui/src/main/resources/com/microproject/pm/graphic/images/parentAssignment.gif,microproject_ui,resource,HEAD,269c930a89634ad9fc362d4fd3cf8cee146610f415abf225691bd4a4f04185b8,d2fa3c20a,openproj_ui/src/com/projity/pm/graphic/images/parentAssignment.gif,269c930a89634ad9fc362d4fd3cf8cee146610f415abf225691bd4a4f04185b8,0530be227f4a10c5545cce8d3db20ac5a4d76a66,REVIEW_REQUIRED,Unknown,true,REVIEW_REQUIRED,REVIEW_REQUIRED,KEEP_OPENPROJ,normalized content matches OpenProj baseline,
modules/microproject_ui/src/main/resources/com/microproject/pm/graphic/images/pdf16.png,microproject_ui,resource,HEAD,d7c91aacd9793c7c79ff2b2dd177f4f243fa31369d3b49950510be7746d3dd22,d2fa3c20a,openproj_ui/src/com/projity/pm/graphic/images/pdf16.png,d7c91aacd9793c7c79ff2b2dd177f4f243fa31369d3b49950510be7746d3dd22,0530be227f4a10c5545cce8d3db20ac5a4d76a66,REVIEW_REQUIRED,Unknown,true,REVIEW_REQUIRED,REVIEW_REQUIRED,KEEP_OPENPROJ,normalized content matches OpenProj baseline,
modules/microproject_ui/src/main/resources/com/microproject/pm/graphic/images/plus.png,microproject_ui,resource,HEAD,da3f30d64b67efdf043c2232c6ea71b3ec3c37be02b6a8d8b4937c51b461c73a,d2fa3c20a,openproj_ui/src/com/projity/pm/graphic/images/plus.png,da3f30d64b67efdf043c2232c6ea71b3ec3c37be02b6a8d8b4937c51b461c73a,0530be227f4a10c5545cce8d3db20ac5a4d76a66,REVIEW_REQUIRED,Unknown,true,REVIEW_REQUIRED,REVIEW_REQUIRED,KEEP_OPENPROJ,normalized content matches OpenProj baseline,
modules/microproject_ui/src/main/resources/com/microproject/pm/graphic/images/progressCursor.gif,microproject_ui,resource,HEAD,54e13010ecf4e5cccaa38f1370606ba42339d989869e023f30bc73d25d668a67,d2fa3c20a,openproj_ui/src/com/projity/pm/graphic/images/progressCursor.gif,54e13010ecf4e5cccaa38f1370606ba42339d989869e023f30bc73d25d668a67,0530be227f4a10c5545cce8d3db20ac5a4d76a66,REVIEW_REQUIRED,Unknown,true,REVIEW_REQUIRED,REVIEW_REQUIRED,KEEP_OPENPROJ,normalized content matches OpenProj baseline,
modules/microproject_ui/src/main/resources/com/microproject/pm/graphic/images/projects-16.svg,microproject_ui,resource,HEAD,f68ba10faf38ffbbf9de3137337359e9d9c9f1de74954709e2f10c895a30568d,d2fa3c20a,,,0530be227f4a10c5545cce8d3db20ac5a4d76a66,REVIEW_REQUIRED,Unknown,false,REVIEW_REQUIRED,REVIEW_REQUIRED,REVIEW,no path match in OpenProj baseline; classify origin manually,
modules/microproject_ui/src/main/resources/com/microproject/pm/graphic/images/projects-20.svg,microproject_ui,resource,HEAD,f1828271622894e4086520455d2129865545332117feeb0d2f0af25ebb170e43,d2fa3c20a,,,0530be227f4a10c5545cce8d3db20ac5a4d76a66,REVIEW_REQUIRED,Unknown,false,REVIEW_REQUIRED,REVIEW_REQUIRED,REVIEW,no path match in OpenProj baseline; classify origin manually,
modules/microproject_ui/src/main/resources/com/microproject/pm/graphic/images/projects-32.svg,microproject_ui,resource,HEAD,4d7d7d6bbc47b03085f7eec7267edec8460a4d679cdf431fadd7738017ed9fab,d2fa3c20a,,,0530be227f4a10c5545cce8d3db20ac5a4d76a66,REVIEW_REQUIRED,Unknown,false,REVIEW_REQUIRED,REVIEW_REQUIRED,REVIEW,no path match in OpenProj baseline; classify origin manually,
modules/microproject_ui/src/main/resources/com/microproject/pm/graphic/images/projects.png,microproject_ui,resource,HEAD,ef8cc6564f51896fdc7f94269ff28ea73fc11a1edcdbf2a52fdb269dbe8c4f6f,d2fa3c20a,openproj_ui/src/com/projity/pm/graphic/images/projects.png,ef8cc6564f51896fdc7f94269ff28ea73fc11a1edcdbf2a52fdb269dbe8c4f6f,0530be227f4a10c5545cce8d3db20ac5a4d76a66,REVIEW_REQUIRED,Unknown,true,REVIEW_REQUIRED,REVIEW_REQUIRED,KEEP_OPENPROJ,normalized content matches OpenProj baseline,
modules/microproject_ui/src/main/resources/com/microproject/pm/graphic/images/projects.svg,microproject_ui,resource,HEAD,34ef6f923b409c45f97c28e706761cef81020b92fd5644eb53965578d0c5cc41,d2fa3c20a,,,0530be227f4a10c5545cce8d3db20ac5a4d76a66,REVIEW_REQUIRED,Unknown,false,REVIEW_REQUIRED,REVIEW_REQUIRED,REVIEW,no path match in OpenProj baseline; classify origin manually,
modules/microproject_ui/src/main/resources/com/microproject/pm/graphic/images/report-16.svg,microproject_ui,resource,HEAD,ad2b03a2174c8f94d1f211aab4dce3a6695861e1e4c8e80a9570e89595ec4d03,d2fa3c20a,,,0530be227f4a10c5545cce8d3db20ac5a4d76a66,REVIEW_REQUIRED,Unknown,false,REVIEW_REQUIRED,REVIEW_REQUIRED,REVIEW,no path match in OpenProj baseline; classify origin manually,
modules/microproject_ui/src/main/resources/com/microproject/pm/graphic/images/report-20.svg,microproject_ui,resource,HEAD,c7298cad0683c89f0e739f69f0b5bc095467bff8267e9d813b4d637ca46bf1c3,d2fa3c20a,,,0530be227f4a10c5545cce8d3db20ac5a4d76a66,REVIEW_REQUIRED,Unknown,false,REVIEW_REQUIRED,REVIEW_REQUIRED,REVIEW,no path match in OpenProj baseline; classify origin manually,
modules/microproject_ui/src/main/resources/com/microproject/pm/graphic/images/report-32.svg,microproject_ui,resource,HEAD,f63ce50b430816750955f234e57fbe566baeed3e00e95f91fbe283ba9540ffe6,d2fa3c20a,,,0530be227f4a10c5545cce8d3db20ac5a4d76a66,REVIEW_REQUIRED,Unknown,false,REVIEW_REQUIRED,REVIEW_REQUIRED,REVIEW,no path match in OpenProj baseline; classify origin manually,
modules/microproject_ui/src/main/resources/com/microproject/pm/graphic/images/report.png,microproject_ui,resource,HEAD,64b3a1759e4ad6d090309094decc1619a16a653cb0de2c7e82cde1887c48f949,d2fa3c20a,openproj_ui/src/com/projity/pm/graphic/images/report.png,64b3a1759e4ad6d090309094decc1619a16a653cb0de2c7e82cde1887c48f949,0530be227f4a10c5545cce8d3db20ac5a4d76a66,REVIEW_REQUIRED,Unknown,true,REVIEW_REQUIRED,REVIEW_REQUIRED,KEEP_OPENPROJ,normalized content matches OpenProj baseline,
modules/microproject_ui/src/main/resources/com/microproject/pm/graphic/images/report.svg,microproject_ui,resource,HEAD,02e5f374d0d77933a4757097b99d98943974b34e7e33131ab72e2fcb234e3329,d2fa3c20a,,,0530be227f4a10c5545cce8d3db20ac5a4d76a66,REVIEW_REQUIRED,Unknown,false,REVIEW_REQUIRED,REVIEW_REQUIRED,REVIEW,no path match in OpenProj baseline; classify origin manually,
modules/microproject_ui/src/main/resources/com/microproject/pm/graphic/images/resourceUsage-16.svg,microproject_ui,resource,HEAD,115f67413390d96c2d6f95e7acf056b11de84e9e616dad3238f3f77b889d58e0,d2fa3c20a,,,0530be227f4a10c5545cce8d3db20ac5a4d76a66,REVIEW_REQUIRED,Unknown,false,REVIEW_REQUIRED,REVIEW_REQUIRED,REVIEW,no path match in OpenProj baseline; classify origin manually,
modules/microproject_ui/src/main/resources/com/microproject/pm/graphic/images/resourceUsage-20.svg,microproject_ui,resource,HEAD,115f67413390d96c2d6f95e7acf056b11de84e9e616dad3238f3f77b889d58e0,d2fa3c20a,,,0530be227f4a10c5545cce8d3db20ac5a4d76a66,REVIEW_REQUIRED,Unknown,false,REVIEW_REQUIRED,REVIEW_REQUIRED,REVIEW,no path match in OpenProj baseline; classify origin manually,
modules/microproject_ui/src/main/resources/com/microproject/pm/graphic/images/resourceUsage-32.svg,microproject_ui,resource,HEAD,115f67413390d96c2d6f95e7acf056b11de84e9e616dad3238f3f77b889d58e0,d2fa3c20a,,,0530be227f4a10c5545cce8d3db20ac5a4d76a66,REVIEW_REQUIRED,Unknown,false,REVIEW_REQUIRED,REVIEW_REQUIRED,REVIEW,no path match in OpenProj baseline; classify origin manually,
modules/microproject_ui/src/main/resources/com/microproject/pm/graphic/images/resourceUsage.png,microproject_ui,resource,HEAD,e96bc64fbd79054c470c912cf458051a92be1372442702106ff53c09d907bcf6,d2fa3c20a,openproj_ui/src/com/projity/pm/graphic/images/resourceUsage.png,e96bc64fbd79054c470c912cf458051a92be1372442702106ff53c09d907bcf6,0530be227f4a10c5545cce8d3db20ac5a4d76a66,REVIEW_REQUIRED,Unknown,true,REVIEW_REQUIRED,REVIEW_REQUIRED,KEEP_OPENPROJ,normalized content matches OpenProj baseline,
modules/microproject_ui/src/main/resources/com/microproject/pm/graphic/images/resourceUsage.svg,microproject_ui,resource,HEAD,7f192e93b85e8d09511202f5f0c7668d976eb11cd1335609660f814c5b2bf5a2,d2fa3c20a,,,0530be227f4a10c5545cce8d3db20ac5a4d76a66,REVIEW_REQUIRED,Unknown,false,REVIEW_REQUIRED,REVIEW_REQUIRED,REVIEW,no path match in OpenProj baseline; classify origin manually,
modules/microproject_ui/src/main/resources/com/microproject/pm/graphic/images/resources-16.svg,microproject_ui,resource,HEAD,42f468d94a627cec54ba0ff40e5b8fdc0560233e0e1794a4b4e171de7d15de04,d2fa3c20a,,,0530be227f4a10c5545cce8d3db20ac5a4d76a66,REVIEW_REQUIRED,Unknown,false,REVIEW_REQUIRED,REVIEW_REQUIRED,REVIEW,no path match in OpenProj baseline; classify origin manually,
modules/microproject_ui/src/main/resources/com/microproject/pm/graphic/images/resources-20.svg,microproject_ui,resource,HEAD,6f3dad8ea2db8541d19e1ce27ec8947b4f35fc0972da64c172dc51a277cceeac,d2fa3c20a,,,0530be227f4a10c5545cce8d3db20ac5a4d76a66,REVIEW_REQUIRED,Unknown,false,REVIEW_REQUIRED,REVIEW_REQUIRED,REVIEW,no path match in OpenProj baseline; classify origin manually,
modules/microproject_ui/src/main/resources/com/microproject/pm/graphic/images/resources-32.svg,microproject_ui,resource,HEAD,9dee3e9b94cceb9efdbcd711d9a3dc7ed85e0b0eb54d8da123d5262a2cc41885,d2fa3c20a,,,0530be227f4a10c5545cce8d3db20ac5a4d76a66,REVIEW_REQUIRED,Unknown,false,REVIEW_REQUIRED,REVIEW_REQUIRED,REVIEW,no path match in OpenProj baseline; classify origin manually,
modules/microproject_ui/src/main/resources/com/microproject/pm/graphic/images/resources.png,microproject_ui,resource,HEAD,ec735d57aae6e588204ea2400b3d5f6b52a7d8ddad3f09b7d2c440d50c0ae74c,d2fa3c20a,openproj_ui/src/com/projity/pm/graphic/images/resources.png,ec735d57aae6e588204ea2400b3d5f6b52a7d8ddad3f09b7d2c440d50c0ae74c,0530be227f4a10c5545cce8d3db20ac5a4d76a66,REVIEW_REQUIRED,Unknown,true,REVIEW_REQUIRED,REVIEW_REQUIRED,KEEP_OPENPROJ,normalized content matches OpenProj baseline,
modules/microproject_ui/src/main/resources/com/microproject/pm/graphic/images/resources.svg,microproject_ui,resource,HEAD,cb4f8b23e9adeec90549161a293c021d2b27dce278ac7989756babc28fd066f8,d2fa3c20a,,,0530be227f4a10c5545cce8d3db20ac5a4d76a66,REVIEW_REQUIRED,Unknown,false,REVIEW_REQUIRED,REVIEW_REQUIRED,REVIEW,no path match in OpenProj baseline; classify origin manually,
modules/microproject_ui/src/main/resources/com/microproject/pm/graphic/images/ribbon/application-pdf-16.svg,microproject_ui,resource,HEAD,57b65ddbdf6c5e8220b8e7e7906dce8914ebedfa4bf4a0d3852dcbf5889ce22d,d2fa3c20a,,,0530be227f4a10c5545cce8d3db20ac5a4d76a66,REVIEW_REQUIRED,Unknown,false,REVIEW_REQUIRED,REVIEW_REQUIRED,REVIEW,no path match in OpenProj baseline; classify origin manually,
modules/microproject_ui/src/main/resources/com/microproject/pm/graphic/images/ribbon/application-pdf-20.svg,microproject_ui,resource,HEAD,8183cc0f6e027cca4a564a95b0e9df53670059103469b71ebba9cf6a22db7648,d2fa3c20a,,,0530be227f4a10c5545cce8d3db20ac5a4d76a66,REVIEW_REQUIRED,Unknown,false,REVIEW_REQUIRED,REVIEW_REQUIRED,REVIEW,no path match in OpenProj baseline; classify origin manually,
modules/microproject_ui/src/main/resources/com/microproject/pm/graphic/images/ribbon/application-pdf-32.svg,microproject_ui,resource,HEAD,94cbde7488b08a2c7cc962f8be1d172ab20bc0634f3a80014e3a3c68c6e0c307,d2fa3c20a,,,0530be227f4a10c5545cce8d3db20ac5a4d76a66,REVIEW_REQUIRED,Unknown,false,REVIEW_REQUIRED,REVIEW_REQUIRED,REVIEW,no path match in OpenProj baseline; classify origin manually,
modules/microproject_ui/src/main/resources/com/microproject/pm/graphic/images/ribbon/application-pdf.png,microproject_ui,resource,HEAD,bc106ccffcafc121166a7e77e1e684bf7702285b7f2e7eb00b183a3e65eedbc4,d2fa3c20a,,,0530be227f4a10c5545cce8d3db20ac5a4d76a66,REVIEW_REQUIRED,ThirdParty:JasperReports,false,REVIEW_REQUIRED,REVIEW_REQUIRED,KEEP_THIRD_PARTY,third-party notice detected; verify upstream license,
modules/microproject_ui/src/main/resources/com/microproject/pm/graphic/images/ribbon/application-pdf.svg,microproject_ui,resource,HEAD,1789f34ccc936b44f182266e8f210fa4be026a00d258760fd90c4767014e4d21,d2fa3c20a,,,0530be227f4a10c5545cce8d3db20ac5a4d76a66,REVIEW_REQUIRED,Unknown,false,REVIEW_REQUIRED,REVIEW_REQUIRED,REVIEW,no path match in OpenProj baseline; classify origin manually,
modules/microproject_ui/src/main/resources/com/microproject/pm/graphic/images/ribbon/assign-resources-ribbon-16.svg,microproject_ui,resource,HEAD,ba2ea672ccd746ac91d11490956d015669c49300315cf3dd1c7f1082c6f6bfe1,d2fa3c20a,,,0530be227f4a10c5545cce8d3db20ac5a4d76a66,REVIEW_REQUIRED,Unknown,false,REVIEW_REQUIRED,REVIEW_REQUIRED,REVIEW,no path match in OpenProj baseline; classify origin manually,
modules/microproject_ui/src/main/resources/com/microproject/pm/graphic/images/ribbon/assign-resources-ribbon-20.svg,microproject_ui,resource,HEAD,6ac0155cbe2d5391a51308219d2d1369e7f3894fdeb87c6b52d7d1395d5e71c8,d2fa3c20a,,,0530be227f4a10c5545cce8d3db20ac5a4d76a66,REVIEW_REQUIRED,Unknown,false,REVIEW_REQUIRED,REVIEW_REQUIRED,REVIEW,no path match in OpenProj baseline; classify origin manually,
modules/microproject_ui/src/main/resources/com/microproject/pm/graphic/images/ribbon/assign-resources-ribbon-32.svg,microproject_ui,resource,HEAD,2a5fdeb09985907f10f30ef694005439d2621b952752de76033dfa2670d5dcb2,d2fa3c20a,,,0530be227f4a10c5545cce8d3db20ac5a4d76a66,REVIEW_REQUIRED,Unknown,false,REVIEW_REQUIRED,REVIEW_REQUIRED,REVIEW,no path match in OpenProj baseline; classify origin manually,
modules/microproject_ui/src/main/resources/com/microproject/pm/graphic/images/ribbon/assign-resources-ribbon.svg,microproject_ui,resource,HEAD,92539c689c230b54051dec4238928c766407c5f45335b92bb1b4fb5ce8b2b1f5,d2fa3c20a,,,0530be227f4a10c5545cce8d3db20ac5a4d76a66,REVIEW_REQUIRED,Unknown,false,REVIEW_REQUIRED,REVIEW_REQUIRED,REVIEW,no path match in OpenProj baseline; classify origin manually,
modules/microproject_ui/src/main/resources/com/microproject/pm/graphic/images/ribbon/bar-styles-16.svg,microproject_ui,resource,HEAD,5b2374902582fd354a797499f59d7404bcacc9f76f6f480199cb3dde541e7599,d2fa3c20a,,,0530be227f4a10c5545cce8d3db20ac5a4d76a66,REVIEW_REQUIRED,Unknown,false,REVIEW_REQUIRED,REVIEW_REQUIRED,REVIEW,no path match in OpenProj baseline; classify origin manually,
modules/microproject_ui/src/main/resources/com/microproject/pm/graphic/images/ribbon/bar-styles-20.svg,microproject_ui,resource,HEAD,836513bd3a985ccefd184649c54a808a57b7b7a716472bd1c443782de7c470af,d2fa3c20a,,,0530be227f4a10c5545cce8d3db20ac5a4d76a66,REVIEW_REQUIRED,Unknown,false,REVIEW_REQUIRED,REVIEW_REQUIRED,REVIEW,no path match in OpenProj baseline; classify origin manually,
modules/microproject_ui/src/main/resources/com/microproject/pm/graphic/images/ribbon/bar-styles-32.svg,microproject_ui,resource,HEAD,639cf95f8a39d1483bce73883b6feae1c0b5a16931403ac5f755f4b767d7c661,d2fa3c20a,,,0530be227f4a10c5545cce8d3db20ac5a4d76a66,REVIEW_REQUIRED,Unknown,false,REVIEW_REQUIRED,REVIEW_REQUIRED,REVIEW,no path match in OpenProj baseline; classify origin manually,
modules/microproject_ui/src/main/resources/com/microproject/pm/graphic/images/ribbon/bar-styles.svg,microproject_ui,resource,HEAD,1849d66ce8f1f1bc596b11885f644819a38b0bf861a0bac8c4288ca28bc36636,d2fa3c20a,,,0530be227f4a10c5545cce8d3db20ac5a4d76a66,REVIEW_REQUIRED,Unknown,false,REVIEW_REQUIRED,REVIEW_REQUIRED,REVIEW,no path match in OpenProj baseline; classify origin manually,
modules/microproject_ui/src/main/resources/com/microproject/pm/graphic/images/ribbon/baseline-clear-16.svg,microproject_ui,resource,HEAD,ae6730cb056dced6c766d8b2ff609979958bf8f3ccacdcd80404426dd9c91511,d2fa3c20a,,,0530be227f4a10c5545cce8d3db20ac5a4d76a66,REVIEW_REQUIRED,Unknown,false,REVIEW_REQUIRED,REVIEW_REQUIRED,REVIEW,no path match in OpenProj baseline; classify origin manually,
modules/microproject_ui/src/main/resources/com/microproject/pm/graphic/images/ribbon/baseline-clear-20.svg,microproject_ui,resource,HEAD,9e9212ef859ef365265b68168b90392e466737f239a805dc092a6f47bc1fee5c,d2fa3c20a,,,0530be227f4a10c5545cce8d3db20ac5a4d76a66,REVIEW_REQUIRED,Unknown,false,REVIEW_REQUIRED,REVIEW_REQUIRED,REVIEW,no path match in OpenProj baseline; classify origin manually,
modules/microproject_ui/src/main/resources/com/microproject/pm/graphic/images/ribbon/baseline-clear-32.svg,microproject_ui,resource,HEAD,080f824c808466e809fec15a5fb85e8bfb4f5c40870350d0cda7fcd824b1e92d,d2fa3c20a,,,0530be227f4a10c5545cce8d3db20ac5a4d76a66,REVIEW_REQUIRED,Unknown,false,REVIEW_REQUIRED,REVIEW_REQUIRED,REVIEW,no path match in OpenProj baseline; classify origin manually,
modules/microproject_ui/src/main/resources/com/microproject/pm/graphic/images/ribbon/baseline-clear.svg,microproject_ui,resource,HEAD,48eb0bf5c9d7bb1013567a7d89dd5312c5fd60b07f60e5ca309d8f96bc03cf11,d2fa3c20a,,,0530be227f4a10c5545cce8d3db20ac5a4d76a66,REVIEW_REQUIRED,Unknown,false,REVIEW_REQUIRED,REVIEW_REQUIRED,REVIEW,no path match in OpenProj baseline; classify origin manually,
modules/microproject_ui/src/main/resources/com/microproject/pm/graphic/images/ribbon/calendar-repeat-16.svg,microproject_ui,resource,HEAD,36d4b08f4690c59df4d8f0e77bcd6f7790c503edf0c2615b56d521a653fe0fd5,d2fa3c20a,,,0530be227f4a10c5545cce8d3db20ac5a4d76a66,REVIEW_REQUIRED,Unknown,false,REVIEW_REQUIRED,REVIEW_REQUIRED,REVIEW,no path match in OpenProj baseline; classify origin manually,
modules/microproject_ui/src/main/resources/com/microproject/pm/graphic/images/ribbon/calendar-repeat-20.svg,microproject_ui,resource,HEAD,8d2372f05db1dd0e93e364a2a68579702c4a08dda157b54de7f4d29cd8d79e03,d2fa3c20a,,,0530be227f4a10c5545cce8d3db20ac5a4d76a66,REVIEW_REQUIRED,Unknown,false,REVIEW_REQUIRED,REVIEW_REQUIRED,REVIEW,no path match in OpenProj baseline; classify origin manually,
modules/microproject_ui/src/main/resources/com/microproject/pm/graphic/images/ribbon/calendar-repeat-32.svg,microproject_ui,resource,HEAD,42edfc34d0fd4f2416bf62cfff3d1eb852d87d2b37dbbe6f68f6d1d822a847ea,d2fa3c20a,,,0530be227f4a10c5545cce8d3db20ac5a4d76a66,REVIEW_REQUIRED,Unknown,false,REVIEW_REQUIRED,REVIEW_REQUIRED,REVIEW,no path match in OpenProj baseline; classify origin manually,
modules/microproject_ui/src/main/resources/com/microproject/pm/graphic/images/ribbon/calendar-repeat.svg,microproject_ui,resource,HEAD,026aabbd26746d23dee9581a3f81d105db8066f095465fd097079a094a3bfea0,d2fa3c20a,,,0530be227f4a10c5545cce8d3db20ac5a4d76a66,REVIEW_REQUIRED,Unknown,false,REVIEW_REQUIRED,REVIEW_REQUIRED,REVIEW,no path match in OpenProj baseline; classify origin manually,
modules/microproject_ui/src/main/resources/com/microproject/pm/graphic/images/ribbon/calendar-settings-16.svg,microproject_ui,resource,HEAD,d4a0bce9ce05ea66a39579f5c9947c7cb3ad04778a4a4fc00dc863f98746b2ac,d2fa3c20a,,,0530be227f4a10c5545cce8d3db20ac5a4d76a66,REVIEW_REQUIRED,Unknown,false,REVIEW_REQUIRED,REVIEW_REQUIRED,REVIEW,no path match in OpenProj baseline; classify origin manually,
modules/microproject_ui/src/main/resources/com/microproject/pm/graphic/images/ribbon/calendar-settings-20.svg,microproject_ui,resource,HEAD,5a6705f58a831bae963da1842d8425e3371025c07f331abf0df16f1a6fd41183,d2fa3c20a,,,0530be227f4a10c5545cce8d3db20ac5a4d76a66,REVIEW_REQUIRED,Unknown,false,REVIEW_REQUIRED,REVIEW_REQUIRED,REVIEW,no path match in OpenProj baseline; classify origin manually,
modules/microproject_ui/src/main/resources/com/microproject/pm/graphic/images/ribbon/calendar-settings-32.svg,microproject_ui,resource,HEAD,5aef76b2fa55a26b86693d43d45efbb8d1768168a09fff50f00da7b84f35416a,d2fa3c20a,,,0530be227f4a10c5545cce8d3db20ac5a4d76a66,REVIEW_REQUIRED,Unknown,false,REVIEW_REQUIRED,REVIEW_REQUIRED,REVIEW,no path match in OpenProj baseline; classify origin manually,
modules/microproject_ui/src/main/resources/com/microproject/pm/graphic/images/ribbon/calendar-settings.svg,microproject_ui,resource,HEAD,e86cc50b972b8cd00b2b5ccedc4c68a4c34cb8453cc609125729c9d7f0ac118c,d2fa3c20a,,,0530be227f4a10c5545cce8d3db20ac5a4d76a66,REVIEW_REQUIRED,Unknown,false,REVIEW_REQUIRED,REVIEW_REQUIRED,REVIEW,no path match in OpenProj baseline; classify origin manually,
modules/microproject_ui/src/main/resources/com/microproject/pm/graphic/images/ribbon/ccpm-buffer-16.svg,microproject_ui,resource,HEAD,fbe1dd0438cfd6933508aaa4e8d58ae9616155863c119c4adbda8e7db15bdb14,d2fa3c20a,,,0530be227f4a10c5545cce8d3db20ac5a4d76a66,REVIEW_REQUIRED,Unknown,false,REVIEW_REQUIRED,REVIEW_REQUIRED,REVIEW,no path match in OpenProj baseline; classify origin manually,
modules/microproject_ui/src/main/resources/com/microproject/pm/graphic/images/ribbon/ccpm-buffer-20.svg,microproject_ui,resource,HEAD,fbe1dd0438cfd6933508aaa4e8d58ae9616155863c119c4adbda8e7db15bdb14,d2fa3c20a,,,0530be227f4a10c5545cce8d3db20ac5a4d76a66,REVIEW_REQUIRED,Unknown,false,REVIEW_REQUIRED,REVIEW_REQUIRED,REVIEW,no path match in OpenProj baseline; classify origin manually,
modules/microproject_ui/src/main/resources/com/microproject/pm/graphic/images/ribbon/ccpm-buffer-32.svg,microproject_ui,resource,HEAD,fbe1dd0438cfd6933508aaa4e8d58ae9616155863c119c4adbda8e7db15bdb14,d2fa3c20a,,,0530be227f4a10c5545cce8d3db20ac5a4d76a66,REVIEW_REQUIRED,Unknown,false,REVIEW_REQUIRED,REVIEW_REQUIRED,REVIEW,no path match in OpenProj baseline; classify origin manually,
modules/microproject_ui/src/main/resources/com/microproject/pm/graphic/images/ribbon/ccpm-buffer.svg,microproject_ui,resource,HEAD,b955345177d2edff65076e54e816f05bed633aa986a1a62f2c11953a6da1cacb,d2fa3c20a,,,0530be227f4a10c5545cce8d3db20ac5a4d76a66,REVIEW_REQUIRED,Unknown,false,REVIEW_REQUIRED,REVIEW_REQUIRED,REVIEW,no path match in OpenProj baseline; classify origin manually,
modules/microproject_ui/src/main/resources/com/microproject/pm/graphic/images/ribbon/ccpm-clear-16.svg,microproject_ui,resource,HEAD,85f1a3f85876ab4c8b014b7f90db07872d33d0ace05b33c4530223ad3f086be4,d2fa3c20a,,,0530be227f4a10c5545cce8d3db20ac5a4d76a66,REVIEW_REQUIRED,Unknown,false,REVIEW_REQUIRED,REVIEW_REQUIRED,REVIEW,no path match in OpenProj baseline; classify origin manually,
modules/microproject_ui/src/main/resources/com/microproject/pm/graphic/images/ribbon/ccpm-clear-20.svg,microproject_ui,resource,HEAD,85f1a3f85876ab4c8b014b7f90db07872d33d0ace05b33c4530223ad3f086be4,d2fa3c20a,,,0530be227f4a10c5545cce8d3db20ac5a4d76a66,REVIEW_REQUIRED,Unknown,false,REVIEW_REQUIRED,REVIEW_REQUIRED,REVIEW,no path match in OpenProj baseline; classify origin manually,
modules/microproject_ui/src/main/resources/com/microproject/pm/graphic/images/ribbon/ccpm-clear-32.svg,microproject_ui,resource,HEAD,85f1a3f85876ab4c8b014b7f90db07872d33d0ace05b33c4530223ad3f086be4,d2fa3c20a,,,0530be227f4a10c5545cce8d3db20ac5a4d76a66,REVIEW_REQUIRED,Unknown,false,REVIEW_REQUIRED,REVIEW_REQUIRED,REVIEW,no path match in OpenProj baseline; classify origin manually,
modules/microproject_ui/src/main/resources/com/microproject/pm/graphic/images/ribbon/ccpm-clear.svg,microproject_ui,resource,HEAD,54171b79ff1f87eb65d615d4b583e81e49b76934d6256bc304cf56e5bae2751c,d2fa3c20a,,,0530be227f4a10c5545cce8d3db20ac5a4d76a66,REVIEW_REQUIRED,Unknown,false,REVIEW_REQUIRED,REVIEW_REQUIRED,REVIEW,no path match in OpenProj baseline; classify origin manually,
modules/microproject_ui/src/main/resources/com/microproject/pm/graphic/images/ribbon/ccpm-network-16.svg,microproject_ui,resource,HEAD,4552f8e9d293e7c529e964bd36ea11ac4a629fa81bac5d055bf92189e362cf6e,d2fa3c20a,,,0530be227f4a10c5545cce8d3db20ac5a4d76a66,REVIEW_REQUIRED,Unknown,false,REVIEW_REQUIRED,REVIEW_REQUIRED,REVIEW,no path match in OpenProj baseline; classify origin manually,
modules/microproject_ui/src/main/resources/com/microproject/pm/graphic/images/ribbon/ccpm-network-20.svg,microproject_ui,resource,HEAD,4552f8e9d293e7c529e964bd36ea11ac4a629fa81bac5d055bf92189e362cf6e,d2fa3c20a,,,0530be227f4a10c5545cce8d3db20ac5a4d76a66,REVIEW_REQUIRED,Unknown,false,REVIEW_REQUIRED,REVIEW_REQUIRED,REVIEW,no path match in OpenProj baseline; classify origin manually,
modules/microproject_ui/src/main/resources/com/microproject/pm/graphic/images/ribbon/ccpm-network-32.svg,microproject_ui,resource,HEAD,4552f8e9d293e7c529e964bd36ea11ac4a629fa81bac5d055bf92189e362cf6e,d2fa3c20a,,,0530be227f4a10c5545cce8d3db20ac5a4d76a66,REVIEW_REQUIRED,Unknown,false,REVIEW_REQUIRED,REVIEW_REQUIRED,REVIEW,no path match in OpenProj baseline; classify origin manually,
modules/microproject_ui/src/main/resources/com/microproject/pm/graphic/images/ribbon/ccpm-network.svg,microproject_ui,resource,HEAD,f10737ae608b1f8c23e1acfa017d68454506ab64c143f573700762a27e1d4f9a,d2fa3c20a,,,0530be227f4a10c5545cce8d3db20ac5a4d76a66,REVIEW_REQUIRED,Unknown,false,REVIEW_REQUIRED,REVIEW_REQUIRED,REVIEW,no path match in OpenProj baseline; classify origin manually,
modules/microproject_ui/src/main/resources/com/microproject/pm/graphic/images/ribbon/ccpm-settings-16.svg,microproject_ui,resource,HEAD,e58b78f7b88dd69b0e33757033e34470aaef0444f5e2af3f2c82cdb1f12b36c2,d2fa3c20a,,,0530be227f4a10c5545cce8d3db20ac5a4d76a66,REVIEW_REQUIRED,Unknown,false,REVIEW_REQUIRED,REVIEW_REQUIRED,REVIEW,no path match in OpenProj baseline; classify origin manually,
modules/microproject_ui/src/main/resources/com/microproject/pm/graphic/images/ribbon/ccpm-settings-20.svg,microproject_ui,resource,HEAD,e58b78f7b88dd69b0e33757033e34470aaef0444f5e2af3f2c82cdb1f12b36c2,d2fa3c20a,,,0530be227f4a10c5545cce8d3db20ac5a4d76a66,REVIEW_REQUIRED,Unknown,false,REVIEW_REQUIRED,REVIEW_REQUIRED,REVIEW,no path match in OpenProj baseline; classify origin manually,
modules/microproject_ui/src/main/resources/com/microproject/pm/graphic/images/ribbon/ccpm-settings-32.svg,microproject_ui,resource,HEAD,e58b78f7b88dd69b0e33757033e34470aaef0444f5e2af3f2c82cdb1f12b36c2,d2fa3c20a,,,0530be227f4a10c5545cce8d3db20ac5a4d76a66,REVIEW_REQUIRED,Unknown,false,REVIEW_REQUIRED,REVIEW_REQUIRED,REVIEW,no path match in OpenProj baseline; classify origin manually,
modules/microproject_ui/src/main/resources/com/microproject/pm/graphic/images/ribbon/ccpm-settings.svg,microproject_ui,resource,HEAD,bf08a1cf60e553474cb6031deb3c32816842e0019497e48a077c6450409fa066,d2fa3c20a,,,0530be227f4a10c5545cce8d3db20ac5a4d76a66,REVIEW_REQUIRED,Unknown,false,REVIEW_REQUIRED,REVIEW_REQUIRED,REVIEW,no path match in OpenProj baseline; classify origin manually,
modules/microproject_ui/src/main/resources/com/microproject/pm/graphic/images/ribbon/ccpm-visibility-16.svg,microproject_ui,resource,HEAD,cf97da1cdae7b3d1912b5be011c31f4772224539f14d95110820aea87ac7f880,d2fa3c20a,,,0530be227f4a10c5545cce8d3db20ac5a4d76a66,REVIEW_REQUIRED,Unknown,false,REVIEW_REQUIRED,REVIEW_REQUIRED,REVIEW,no path match in OpenProj baseline; classify origin manually,
modules/microproject_ui/src/main/resources/com/microproject/pm/graphic/images/ribbon/ccpm-visibility-20.svg,microproject_ui,resource,HEAD,cf97da1cdae7b3d1912b5be011c31f4772224539f14d95110820aea87ac7f880,d2fa3c20a,,,0530be227f4a10c5545cce8d3db20ac5a4d76a66,REVIEW_REQUIRED,Unknown,false,REVIEW_REQUIRED,REVIEW_REQUIRED,REVIEW,no path match in OpenProj baseline; classify origin manually,
modules/microproject_ui/src/main/resources/com/microproject/pm/graphic/images/ribbon/ccpm-visibility-32.svg,microproject_ui,resource,HEAD,cf97da1cdae7b3d1912b5be011c31f4772224539f14d95110820aea87ac7f880,d2fa3c20a,,,0530be227f4a10c5545cce8d3db20ac5a4d76a66,REVIEW_REQUIRED,Unknown,false,REVIEW_REQUIRED,REVIEW_REQUIRED,REVIEW,no path match in OpenProj baseline; classify origin manually,
modules/microproject_ui/src/main/resources/com/microproject/pm/graphic/images/ribbon/ccpm-visibility.svg,microproject_ui,resource,HEAD,3076b2616431afe3f161b1b294852d5262d39643dfc7a0481705cb935ce4c609,d2fa3c20a,,,0530be227f4a10c5545cce8d3db20ac5a4d76a66,REVIEW_REQUIRED,Unknown,false,REVIEW_REQUIRED,REVIEW_REQUIRED,REVIEW,no path match in OpenProj baseline; classify origin manually,
modules/microproject_ui/src/main/resources/com/microproject/pm/graphic/images/ribbon/collapse-tasks-ribbon-16.svg,microproject_ui,resource,HEAD,9c19ba774b8e26423a2eba9d897d426d326f0fa7e728d43293c1aa1d5426201d,d2fa3c20a,,,0530be227f4a10c5545cce8d3db20ac5a4d76a66,REVIEW_REQUIRED,Unknown,false,REVIEW_REQUIRED,REVIEW_REQUIRED,REVIEW,no path match in OpenProj baseline; classify origin manually,
modules/microproject_ui/src/main/resources/com/microproject/pm/graphic/images/ribbon/collapse-tasks-ribbon-20.svg,microproject_ui,resource,HEAD,5115252fe609c0e9c56a39dfc410b5815dd4b491f7043344139fefd943cce790,d2fa3c20a,,,0530be227f4a10c5545cce8d3db20ac5a4d76a66,REVIEW_REQUIRED,Unknown,false,REVIEW_REQUIRED,REVIEW_REQUIRED,REVIEW,no path match in OpenProj baseline; classify origin manually,
modules/microproject_ui/src/main/resources/com/microproject/pm/graphic/images/ribbon/collapse-tasks-ribbon-32.svg,microproject_ui,resource,HEAD,cf1ec04a474f9c2a6d6e5b6525d6ac3658909491e550613b1c685d96a2453b17,d2fa3c20a,,,0530be227f4a10c5545cce8d3db20ac5a4d76a66,REVIEW_REQUIRED,Unknown,false,REVIEW_REQUIRED,REVIEW_REQUIRED,REVIEW,no path match in OpenProj baseline; classify origin manually,
modules/microproject_ui/src/main/resources/com/microproject/pm/graphic/images/ribbon/collapse-tasks-ribbon.svg,microproject_ui,resource,HEAD,41b573e44e41d7078ce66b9b06b19f8f6d58d7f0b4bcb78208582a9eea924015,d2fa3c20a,,,0530be227f4a10c5545cce8d3db20ac5a4d76a66,REVIEW_REQUIRED,Unknown,false,REVIEW_REQUIRED,REVIEW_REQUIRED,REVIEW,no path match in OpenProj baseline; classify origin manually,
modules/microproject_ui/src/main/resources/com/microproject/pm/graphic/images/ribbon/delegate-tasks-16.svg,microproject_ui,resource,HEAD,f58fab8f1fae1c61a44aa68f836e7039412bb6dfd5dc058c72916acd331f00e5,d2fa3c20a,,,0530be227f4a10c5545cce8d3db20ac5a4d76a66,REVIEW_REQUIRED,Unknown,false,REVIEW_REQUIRED,REVIEW_REQUIRED,REVIEW,no path match in OpenProj baseline; classify origin manually,
modules/microproject_ui/src/main/resources/com/microproject/pm/graphic/images/ribbon/delegate-tasks-20.svg,microproject_ui,resource,HEAD,f58fab8f1fae1c61a44aa68f836e7039412bb6dfd5dc058c72916acd331f00e5,d2fa3c20a,,,0530be227f4a10c5545cce8d3db20ac5a4d76a66,REVIEW_REQUIRED,Unknown,false,REVIEW_REQUIRED,REVIEW_REQUIRED,REVIEW,no path match in OpenProj baseline; classify origin manually,
modules/microproject_ui/src/main/resources/com/microproject/pm/graphic/images/ribbon/delegate-tasks-32.svg,microproject_ui,resource,HEAD,f58fab8f1fae1c61a44aa68f836e7039412bb6dfd5dc058c72916acd331f00e5,d2fa3c20a,,,0530be227f4a10c5545cce8d3db20ac5a4d76a66,REVIEW_REQUIRED,Unknown,false,REVIEW_REQUIRED,REVIEW_REQUIRED,REVIEW,no path match in OpenProj baseline; classify origin manually,
modules/microproject_ui/src/main/resources/com/microproject/pm/graphic/images/ribbon/delegate-tasks.svg,microproject_ui,resource,HEAD,afb55ef079e4bdc0719b2e4eb5953d9172d8e9c0d9a4feb61d85a43280f858ed,d2fa3c20a,,,0530be227f4a10c5545cce8d3db20ac5a4d76a66,REVIEW_REQUIRED,Unknown,false,REVIEW_REQUIRED,REVIEW_REQUIRED,REVIEW,no path match in OpenProj baseline; classify origin manually,
modules/microproject_ui/src/main/resources/com/microproject/pm/graphic/images/ribbon/delete-link-16.svg,microproject_ui,resource,HEAD,2253bddde7f316daf66c7e548f43f52c9aa11a33e64db66a2e4ebfc98146eb99,d2fa3c20a,,,0530be227f4a10c5545cce8d3db20ac5a4d76a66,REVIEW_REQUIRED,Unknown,false,REVIEW_REQUIRED,REVIEW_REQUIRED,REVIEW,no path match in OpenProj baseline; classify origin manually,
modules/microproject_ui/src/main/resources/com/microproject/pm/graphic/images/ribbon/delete-link-20.svg,microproject_ui,resource,HEAD,65981846db82544ab63b627afcadfff4e2b94597f22b376ec0ffce8fdca4e0b3,d2fa3c20a,,,0530be227f4a10c5545cce8d3db20ac5a4d76a66,REVIEW_REQUIRED,Unknown,false,REVIEW_REQUIRED,REVIEW_REQUIRED,REVIEW,no path match in OpenProj baseline; classify origin manually,
modules/microproject_ui/src/main/resources/com/microproject/pm/graphic/images/ribbon/delete-link-32.svg,microproject_ui,resource,HEAD,fce800920e08db51ab7f0f588f4678e0500df7702f089f37b52e75f8c36ad393,d2fa3c20a,,,0530be227f4a10c5545cce8d3db20ac5a4d76a66,REVIEW_REQUIRED,Unknown,false,REVIEW_REQUIRED,REVIEW_REQUIRED,REVIEW,no path match in OpenProj baseline; classify origin manually,
modules/microproject_ui/src/main/resources/com/microproject/pm/graphic/images/ribbon/delete-link.png,microproject_ui,resource,HEAD,db14f81acaa89bf869a3700a11614d7e202f612aacc65a3c231facb4571b52c3,d2fa3c20a,,,0530be227f4a10c5545cce8d3db20ac5a4d76a66,REVIEW_REQUIRED,Unknown,false,REVIEW_REQUIRED,REVIEW_REQUIRED,REVIEW,no path match in OpenProj baseline; classify origin manually,
modules/microproject_ui/src/main/resources/com/microproject/pm/graphic/images/ribbon/delete-link.svg,microproject_ui,resource,HEAD,8e5302167cd81d59fb75c286f285668ce2c112e3dae6e2e23b32453b3a64be03,d2fa3c20a,,,0530be227f4a10c5545cce8d3db20ac5a4d76a66,REVIEW_REQUIRED,Unknown,false,REVIEW_REQUIRED,REVIEW_REQUIRED,REVIEW,no path match in OpenProj baseline; classify origin manually,
modules/microproject_ui/src/main/resources/com/microproject/pm/graphic/images/ribbon/document-close-4-16.svg,microproject_ui,resource,HEAD,e5c5e993daa89718f566ed4c493c5e6c92dcd968243da9e13d7de9337fe40dfc,d2fa3c20a,,,0530be227f4a10c5545cce8d3db20ac5a4d76a66,REVIEW_REQUIRED,Unknown,false,REVIEW_REQUIRED,REVIEW_REQUIRED,REVIEW,no path match in OpenProj baseline; classify origin manually,
modules/microproject_ui/src/main/resources/com/microproject/pm/graphic/images/ribbon/document-close-4-20.svg,microproject_ui,resource,HEAD,7b0256b7ae761eef58ba5a45facc1276428878ae95076d1dcf5a842c26b1b9e3,d2fa3c20a,,,0530be227f4a10c5545cce8d3db20ac5a4d76a66,REVIEW_REQUIRED,Unknown,false,REVIEW_REQUIRED,REVIEW_REQUIRED,REVIEW,no path match in OpenProj baseline; classify origin manually,
modules/microproject_ui/src/main/resources/com/microproject/pm/graphic/images/ribbon/document-close-4-32.svg,microproject_ui,resource,HEAD,7b84722518b20f185ae1a57843a860b8b0941ce30456f7ce9aeea7f94da65c24,d2fa3c20a,,,0530be227f4a10c5545cce8d3db20ac5a4d76a66,REVIEW_REQUIRED,Unknown,false,REVIEW_REQUIRED,REVIEW_REQUIRED,REVIEW,no path match in OpenProj baseline; classify origin manually,
modules/microproject_ui/src/main/resources/com/microproject/pm/graphic/images/ribbon/document-close-4.png,microproject_ui,resource,HEAD,f0a2e81259dc553690523ff62785b4c23fb3b474e656349251cecd1a4b9e02c3,d2fa3c20a,,,0530be227f4a10c5545cce8d3db20ac5a4d76a66,REVIEW_REQUIRED,ThirdParty:JasperReports,false,REVIEW_REQUIRED,REVIEW_REQUIRED,KEEP_THIRD_PARTY,third-party notice detected; verify upstream license,
modules/microproject_ui/src/main/resources/com/microproject/pm/graphic/images/ribbon/document-close-4.svg,microproject_ui,resource,HEAD,c69a601ffec99131e9e93c13c09464dffb9b6ac7481163f2d20e8af6d72f53f7,d2fa3c20a,,,0530be227f4a10c5545cce8d3db20ac5a4d76a66,REVIEW_REQUIRED,Unknown,false,REVIEW_REQUIRED,REVIEW_REQUIRED,REVIEW,no path match in OpenProj baseline; classify origin manually,
modules/microproject_ui/src/main/resources/com/microproject/pm/graphic/images/ribbon/document-export-16.svg,microproject_ui,resource,HEAD,a112e49b019d5be18379f302f41058a99a6d2b1679fd210a0056d3ca2fbc204d,d2fa3c20a,,,0530be227f4a10c5545cce8d3db20ac5a4d76a66,REVIEW_REQUIRED,Unknown,false,REVIEW_REQUIRED,REVIEW_REQUIRED,REVIEW,no path match in OpenProj baseline; classify origin manually,
modules/microproject_ui/src/main/resources/com/microproject/pm/graphic/images/ribbon/document-export-20.svg,microproject_ui,resource,HEAD,a112e49b019d5be18379f302f41058a99a6d2b1679fd210a0056d3ca2fbc204d,d2fa3c20a,,,0530be227f4a10c5545cce8d3db20ac5a4d76a66,REVIEW_REQUIRED,Unknown,false,REVIEW_REQUIRED,REVIEW_REQUIRED,REVIEW,no path match in OpenProj baseline; classify origin manually,
modules/microproject_ui/src/main/resources/com/microproject/pm/graphic/images/ribbon/document-export-32.svg,microproject_ui,resource,HEAD,a112e49b019d5be18379f302f41058a99a6d2b1679fd210a0056d3ca2fbc204d,d2fa3c20a,,,0530be227f4a10c5545cce8d3db20ac5a4d76a66,REVIEW_REQUIRED,Unknown,false,REVIEW_REQUIRED,REVIEW_REQUIRED,REVIEW,no path match in OpenProj baseline; classify origin manually,
modules/microproject_ui/src/main/resources/com/microproject/pm/graphic/images/ribbon/document-export.svg,microproject_ui,resource,HEAD,f1543e137b74956cad8bc604b6e5dedc80c79d04fd5141460a35bebf14ffb5a8,d2fa3c20a,,,0530be227f4a10c5545cce8d3db20ac5a4d76a66,REVIEW_REQUIRED,Unknown,false,REVIEW_REQUIRED,REVIEW_REQUIRED,REVIEW,no path match in OpenProj baseline; classify origin manually,
modules/microproject_ui/src/main/resources/com/microproject/pm/graphic/images/ribbon/document-import-16.svg,microproject_ui,resource,HEAD,779f40929d0df5b725ff71bf7dd40329b7a6813893e3a6f694f62c2a2e932e47,d2fa3c20a,,,0530be227f4a10c5545cce8d3db20ac5a4d76a66,REVIEW_REQUIRED,Unknown,false,REVIEW_REQUIRED,REVIEW_REQUIRED,REVIEW,no path match in OpenProj baseline; classify origin manually,
modules/microproject_ui/src/main/resources/com/microproject/pm/graphic/images/ribbon/document-import-20.svg,microproject_ui,resource,HEAD,67278a07e6a54989509b9890079a567459ef44e3eca3cc2b7f23487bfa3d722e,d2fa3c20a,,,0530be227f4a10c5545cce8d3db20ac5a4d76a66,REVIEW_REQUIRED,Unknown,false,REVIEW_REQUIRED,REVIEW_REQUIRED,REVIEW,no path match in OpenProj baseline; classify origin manually,
modules/microproject_ui/src/main/resources/com/microproject/pm/graphic/images/ribbon/document-import-32.svg,microproject_ui,resource,HEAD,172cc85b7d0fca05f17069342c33c97a196caa92ebd17ca0cb7d4cfb50d39bd2,d2fa3c20a,,,0530be227f4a10c5545cce8d3db20ac5a4d76a66,REVIEW_REQUIRED,Unknown,false,REVIEW_REQUIRED,REVIEW_REQUIRED,REVIEW,no path match in OpenProj baseline; classify origin manually,
modules/microproject_ui/src/main/resources/com/microproject/pm/graphic/images/ribbon/document-import.svg,microproject_ui,resource,HEAD,2f66ad11327d5e81e5c254b3fdb642cb3045ff5f309eb8b74b92d8120a4b99da,d2fa3c20a,,,0530be227f4a10c5545cce8d3db20ac5a4d76a66,REVIEW_REQUIRED,Unknown,false,REVIEW_REQUIRED,REVIEW_REQUIRED,REVIEW,no path match in OpenProj baseline; classify origin manually,
modules/microproject_ui/src/main/resources/com/microproject/pm/graphic/images/ribbon/document-multiple-16.svg,microproject_ui,resource,HEAD,65fee42d71df53bd46594bb60acdf88d48f6b7706204f16fabd2bb24146bfdad,d2fa3c20a,,,0530be227f4a10c5545cce8d3db20ac5a4d76a66,REVIEW_REQUIRED,Unknown,false,REVIEW_REQUIRED,REVIEW_REQUIRED,REVIEW,no path match in OpenProj baseline; classify origin manually,
modules/microproject_ui/src/main/resources/com/microproject/pm/graphic/images/ribbon/document-multiple-20.svg,microproject_ui,resource,HEAD,efe1c4876d6988ebb74cd957a6e7efa43fd2113d329602c2709d1648bc794d45,d2fa3c20a,,,0530be227f4a10c5545cce8d3db20ac5a4d76a66,REVIEW_REQUIRED,Unknown,false,REVIEW_REQUIRED,REVIEW_REQUIRED,REVIEW,no path match in OpenProj baseline; classify origin manually,
modules/microproject_ui/src/main/resources/com/microproject/pm/graphic/images/ribbon/document-multiple-32.svg,microproject_ui,resource,HEAD,0aa3d023c7f9281ad1544d7ff42fc2b24168c53e5b4c00ed6739c50e44acad6d,d2fa3c20a,,,0530be227f4a10c5545cce8d3db20ac5a4d76a66,REVIEW_REQUIRED,Unknown,false,REVIEW_REQUIRED,REVIEW_REQUIRED,REVIEW,no path match in OpenProj baseline; classify origin manually,
modules/microproject_ui/src/main/resources/com/microproject/pm/graphic/images/ribbon/document-multiple.png,microproject_ui,resource,HEAD,47755ffb7d829add2baeb952a823e7007d1a72f818c8668aa9499c3c51431058,d2fa3c20a,,,0530be227f4a10c5545cce8d3db20ac5a4d76a66,REVIEW_REQUIRED,ThirdParty:JasperReports,false,REVIEW_REQUIRED,REVIEW_REQUIRED,KEEP_THIRD_PARTY,third-party notice detected; verify upstream license,
modules/microproject_ui/src/main/resources/com/microproject/pm/graphic/images/ribbon/document-multiple.svg,microproject_ui,resource,HEAD,5d0b8ab2edd4909d3b34b22baeaeee6de90a06bb0dfd06b67fbf8fd7e750eac3,d2fa3c20a,,,0530be227f4a10c5545cce8d3db20ac5a4d76a66,REVIEW_REQUIRED,Unknown,false,REVIEW_REQUIRED,REVIEW_REQUIRED,REVIEW,no path match in OpenProj baseline; classify origin manually,
modules/microproject_ui/src/main/resources/com/microproject/pm/graphic/images/ribbon/document-new-6-16.svg,microproject_ui,resource,HEAD,2aa07b62c4175988a737b0f06f723763e6f5e295a3b0c556f251ca8e24ff5f12,d2fa3c20a,,,0530be227f4a10c5545cce8d3db20ac5a4d76a66,REVIEW_REQUIRED,Unknown,false,REVIEW_REQUIRED,REVIEW_REQUIRED,REVIEW,no path match in OpenProj baseline; classify origin manually,
modules/microproject_ui/src/main/resources/com/microproject/pm/graphic/images/ribbon/document-new-6-20.svg,microproject_ui,resource,HEAD,ff1986f3c07d484fff1640de7ab1b500baa5e1783f0e02c5763461ac51a9d95c,d2fa3c20a,,,0530be227f4a10c5545cce8d3db20ac5a4d76a66,REVIEW_REQUIRED,Unknown,false,REVIEW_REQUIRED,REVIEW_REQUIRED,REVIEW,no path match in OpenProj baseline; classify origin manually,
modules/microproject_ui/src/main/resources/com/microproject/pm/graphic/images/ribbon/document-new-6-32.svg,microproject_ui,resource,HEAD,4fe95dbb0635da46bb1fd5b180791768a9ad80acff34dc5d2c579888f327fba4,d2fa3c20a,,,0530be227f4a10c5545cce8d3db20ac5a4d76a66,REVIEW_REQUIRED,Unknown,false,REVIEW_REQUIRED,REVIEW_REQUIRED,REVIEW,no path match in OpenProj baseline; classify origin manually,
modules/microproject_ui/src/main/resources/com/microproject/pm/graphic/images/ribbon/document-new-6.png,microproject_ui,resource,HEAD,2297068414ed7e0ad464b45fc0215756326c452f2383f152fd3723d45c064d8c,d2fa3c20a,,,0530be227f4a10c5545cce8d3db20ac5a4d76a66,REVIEW_REQUIRED,ThirdParty:JasperReports,false,REVIEW_REQUIRED,REVIEW_REQUIRED,KEEP_THIRD_PARTY,third-party notice detected; verify upstream license,
modules/microproject_ui/src/main/resources/com/microproject/pm/graphic/images/ribbon/document-new-6.svg,microproject_ui,resource,HEAD,23ee85fadd14bb1022f41ba8a711ed825135ca184ca590dc2d703cdda16a96c9,d2fa3c20a,,,0530be227f4a10c5545cce8d3db20ac5a4d76a66,REVIEW_REQUIRED,Unknown,false,REVIEW_REQUIRED,REVIEW_REQUIRED,REVIEW,no path match in OpenProj baseline; classify origin manually,
modules/microproject_ui/src/main/resources/com/microproject/pm/graphic/images/ribbon/document-open-7-16.svg,microproject_ui,resource,HEAD,71aec93d5665637430e29fa0c95b3364ba6ca5ad940ba820def459e8845a55ed,d2fa3c20a,,,0530be227f4a10c5545cce8d3db20ac5a4d76a66,REVIEW_REQUIRED,Unknown,false,REVIEW_REQUIRED,REVIEW_REQUIRED,REVIEW,no path match in OpenProj baseline; classify origin manually,
modules/microproject_ui/src/main/resources/com/microproject/pm/graphic/images/ribbon/document-open-7-20.svg,microproject_ui,resource,HEAD,5aab793b1492aaa232c1396e70a4889ef5d436054ede89fe531c412a6615f5e7,d2fa3c20a,,,0530be227f4a10c5545cce8d3db20ac5a4d76a66,REVIEW_REQUIRED,Unknown,false,REVIEW_REQUIRED,REVIEW_REQUIRED,REVIEW,no path match in OpenProj baseline; classify origin manually,
modules/microproject_ui/src/main/resources/com/microproject/pm/graphic/images/ribbon/document-open-7-32.svg,microproject_ui,resource,HEAD,642ec2ee662a697acd1b88b4e7c144a721b3db3f8c0ed7a2de6be179d0102d2b,d2fa3c20a,,,0530be227f4a10c5545cce8d3db20ac5a4d76a66,REVIEW_REQUIRED,Unknown,false,REVIEW_REQUIRED,REVIEW_REQUIRED,REVIEW,no path match in OpenProj baseline; classify origin manually,
modules/microproject_ui/src/main/resources/com/microproject/pm/graphic/images/ribbon/document-open-7.png,microproject_ui,resource,HEAD,5ceb3ee913b5a7d8dec77cda5ed1effa59bc51818e784ed2522213086dc061d3,d2fa3c20a,,,0530be227f4a10c5545cce8d3db20ac5a4d76a66,REVIEW_REQUIRED,ThirdParty:JasperReports,false,REVIEW_REQUIRED,REVIEW_REQUIRED,KEEP_THIRD_PARTY,third-party notice detected; verify upstream license,
modules/microproject_ui/src/main/resources/com/microproject/pm/graphic/images/ribbon/document-open-7.svg,microproject_ui,resource,HEAD,88914491666c801ac358bdcba46b8db6eb18b95e7f9256c948f15519768681cc,d2fa3c20a,,,0530be227f4a10c5545cce8d3db20ac5a4d76a66,REVIEW_REQUIRED,Unknown,false,REVIEW_REQUIRED,REVIEW_REQUIRED,REVIEW,no path match in OpenProj baseline; classify origin manually,
modules/microproject_ui/src/main/resources/com/microproject/pm/graphic/images/ribbon/document-preview-16.svg,microproject_ui,resource,HEAD,8a9c8c32a67e0cd693c48b9e507af51e84377c2c8d0f0a8f552c9a947e2d40f3,d2fa3c20a,,,0530be227f4a10c5545cce8d3db20ac5a4d76a66,REVIEW_REQUIRED,Unknown,false,REVIEW_REQUIRED,REVIEW_REQUIRED,REVIEW,no path match in OpenProj baseline; classify origin manually,
modules/microproject_ui/src/main/resources/com/microproject/pm/graphic/images/ribbon/document-preview-20.svg,microproject_ui,resource,HEAD,09177c6c5d14502c4733b997991d9ac350a01d564a6f777bbf41f0d9c3810d0e,d2fa3c20a,,,0530be227f4a10c5545cce8d3db20ac5a4d76a66,REVIEW_REQUIRED,Unknown,false,REVIEW_REQUIRED,REVIEW_REQUIRED,REVIEW,no path match in OpenProj baseline; classify origin manually,
modules/microproject_ui/src/main/resources/com/microproject/pm/graphic/images/ribbon/document-preview-32.svg,microproject_ui,resource,HEAD,cac4ce5997af8ce91d5f1c0deeccea35a1ae79a9d0656cde1452487e8b1d4a90,d2fa3c20a,,,0530be227f4a10c5545cce8d3db20ac5a4d76a66,REVIEW_REQUIRED,Unknown,false,REVIEW_REQUIRED,REVIEW_REQUIRED,REVIEW,no path match in OpenProj baseline; classify origin manually,
modules/microproject_ui/src/main/resources/com/microproject/pm/graphic/images/ribbon/document-preview.png,microproject_ui,resource,HEAD,1462480926b61bf55e8962545d8ca1f1afb0770bb744e898db5f9ed0719e4aff,d2fa3c20a,,,0530be227f4a10c5545cce8d3db20ac5a4d76a66,REVIEW_REQUIRED,ThirdParty:JasperReports,false,REVIEW_REQUIRED,REVIEW_REQUIRED,KEEP_THIRD_PARTY,third-party notice detected; verify upstream license,
modules/microproject_ui/src/main/resources/com/microproject/pm/graphic/images/ribbon/document-preview.svg,microproject_ui,resource,HEAD,9373e9182edf13fe8a833943ed4ca90e0c6888400bea7c54b35c1b5c1fc2cfac,d2fa3c20a,,,0530be227f4a10c5545cce8d3db20ac5a4d76a66,REVIEW_REQUIRED,Unknown,false,REVIEW_REQUIRED,REVIEW_REQUIRED,REVIEW,no path match in OpenProj baseline; classify origin manually,
modules/microproject_ui/src/main/resources/com/microproject/pm/graphic/images/ribbon/document-print-5-16.svg,microproject_ui,resource,HEAD,66cd162f620d22db09ea42e182e7512bb53ce9a873659feccd2cde1657aff36b,d2fa3c20a,,,0530be227f4a10c5545cce8d3db20ac5a4d76a66,REVIEW_REQUIRED,Unknown,false,REVIEW_REQUIRED,REVIEW_REQUIRED,REVIEW,no path match in OpenProj baseline; classify origin manually,
modules/microproject_ui/src/main/resources/com/microproject/pm/graphic/images/ribbon/document-print-5-20.svg,microproject_ui,resource,HEAD,333fc17b8dbb9d5b351502dfae11336c0d3d4957c3609b951b1f6a1d3d44bcf0,d2fa3c20a,,,0530be227f4a10c5545cce8d3db20ac5a4d76a66,REVIEW_REQUIRED,Unknown,false,REVIEW_REQUIRED,REVIEW_REQUIRED,REVIEW,no path match in OpenProj baseline; classify origin manually,
modules/microproject_ui/src/main/resources/com/microproject/pm/graphic/images/ribbon/document-print-5-32.svg,microproject_ui,resource,HEAD,eca3622b0466d44e01645bd383429b5eac9151104ae70b85ad1a6029d230a67e,d2fa3c20a,,,0530be227f4a10c5545cce8d3db20ac5a4d76a66,REVIEW_REQUIRED,Unknown,false,REVIEW_REQUIRED,REVIEW_REQUIRED,REVIEW,no path match in OpenProj baseline; classify origin manually,
modules/microproject_ui/src/main/resources/com/microproject/pm/graphic/images/ribbon/document-print-5.png,microproject_ui,resource,HEAD,6f098113afb4d605e49e01c7fbcd7c3fbcef4fb8f0109860536bd33298386f41,d2fa3c20a,,,0530be227f4a10c5545cce8d3db20ac5a4d76a66,REVIEW_REQUIRED,ThirdParty:JasperReports,false,REVIEW_REQUIRED,REVIEW_REQUIRED,KEEP_THIRD_PARTY,third-party notice detected; verify upstream license,
modules/microproject_ui/src/main/resources/com/microproject/pm/graphic/images/ribbon/document-print-5.svg,microproject_ui,resource,HEAD,40eb7b78c1ee66273869d0e40fab3e67cef683baa9d5393d2942d8c23bbf4c33,d2fa3c20a,,,0530be227f4a10c5545cce8d3db20ac5a4d76a66,REVIEW_REQUIRED,Unknown,false,REVIEW_REQUIRED,REVIEW_REQUIRED,REVIEW,no path match in OpenProj baseline; classify origin manually,
modules/microproject_ui/src/main/resources/com/microproject/pm/graphic/images/ribbon/document-save-5-16.svg,microproject_ui,resource,HEAD,05a251ffa5c290a57c469f5e0aef95a5d207b2763b540dad8b59a06ecc2eb967,d2fa3c20a,,,0530be227f4a10c5545cce8d3db20ac5a4d76a66,REVIEW_REQUIRED,Unknown,false,REVIEW_REQUIRED,REVIEW_REQUIRED,REVIEW,no path match in OpenProj baseline; classify origin manually,
modules/microproject_ui/src/main/resources/com/microproject/pm/graphic/images/ribbon/document-save-5-20.svg,microproject_ui,resource,HEAD,8cd839f726ea8ba83801845f048ad2d4212278637a354f176c50729fa25da930,d2fa3c20a,,,0530be227f4a10c5545cce8d3db20ac5a4d76a66,REVIEW_REQUIRED,Unknown,false,REVIEW_REQUIRED,REVIEW_REQUIRED,REVIEW,no path match in OpenProj baseline; classify origin manually,
modules/microproject_ui/src/main/resources/com/microproject/pm/graphic/images/ribbon/document-save-5-32.svg,microproject_ui,resource,HEAD,380ad0a9adf393cc78f82fb7ef463a3d973c4d4507bced674ca069ba39cefccf,d2fa3c20a,,,0530be227f4a10c5545cce8d3db20ac5a4d76a66,REVIEW_REQUIRED,Unknown,false,REVIEW_REQUIRED,REVIEW_REQUIRED,REVIEW,no path match in OpenProj baseline; classify origin manually,
modules/microproject_ui/src/main/resources/com/microproject/pm/graphic/images/ribbon/document-save-5.png,microproject_ui,resource,HEAD,78eba582d4c165065bdc2bd30220a1e2aa901d73420c5018d8f6d68ad4931a9f,d2fa3c20a,,,0530be227f4a10c5545cce8d3db20ac5a4d76a66,REVIEW_REQUIRED,ThirdParty:JasperReports,false,REVIEW_REQUIRED,REVIEW_REQUIRED,KEEP_THIRD_PARTY,third-party notice detected; verify upstream license,
modules/microproject_ui/src/main/resources/com/microproject/pm/graphic/images/ribbon/document-save-5.svg,microproject_ui,resource,HEAD,ca797a7cd179a91e3a55f4b59c16529e704b60cfe8a427f202dd7d67c1a8f2b5,d2fa3c20a,,,0530be227f4a10c5545cce8d3db20ac5a4d76a66,REVIEW_REQUIRED,Unknown,false,REVIEW_REQUIRED,REVIEW_REQUIRED,REVIEW,no path match in OpenProj baseline; classify origin manually,
modules/microproject_ui/src/main/resources/com/microproject/pm/graphic/images/ribbon/document-save-all.png,microproject_ui,resource,HEAD,8e99de3ece246dbefc45156f90263f338165d3c0c711c40c189c25e00aa9076c,d2fa3c20a,,,0530be227f4a10c5545cce8d3db20ac5a4d76a66,REVIEW_REQUIRED,ThirdParty:JasperReports,false,REVIEW_REQUIRED,REVIEW_REQUIRED,KEEP_THIRD_PARTY,third-party notice detected; verify upstream license,
modules/microproject_ui/src/main/resources/com/microproject/pm/graphic/images/ribbon/document-save-as-5-16.svg,microproject_ui,resource,HEAD,26a1180d48e895c7dff877bdba70c5f7c84f71734a2dd6e638960d391c48e34e,d2fa3c20a,,,0530be227f4a10c5545cce8d3db20ac5a4d76a66,REVIEW_REQUIRED,Unknown,false,REVIEW_REQUIRED,REVIEW_REQUIRED,REVIEW,no path match in OpenProj baseline; classify origin manually,
modules/microproject_ui/src/main/resources/com/microproject/pm/graphic/images/ribbon/document-save-as-5-20.svg,microproject_ui,resource,HEAD,df38ca073f1cb1c29e48d72ded7d0474837da0545274b6dcec650b6e1fd8616d,d2fa3c20a,,,0530be227f4a10c5545cce8d3db20ac5a4d76a66,REVIEW_REQUIRED,Unknown,false,REVIEW_REQUIRED,REVIEW_REQUIRED,REVIEW,no path match in OpenProj baseline; classify origin manually,
modules/microproject_ui/src/main/resources/com/microproject/pm/graphic/images/ribbon/document-save-as-5-32.svg,microproject_ui,resource,HEAD,88107719c7b17b7f5484a489e6bda162a918b49444386440b97926bd636eea8e,d2fa3c20a,,,0530be227f4a10c5545cce8d3db20ac5a4d76a66,REVIEW_REQUIRED,Unknown,false,REVIEW_REQUIRED,REVIEW_REQUIRED,REVIEW,no path match in OpenProj baseline; classify origin manually,
modules/microproject_ui/src/main/resources/com/microproject/pm/graphic/images/ribbon/document-save-as-5.png,microproject_ui,resource,HEAD,c426b16b87aa8fd75d0cbfbc53e8c5c0eb96ddba3415bd69efe9f4d8137c32ca,d2fa3c20a,,,0530be227f4a10c5545cce8d3db20ac5a4d76a66,REVIEW_REQUIRED,ThirdParty:JasperReports,false,REVIEW_REQUIRED,REVIEW_REQUIRED,KEEP_THIRD_PARTY,third-party notice detected; verify upstream license,
modules/microproject_ui/src/main/resources/com/microproject/pm/graphic/images/ribbon/document-save-as-5.svg,microproject_ui,resource,HEAD,2263f535d350db8e3db59255fde7e32f99dd0adb88293b2e99544f3be05b12d0,d2fa3c20a,,,0530be227f4a10c5545cce8d3db20ac5a4d76a66,REVIEW_REQUIRED,Unknown,false,REVIEW_REQUIRED,REVIEW_REQUIRED,REVIEW,no path match in OpenProj baseline; classify origin manually,
modules/microproject_ui/src/main/resources/com/microproject/pm/graphic/images/ribbon/edit-copy-6-16.svg,microproject_ui,resource,HEAD,309f4a39dab7664fbb078d20021abf9c1931bca71b7578fd2bfff0459c58eef8,d2fa3c20a,,,0530be227f4a10c5545cce8d3db20ac5a4d76a66,REVIEW_REQUIRED,Unknown,false,REVIEW_REQUIRED,REVIEW_REQUIRED,REVIEW,no path match in OpenProj baseline; classify origin manually,
modules/microproject_ui/src/main/resources/com/microproject/pm/graphic/images/ribbon/edit-copy-6-20.svg,microproject_ui,resource,HEAD,bca3fa943cdb76d46f236ce59699d74937d231f723c6f4b27643286d15712e77,d2fa3c20a,,,0530be227f4a10c5545cce8d3db20ac5a4d76a66,REVIEW_REQUIRED,Unknown,false,REVIEW_REQUIRED,REVIEW_REQUIRED,REVIEW,no path match in OpenProj baseline; classify origin manually,
modules/microproject_ui/src/main/resources/com/microproject/pm/graphic/images/ribbon/edit-copy-6-32.svg,microproject_ui,resource,HEAD,75b12dac1addbf4a760e660143dd41815981418ac0aee115df49f1705e2932ec,d2fa3c20a,,,0530be227f4a10c5545cce8d3db20ac5a4d76a66,REVIEW_REQUIRED,Unknown,false,REVIEW_REQUIRED,REVIEW_REQUIRED,REVIEW,no path match in OpenProj baseline; classify origin manually,
modules/microproject_ui/src/main/resources/com/microproject/pm/graphic/images/ribbon/edit-copy-6.png,microproject_ui,resource,HEAD,b60bb2f773a9066fe1928a9b184b93974d4f76829fa94f3dde02aee20332bf91,d2fa3c20a,,,0530be227f4a10c5545cce8d3db20ac5a4d76a66,REVIEW_REQUIRED,ThirdParty:JasperReports,false,REVIEW_REQUIRED,REVIEW_REQUIRED,KEEP_THIRD_PARTY,third-party notice detected; verify upstream license,
modules/microproject_ui/src/main/resources/com/microproject/pm/graphic/images/ribbon/edit-copy-6.svg,microproject_ui,resource,HEAD,3cfe2ee3dc24fe8a1c15e7529c0293ffef95a6b411ac0837087e324f98abf182,d2fa3c20a,,,0530be227f4a10c5545cce8d3db20ac5a4d76a66,REVIEW_REQUIRED,Unknown,false,REVIEW_REQUIRED,REVIEW_REQUIRED,REVIEW,no path match in OpenProj baseline; classify origin manually,
modules/microproject_ui/src/main/resources/com/microproject/pm/graphic/images/ribbon/edit-cut-6-16.svg,microproject_ui,resource,HEAD,9a2e216f5c9f67c0e39960d12c8e33f77524cfa4b60991e5ea37cec53ea49d29,d2fa3c20a,,,0530be227f4a10c5545cce8d3db20ac5a4d76a66,REVIEW_REQUIRED,Unknown,false,REVIEW_REQUIRED,REVIEW_REQUIRED,REVIEW,no path match in OpenProj baseline; classify origin manually,
modules/microproject_ui/src/main/resources/com/microproject/pm/graphic/images/ribbon/edit-cut-6-20.svg,microproject_ui,resource,HEAD,a3390cb1613559b7eb5364d3531a427ffa6d59033ccf4f4e27957a01970e31dc,d2fa3c20a,,,0530be227f4a10c5545cce8d3db20ac5a4d76a66,REVIEW_REQUIRED,Unknown,false,REVIEW_REQUIRED,REVIEW_REQUIRED,REVIEW,no path match in OpenProj baseline; classify origin manually,
modules/microproject_ui/src/main/resources/com/microproject/pm/graphic/images/ribbon/edit-cut-6-32.svg,microproject_ui,resource,HEAD,728b3ce1d556186531104e5d09ffda110e0ab783d10f8b5eb639c9a09c3ef40b,d2fa3c20a,,,0530be227f4a10c5545cce8d3db20ac5a4d76a66,REVIEW_REQUIRED,Unknown,false,REVIEW_REQUIRED,REVIEW_REQUIRED,REVIEW,no path match in OpenProj baseline; classify origin manually,
modules/microproject_ui/src/main/resources/com/microproject/pm/graphic/images/ribbon/edit-cut-6.png,microproject_ui,resource,HEAD,0f1738b2e447b7e941c8a9c135bbe8fdb1b5d19a2c5a09f958aa60ade90bf8cd,d2fa3c20a,,,0530be227f4a10c5545cce8d3db20ac5a4d76a66,REVIEW_REQUIRED,ThirdParty:JasperReports,false,REVIEW_REQUIRED,REVIEW_REQUIRED,KEEP_THIRD_PARTY,third-party notice detected; verify upstream license,
modules/microproject_ui/src/main/resources/com/microproject/pm/graphic/images/ribbon/edit-cut-6.svg,microproject_ui,resource,HEAD,deaaecdc675e1cbefa054690e73200018987f5546d2aba69614749d6e17cd13b,d2fa3c20a,,,0530be227f4a10c5545cce8d3db20ac5a4d76a66,REVIEW_REQUIRED,Unknown,false,REVIEW_REQUIRED,REVIEW_REQUIRED,REVIEW,no path match in OpenProj baseline; classify origin manually,
modules/microproject_ui/src/main/resources/com/microproject/pm/graphic/images/ribbon/edit-delete-shred.png,microproject_ui,resource,HEAD,ef487e3c2881d295ef8a7caaf2ec59a65728c3b2e78b90cfa62a8b8e639cf1f6,d2fa3c20a,,,0530be227f4a10c5545cce8d3db20ac5a4d76a66,REVIEW_REQUIRED,ThirdParty:JasperReports,false,REVIEW_REQUIRED,REVIEW_REQUIRED,KEEP_THIRD_PARTY,third-party notice detected; verify upstream license,
modules/microproject_ui/src/main/resources/com/microproject/pm/graphic/images/ribbon/edit-find-7-16.svg,microproject_ui,resource,HEAD,fb53b5804a7ed7ae55196db9e086c60ec3adfe818713da6d5e388f869a31ed49,d2fa3c20a,,,0530be227f4a10c5545cce8d3db20ac5a4d76a66,REVIEW_REQUIRED,Unknown,false,REVIEW_REQUIRED,REVIEW_REQUIRED,REVIEW,no path match in OpenProj baseline; classify origin manually,
modules/microproject_ui/src/main/resources/com/microproject/pm/graphic/images/ribbon/edit-find-7-20.svg,microproject_ui,resource,HEAD,b69f42d182a23251b1e12e629b0d67977b3c1549507be8f88dcbbb3bc9549af1,d2fa3c20a,,,0530be227f4a10c5545cce8d3db20ac5a4d76a66,REVIEW_REQUIRED,Unknown,false,REVIEW_REQUIRED,REVIEW_REQUIRED,REVIEW,no path match in OpenProj baseline; classify origin manually,
modules/microproject_ui/src/main/resources/com/microproject/pm/graphic/images/ribbon/edit-find-7-32.svg,microproject_ui,resource,HEAD,177c11039cf0240c92275c8f2f7ab4012649100d26713cca6804dfa58d911fbb,d2fa3c20a,,,0530be227f4a10c5545cce8d3db20ac5a4d76a66,REVIEW_REQUIRED,Unknown,false,REVIEW_REQUIRED,REVIEW_REQUIRED,REVIEW,no path match in OpenProj baseline; classify origin manually,
modules/microproject_ui/src/main/resources/com/microproject/pm/graphic/images/ribbon/edit-find-7.png,microproject_ui,resource,HEAD,8cf8b91553a92888128d90138506af15aee641b158f98e5493136fc081b3cae8,d2fa3c20a,,,0530be227f4a10c5545cce8d3db20ac5a4d76a66,REVIEW_REQUIRED,ThirdParty:JasperReports,false,REVIEW_REQUIRED,REVIEW_REQUIRED,KEEP_THIRD_PARTY,third-party notice detected; verify upstream license,
modules/microproject_ui/src/main/resources/com/microproject/pm/graphic/images/ribbon/edit-find-7.svg,microproject_ui,resource,HEAD,d173ba4fa6bccf17e1c786d0627300d8686c59e3857d619b1956a1eebae8a3dc,d2fa3c20a,,,0530be227f4a10c5545cce8d3db20ac5a4d76a66,REVIEW_REQUIRED,Unknown,false,REVIEW_REQUIRED,REVIEW_REQUIRED,REVIEW,no path match in OpenProj baseline; classify origin manually,
modules/microproject_ui/src/main/resources/com/microproject/pm/graphic/images/ribbon/edit-paste-6-16.svg,microproject_ui,resource,HEAD,60635dde1ed08fd2f34b1e817a929dbce4566c391d22061bb8fcad41c23cb835,d2fa3c20a,,,0530be227f4a10c5545cce8d3db20ac5a4d76a66,REVIEW_REQUIRED,Unknown,false,REVIEW_REQUIRED,REVIEW_REQUIRED,REVIEW,no path match in OpenProj baseline; classify origin manually,
modules/microproject_ui/src/main/resources/com/microproject/pm/graphic/images/ribbon/edit-paste-6-20.svg,microproject_ui,resource,HEAD,e282334a7b8c5c1f2b476ad2030a49a62a221c6cef3f849935d537ba6795c58d,d2fa3c20a,,,0530be227f4a10c5545cce8d3db20ac5a4d76a66,REVIEW_REQUIRED,Unknown,false,REVIEW_REQUIRED,REVIEW_REQUIRED,REVIEW,no path match in OpenProj baseline; classify origin manually,
modules/microproject_ui/src/main/resources/com/microproject/pm/graphic/images/ribbon/edit-paste-6-32.svg,microproject_ui,resource,HEAD,6ed31af26c37693c7d99ab014a69f48481a553b907859825f8d5499a5a38aca6,d2fa3c20a,,,0530be227f4a10c5545cce8d3db20ac5a4d76a66,REVIEW_REQUIRED,Unknown,false,REVIEW_REQUIRED,REVIEW_REQUIRED,REVIEW,no path match in OpenProj baseline; classify origin manually,
modules/microproject_ui/src/main/resources/com/microproject/pm/graphic/images/ribbon/edit-paste-6.png,microproject_ui,resource,HEAD,9857861e59dc4f21b3f7849fe9857abf705222cbcca03ab4abe97e49d6106ce4,d2fa3c20a,,,0530be227f4a10c5545cce8d3db20ac5a4d76a66,REVIEW_REQUIRED,ThirdParty:JasperReports,false,REVIEW_REQUIRED,REVIEW_REQUIRED,KEEP_THIRD_PARTY,third-party notice detected; verify upstream license,
modules/microproject_ui/src/main/resources/com/microproject/pm/graphic/images/ribbon/edit-paste-6.svg,microproject_ui,resource,HEAD,57d90d00cf5daed09159c9c39d5767736af589193a0a6654b5c4b11473986964,d2fa3c20a,,,0530be227f4a10c5545cce8d3db20ac5a4d76a66,REVIEW_REQUIRED,Unknown,false,REVIEW_REQUIRED,REVIEW_REQUIRED,REVIEW,no path match in OpenProj baseline; classify origin manually,
modules/microproject_ui/src/main/resources/com/microproject/pm/graphic/images/ribbon/edit-redo-ribbon-16.svg,microproject_ui,resource,HEAD,f1a765150882a048fa4842547b17d8826d887983097000f5fd7fffd97e914bbc,d2fa3c20a,,,0530be227f4a10c5545cce8d3db20ac5a4d76a66,REVIEW_REQUIRED,Unknown,false,REVIEW_REQUIRED,REVIEW_REQUIRED,REVIEW,no path match in OpenProj baseline; classify origin manually,
modules/microproject_ui/src/main/resources/com/microproject/pm/graphic/images/ribbon/edit-redo-ribbon-20.svg,microproject_ui,resource,HEAD,6f0fede9d42ede39c342fc6886b0b896fc8c128987f9310ca34f18b473ec6dd3,d2fa3c20a,,,0530be227f4a10c5545cce8d3db20ac5a4d76a66,REVIEW_REQUIRED,Unknown,false,REVIEW_REQUIRED,REVIEW_REQUIRED,REVIEW,no path match in OpenProj baseline; classify origin manually,
modules/microproject_ui/src/main/resources/com/microproject/pm/graphic/images/ribbon/edit-redo-ribbon-32.svg,microproject_ui,resource,HEAD,0ca2c3923af86fb192b4587e8b8c79bcb9150162b8f116cd38ac76da1178e186,d2fa3c20a,,,0530be227f4a10c5545cce8d3db20ac5a4d76a66,REVIEW_REQUIRED,Unknown,false,REVIEW_REQUIRED,REVIEW_REQUIRED,REVIEW,no path match in OpenProj baseline; classify origin manually,
modules/microproject_ui/src/main/resources/com/microproject/pm/graphic/images/ribbon/edit-redo-ribbon.svg,microproject_ui,resource,HEAD,0acf94a9f6a48698111fee5920c003f22b9a4fd05b3c1c7fe3a6e79f71a99319,d2fa3c20a,,,0530be227f4a10c5545cce8d3db20ac5a4d76a66,REVIEW_REQUIRED,Unknown,false,REVIEW_REQUIRED,REVIEW_REQUIRED,REVIEW,no path match in OpenProj baseline; classify origin manually,
modules/microproject_ui/src/main/resources/com/microproject/pm/graphic/images/ribbon/edit-undo-ribbon-16.svg,microproject_ui,resource,HEAD,aeac6d6bb0ccb3a6234b9442edad2f00285ce2ceee26ff22390404e919c69f62,d2fa3c20a,,,0530be227f4a10c5545cce8d3db20ac5a4d76a66,REVIEW_REQUIRED,Unknown,false,REVIEW_REQUIRED,REVIEW_REQUIRED,REVIEW,no path match in OpenProj baseline; classify origin manually,
modules/microproject_ui/src/main/resources/com/microproject/pm/graphic/images/ribbon/edit-undo-ribbon-20.svg,microproject_ui,resource,HEAD,db016f95cc774a6d01358decf03baa609a9e410db2f6cea15b29f1b698caf912,d2fa3c20a,,,0530be227f4a10c5545cce8d3db20ac5a4d76a66,REVIEW_REQUIRED,Unknown,false,REVIEW_REQUIRED,REVIEW_REQUIRED,REVIEW,no path match in OpenProj baseline; classify origin manually,
modules/microproject_ui/src/main/resources/com/microproject/pm/graphic/images/ribbon/edit-undo-ribbon-32.svg,microproject_ui,resource,HEAD,47ec673bfae0a0ee6eb4e4caff0fc0639778bd60b3136e4b99dc50c0f8b0598e,d2fa3c20a,,,0530be227f4a10c5545cce8d3db20ac5a4d76a66,REVIEW_REQUIRED,Unknown,false,REVIEW_REQUIRED,REVIEW_REQUIRED,REVIEW,no path match in OpenProj baseline; classify origin manually,
modules/microproject_ui/src/main/resources/com/microproject/pm/graphic/images/ribbon/edit-undo-ribbon.svg,microproject_ui,resource,HEAD,1def1baab3a6423e60e6896bad41e73db8cf5696d8e2c37e076483e4aec3c0e8,d2fa3c20a,,,0530be227f4a10c5545cce8d3db20ac5a4d76a66,REVIEW_REQUIRED,Unknown,false,REVIEW_REQUIRED,REVIEW_REQUIRED,REVIEW,no path match in OpenProj baseline; classify origin manually,
modules/microproject_ui/src/main/resources/com/microproject/pm/graphic/images/ribbon/expand-tasks-ribbon-16.svg,microproject_ui,resource,HEAD,a3e9b92477507648ce825c71fa65720ea35b27a8ac5c73bdebbff8c53302ca74,d2fa3c20a,,,0530be227f4a10c5545cce8d3db20ac5a4d76a66,REVIEW_REQUIRED,Unknown,false,REVIEW_REQUIRED,REVIEW_REQUIRED,REVIEW,no path match in OpenProj baseline; classify origin manually,
modules/microproject_ui/src/main/resources/com/microproject/pm/graphic/images/ribbon/expand-tasks-ribbon-20.svg,microproject_ui,resource,HEAD,beab799a22016a71f503c5046f5af306f10b4b4fb576eef4d31748f6139d6e4e,d2fa3c20a,,,0530be227f4a10c5545cce8d3db20ac5a4d76a66,REVIEW_REQUIRED,Unknown,false,REVIEW_REQUIRED,REVIEW_REQUIRED,REVIEW,no path match in OpenProj baseline; classify origin manually,
modules/microproject_ui/src/main/resources/com/microproject/pm/graphic/images/ribbon/expand-tasks-ribbon-32.svg,microproject_ui,resource,HEAD,4088d65e6543d93d3198aff7e5012d891d8c4c4f13646bab67ef54618383c5dd,d2fa3c20a,,,0530be227f4a10c5545cce8d3db20ac5a4d76a66,REVIEW_REQUIRED,Unknown,false,REVIEW_REQUIRED,REVIEW_REQUIRED,REVIEW,no path match in OpenProj baseline; classify origin manually,
modules/microproject_ui/src/main/resources/com/microproject/pm/graphic/images/ribbon/expand-tasks-ribbon.svg,microproject_ui,resource,HEAD,8b50a3e52a1ec4ea00504a5d3dac2363c83dbc16f18e5a4573ff4c1d51c6c493,d2fa3c20a,,,0530be227f4a10c5545cce8d3db20ac5a4d76a66,REVIEW_REQUIRED,Unknown,false,REVIEW_REQUIRED,REVIEW_REQUIRED,REVIEW,no path match in OpenProj baseline; classify origin manually,
modules/microproject_ui/src/main/resources/com/microproject/pm/graphic/images/ribbon/filter-funnel-16.svg,microproject_ui,resource,HEAD,d36b7b6f523246c596bad68b3858f8ee333c716b805c4d77e9ade64cb46a7ba3,d2fa3c20a,,,0530be227f4a10c5545cce8d3db20ac5a4d76a66,REVIEW_REQUIRED,Unknown,false,REVIEW_REQUIRED,REVIEW_REQUIRED,REVIEW,no path match in OpenProj baseline; classify origin manually,
modules/microproject_ui/src/main/resources/com/microproject/pm/graphic/images/ribbon/filter-funnel-20.svg,microproject_ui,resource,HEAD,b6e9364c7790e67038cc9d1da028fe649446836981320ac23b7df0b39027986b,d2fa3c20a,,,0530be227f4a10c5545cce8d3db20ac5a4d76a66,REVIEW_REQUIRED,Unknown,false,REVIEW_REQUIRED,REVIEW_REQUIRED,REVIEW,no path match in OpenProj baseline; classify origin manually,
modules/microproject_ui/src/main/resources/com/microproject/pm/graphic/images/ribbon/filter-funnel-32.svg,microproject_ui,resource,HEAD,232313ca4b2953665f70fa47052081d2e55f0d6909f8c767155d1655e80f546d,d2fa3c20a,,,0530be227f4a10c5545cce8d3db20ac5a4d76a66,REVIEW_REQUIRED,Unknown,false,REVIEW_REQUIRED,REVIEW_REQUIRED,REVIEW,no path match in OpenProj baseline; classify origin manually,
modules/microproject_ui/src/main/resources/com/microproject/pm/graphic/images/ribbon/filter-funnel.svg,microproject_ui,resource,HEAD,7fe472db1ecbafa8e11fe305f65772c51f9e0273c7ef5da9a7184b4a25f3f256,d2fa3c20a,,,0530be227f4a10c5545cce8d3db20ac5a4d76a66,REVIEW_REQUIRED,Unknown,false,REVIEW_REQUIRED,REVIEW_REQUIRED,REVIEW,no path match in OpenProj baseline; classify origin manually,
modules/microproject_ui/src/main/resources/com/microproject/pm/graphic/images/ribbon/format-indent-less-5-16.svg,microproject_ui,resource,HEAD,43755f3f9e85f0c68c4f1f257051977cd2f91b8758f0811ef6c4d592fdbfde8b,d2fa3c20a,,,0530be227f4a10c5545cce8d3db20ac5a4d76a66,REVIEW_REQUIRED,Unknown,false,REVIEW_REQUIRED,REVIEW_REQUIRED,REVIEW,no path match in OpenProj baseline; classify origin manually,
modules/microproject_ui/src/main/resources/com/microproject/pm/graphic/images/ribbon/format-indent-less-5-20.svg,microproject_ui,resource,HEAD,733fe9cde920cb6cd589f0c829becde80aeca0143103aad7c9a252203a8b54e9,d2fa3c20a,,,0530be227f4a10c5545cce8d3db20ac5a4d76a66,REVIEW_REQUIRED,Unknown,false,REVIEW_REQUIRED,REVIEW_REQUIRED,REVIEW,no path match in OpenProj baseline; classify origin manually,
modules/microproject_ui/src/main/resources/com/microproject/pm/graphic/images/ribbon/format-indent-less-5-32.svg,microproject_ui,resource,HEAD,b2cf4dfcacb1523f2b99772b03784e2e7bbb902b3ac85a21dcf3e3f5b6ea70a1,d2fa3c20a,,,0530be227f4a10c5545cce8d3db20ac5a4d76a66,REVIEW_REQUIRED,Unknown,false,REVIEW_REQUIRED,REVIEW_REQUIRED,REVIEW,no path match in OpenProj baseline; classify origin manually,
modules/microproject_ui/src/main/resources/com/microproject/pm/graphic/images/ribbon/format-indent-less-5.png,microproject_ui,resource,HEAD,c5fd89f7f4a5284d6a55118ac9135b39fe44bf194f5e176d0e7a016d7b2b30d1,d2fa3c20a,,,0530be227f4a10c5545cce8d3db20ac5a4d76a66,REVIEW_REQUIRED,ThirdParty:JasperReports,false,REVIEW_REQUIRED,REVIEW_REQUIRED,KEEP_THIRD_PARTY,third-party notice detected; verify upstream license,
modules/microproject_ui/src/main/resources/com/microproject/pm/graphic/images/ribbon/format-indent-less-5.svg,microproject_ui,resource,HEAD,fa8cfe99b932f3144aac28f5e0b1e954ffe2f88b5fa72e5eac66ba24b076e334,d2fa3c20a,,,0530be227f4a10c5545cce8d3db20ac5a4d76a66,REVIEW_REQUIRED,Unknown,false,REVIEW_REQUIRED,REVIEW_REQUIRED,REVIEW,no path match in OpenProj baseline; classify origin manually,
modules/microproject_ui/src/main/resources/com/microproject/pm/graphic/images/ribbon/format-indent-more-5-16.svg,microproject_ui,resource,HEAD,58accdaa59faed112d19bb59c0c7e2dc03b94c948f913ab164fc8bf78700e2b2,d2fa3c20a,,,0530be227f4a10c5545cce8d3db20ac5a4d76a66,REVIEW_REQUIRED,Unknown,false,REVIEW_REQUIRED,REVIEW_REQUIRED,REVIEW,no path match in OpenProj baseline; classify origin manually,
modules/microproject_ui/src/main/resources/com/microproject/pm/graphic/images/ribbon/format-indent-more-5-20.svg,microproject_ui,resource,HEAD,deb1ce8cae8a2e627b85527757ea7378872f3ab88c4a68d1a65306f91cfda6ba,d2fa3c20a,,,0530be227f4a10c5545cce8d3db20ac5a4d76a66,REVIEW_REQUIRED,Unknown,false,REVIEW_REQUIRED,REVIEW_REQUIRED,REVIEW,no path match in OpenProj baseline; classify origin manually,
modules/microproject_ui/src/main/resources/com/microproject/pm/graphic/images/ribbon/format-indent-more-5-32.svg,microproject_ui,resource,HEAD,f2509459430da21d304c35e7f79c63727ae5eeafb7d5966a95393586d2a32046,d2fa3c20a,,,0530be227f4a10c5545cce8d3db20ac5a4d76a66,REVIEW_REQUIRED,Unknown,false,REVIEW_REQUIRED,REVIEW_REQUIRED,REVIEW,no path match in OpenProj baseline; classify origin manually,
modules/microproject_ui/src/main/resources/com/microproject/pm/graphic/images/ribbon/format-indent-more-5.png,microproject_ui,resource,HEAD,eb0608dc581175abfcdd5ed77f37113708f79cf4f9196a3cdd599bc3ab181d72,d2fa3c20a,,,0530be227f4a10c5545cce8d3db20ac5a4d76a66,REVIEW_REQUIRED,ThirdParty:JasperReports,false,REVIEW_REQUIRED,REVIEW_REQUIRED,KEEP_THIRD_PARTY,third-party notice detected; verify upstream license,
modules/microproject_ui/src/main/resources/com/microproject/pm/graphic/images/ribbon/format-indent-more-5.svg,microproject_ui,resource,HEAD,7989a39b8066a3786c16a06ceb64119823af210ee6f99a85aafea0b6d74d00e8,d2fa3c20a,,,0530be227f4a10c5545cce8d3db20ac5a4d76a66,REVIEW_REQUIRED,Unknown,false,REVIEW_REQUIRED,REVIEW_REQUIRED,REVIEW,no path match in OpenProj baseline; classify origin manually,
modules/microproject_ui/src/main/resources/com/microproject/pm/graphic/images/ribbon/gantt-bars-16.svg,microproject_ui,resource,HEAD,394ca6c8c5e1db744a469ce7b584f3ce80724433ab155d88a5aebb7e356b7552,d2fa3c20a,,,0530be227f4a10c5545cce8d3db20ac5a4d76a66,REVIEW_REQUIRED,Unknown,false,REVIEW_REQUIRED,REVIEW_REQUIRED,REVIEW,no path match in OpenProj baseline; classify origin manually,
modules/microproject_ui/src/main/resources/com/microproject/pm/graphic/images/ribbon/gantt-bars-20.svg,microproject_ui,resource,HEAD,8869bc92c8a95dade2c08123305c7e358c523db9e840eb2960e6b240ec2ce798,d2fa3c20a,,,0530be227f4a10c5545cce8d3db20ac5a4d76a66,REVIEW_REQUIRED,Unknown,false,REVIEW_REQUIRED,REVIEW_REQUIRED,REVIEW,no path match in OpenProj baseline; classify origin manually,
modules/microproject_ui/src/main/resources/com/microproject/pm/graphic/images/ribbon/gantt-bars-32.svg,microproject_ui,resource,HEAD,a5565e3cc5dda8d8e470546e49bbc1228f8de9bb4fcf0be52fed9b6d969b5e5d,d2fa3c20a,,,0530be227f4a10c5545cce8d3db20ac5a4d76a66,REVIEW_REQUIRED,Unknown,false,REVIEW_REQUIRED,REVIEW_REQUIRED,REVIEW,no path match in OpenProj baseline; classify origin manually,
modules/microproject_ui/src/main/resources/com/microproject/pm/graphic/images/ribbon/gantt-bars.svg,microproject_ui,resource,HEAD,5e1d11f60759ca53188f7a43005aae2ae6e2e0cf01627d8cdd0c655ffdbce172,d2fa3c20a,,,0530be227f4a10c5545cce8d3db20ac5a4d76a66,REVIEW_REQUIRED,Unknown,false,REVIEW_REQUIRED,REVIEW_REQUIRED,REVIEW,no path match in OpenProj baseline; classify origin manually,
modules/microproject_ui/src/main/resources/com/microproject/pm/graphic/images/ribbon/gridlines-16.svg,microproject_ui,resource,HEAD,20fbe43caa8307b3e1248325a11277eb3e97f2f53f6bdc57c0b168a55ac093e4,d2fa3c20a,,,0530be227f4a10c5545cce8d3db20ac5a4d76a66,REVIEW_REQUIRED,Unknown,false,REVIEW_REQUIRED,REVIEW_REQUIRED,REVIEW,no path match in OpenProj baseline; classify origin manually,
modules/microproject_ui/src/main/resources/com/microproject/pm/graphic/images/ribbon/gridlines-20.svg,microproject_ui,resource,HEAD,0ffd8c1c980a254a63f62d333fb8330e77b28496d9258f9b6f4b5d34727bd9e5,d2fa3c20a,,,0530be227f4a10c5545cce8d3db20ac5a4d76a66,REVIEW_REQUIRED,Unknown,false,REVIEW_REQUIRED,REVIEW_REQUIRED,REVIEW,no path match in OpenProj baseline; classify origin manually,
modules/microproject_ui/src/main/resources/com/microproject/pm/graphic/images/ribbon/gridlines-32.svg,microproject_ui,resource,HEAD,1edbc1101b3284c13d1e04943bd2b2f84e7a5f2bf25480cc993e45e299f11565,d2fa3c20a,,,0530be227f4a10c5545cce8d3db20ac5a4d76a66,REVIEW_REQUIRED,Unknown,false,REVIEW_REQUIRED,REVIEW_REQUIRED,REVIEW,no path match in OpenProj baseline; classify origin manually,
modules/microproject_ui/src/main/resources/com/microproject/pm/graphic/images/ribbon/gridlines.svg,microproject_ui,resource,HEAD,26db93525402480eb080e30811074e1fd13d137bff6a5c9e3f6eb4babbdf0a2f,d2fa3c20a,,,0530be227f4a10c5545cce8d3db20ac5a4d76a66,REVIEW_REQUIRED,Unknown,false,REVIEW_REQUIRED,REVIEW_REQUIRED,REVIEW,no path match in OpenProj baseline; classify origin manually,
modules/microproject_ui/src/main/resources/com/microproject/pm/graphic/images/ribbon/group-stack-16.svg,microproject_ui,resource,HEAD,f00413862191ede92d7e52282b18abf4afe7bd4cd1a2a0d2e70a862a4c890210,d2fa3c20a,,,0530be227f4a10c5545cce8d3db20ac5a4d76a66,REVIEW_REQUIRED,Unknown,false,REVIEW_REQUIRED,REVIEW_REQUIRED,REVIEW,no path match in OpenProj baseline; classify origin manually,
modules/microproject_ui/src/main/resources/com/microproject/pm/graphic/images/ribbon/group-stack-20.svg,microproject_ui,resource,HEAD,0cc3937eac57b70582677d174143e8d60ed3da204f40f73e40b513f6c9235cae,d2fa3c20a,,,0530be227f4a10c5545cce8d3db20ac5a4d76a66,REVIEW_REQUIRED,Unknown,false,REVIEW_REQUIRED,REVIEW_REQUIRED,REVIEW,no path match in OpenProj baseline; classify origin manually,
modules/microproject_ui/src/main/resources/com/microproject/pm/graphic/images/ribbon/group-stack-32.svg,microproject_ui,resource,HEAD,8c9d827d04cabc2b811a99e6dfa8427dc7b112fe0eaab5d3523214f0af541f74,d2fa3c20a,,,0530be227f4a10c5545cce8d3db20ac5a4d76a66,REVIEW_REQUIRED,Unknown,false,REVIEW_REQUIRED,REVIEW_REQUIRED,REVIEW,no path match in OpenProj baseline; classify origin manually,
modules/microproject_ui/src/main/resources/com/microproject/pm/graphic/images/ribbon/group-stack.svg,microproject_ui,resource,HEAD,672eb47f936d009ebcbeaf71d0ff588e38f5f27a99c6a34cfccd00b9883a83cc,d2fa3c20a,,,0530be227f4a10c5545cce8d3db20ac5a4d76a66,REVIEW_REQUIRED,Unknown,false,REVIEW_REQUIRED,REVIEW_REQUIRED,REVIEW,no path match in OpenProj baseline; classify origin manually,
modules/microproject_ui/src/main/resources/com/microproject/pm/graphic/images/ribbon/help-hint-16.svg,microproject_ui,resource,HEAD,124a9c5bb1d3581eddc6a5e22b96709f9f693427e2b60d4d38f0c8abbf1562cb,d2fa3c20a,,,0530be227f4a10c5545cce8d3db20ac5a4d76a66,REVIEW_REQUIRED,Unknown,false,REVIEW_REQUIRED,REVIEW_REQUIRED,REVIEW,no path match in OpenProj baseline; classify origin manually,
modules/microproject_ui/src/main/resources/com/microproject/pm/graphic/images/ribbon/help-hint-20.svg,microproject_ui,resource,HEAD,ac39f8d9b441877481fcfdefa78642d6e355b544bed55eeaf2585a4ba6e86ad4,d2fa3c20a,,,0530be227f4a10c5545cce8d3db20ac5a4d76a66,REVIEW_REQUIRED,Unknown,false,REVIEW_REQUIRED,REVIEW_REQUIRED,REVIEW,no path match in OpenProj baseline; classify origin manually,
modules/microproject_ui/src/main/resources/com/microproject/pm/graphic/images/ribbon/help-hint-32.svg,microproject_ui,resource,HEAD,bbc912b5ffa7cade95757ce146c6afd52ce6d86b5d9220724186eaf7521bbce2,d2fa3c20a,,,0530be227f4a10c5545cce8d3db20ac5a4d76a66,REVIEW_REQUIRED,Unknown,false,REVIEW_REQUIRED,REVIEW_REQUIRED,REVIEW,no path match in OpenProj baseline; classify origin manually,
modules/microproject_ui/src/main/resources/com/microproject/pm/graphic/images/ribbon/help-hint.png,microproject_ui,resource,HEAD,0df13202726941dfd62dddbeef3a8fc9c658378c5f354415ff638cdf23e70263,d2fa3c20a,,,0530be227f4a10c5545cce8d3db20ac5a4d76a66,REVIEW_REQUIRED,ThirdParty:JasperReports,false,REVIEW_REQUIRED,REVIEW_REQUIRED,KEEP_THIRD_PARTY,third-party notice detected; verify upstream license,
modules/microproject_ui/src/main/resources/com/microproject/pm/graphic/images/ribbon/help-hint.svg,microproject_ui,resource,HEAD,30132e726e3939b0405b695fcd355b041f279628be623635d6ed991cf61e0333,d2fa3c20a,,,0530be227f4a10c5545cce8d3db20ac5a4d76a66,REVIEW_REQUIRED,Unknown,false,REVIEW_REQUIRED,REVIEW_REQUIRED,REVIEW,no path match in OpenProj baseline; classify origin manually,
modules/microproject_ui/src/main/resources/com/microproject/pm/graphic/images/ribbon/insert-link-2-16.svg,microproject_ui,resource,HEAD,ac2458ec48751d44005aebb30ec83e548b4cc091bf3e90324a650cb59d529850,d2fa3c20a,,,0530be227f4a10c5545cce8d3db20ac5a4d76a66,REVIEW_REQUIRED,Unknown,false,REVIEW_REQUIRED,REVIEW_REQUIRED,REVIEW,no path match in OpenProj baseline; classify origin manually,
modules/microproject_ui/src/main/resources/com/microproject/pm/graphic/images/ribbon/insert-link-2-20.svg,microproject_ui,resource,HEAD,7e9d8aa17f39ebbba92213f8403f0995de7877b87a6551f13fafafc80bc1b8a9,d2fa3c20a,,,0530be227f4a10c5545cce8d3db20ac5a4d76a66,REVIEW_REQUIRED,Unknown,false,REVIEW_REQUIRED,REVIEW_REQUIRED,REVIEW,no path match in OpenProj baseline; classify origin manually,
modules/microproject_ui/src/main/resources/com/microproject/pm/graphic/images/ribbon/insert-link-2-32.svg,microproject_ui,resource,HEAD,00d90e1f26cce47fa2f093758c298909019b84fc09f1a1152c593f6df3feef2a,d2fa3c20a,,,0530be227f4a10c5545cce8d3db20ac5a4d76a66,REVIEW_REQUIRED,Unknown,false,REVIEW_REQUIRED,REVIEW_REQUIRED,REVIEW,no path match in OpenProj baseline; classify origin manually,
modules/microproject_ui/src/main/resources/com/microproject/pm/graphic/images/ribbon/insert-link-2.png,microproject_ui,resource,HEAD,30461e1a232ff1a113a77de1c38f262acc53953411c9caffcbf3c0a985c9c6bb,d2fa3c20a,,,0530be227f4a10c5545cce8d3db20ac5a4d76a66,REVIEW_REQUIRED,ThirdParty:JasperReports,false,REVIEW_REQUIRED,REVIEW_REQUIRED,KEEP_THIRD_PARTY,third-party notice detected; verify upstream license,
modules/microproject_ui/src/main/resources/com/microproject/pm/graphic/images/ribbon/insert-link-2.svg,microproject_ui,resource,HEAD,618be4182d698ea428436d99c86def8785b9a224ccba12563ac155c4647c5a5b,d2fa3c20a,,,0530be227f4a10c5545cce8d3db20ac5a4d76a66,REVIEW_REQUIRED,Unknown,false,REVIEW_REQUIRED,REVIEW_REQUIRED,REVIEW,no path match in OpenProj baseline; classify origin manually,
modules/microproject_ui/src/main/resources/com/microproject/pm/graphic/images/ribbon/layout-ribbon-16.svg,microproject_ui,resource,HEAD,0d05393c6e67c442f46fc111478fbea27abb345d52418c0bab17fcc87f88f54d,d2fa3c20a,,,0530be227f4a10c5545cce8d3db20ac5a4d76a66,REVIEW_REQUIRED,Unknown,false,REVIEW_REQUIRED,REVIEW_REQUIRED,REVIEW,no path match in OpenProj baseline; classify origin manually,
modules/microproject_ui/src/main/resources/com/microproject/pm/graphic/images/ribbon/layout-ribbon-20.svg,microproject_ui,resource,HEAD,37d72df89ed5dac647ae55e4cb8913c8eba57daf9354de6561eb7195243150d1,d2fa3c20a,,,0530be227f4a10c5545cce8d3db20ac5a4d76a66,REVIEW_REQUIRED,Unknown,false,REVIEW_REQUIRED,REVIEW_REQUIRED,REVIEW,no path match in OpenProj baseline; classify origin manually,
modules/microproject_ui/src/main/resources/com/microproject/pm/graphic/images/ribbon/layout-ribbon-32.svg,microproject_ui,resource,HEAD,4c02591094b438c16d79134dec1b6630ef3ddd81945100239b637c2597ce9b52,d2fa3c20a,,,0530be227f4a10c5545cce8d3db20ac5a4d76a66,REVIEW_REQUIRED,Unknown,false,REVIEW_REQUIRED,REVIEW_REQUIRED,REVIEW,no path match in OpenProj baseline; classify origin manually,
modules/microproject_ui/src/main/resources/com/microproject/pm/graphic/images/ribbon/layout-ribbon.svg,microproject_ui,resource,HEAD,f937a6a51f6c8a9392f28a2b854025daafd182b9562f4c97acb1fb5297663b8c,d2fa3c20a,,,0530be227f4a10c5545cce8d3db20ac5a4d76a66,REVIEW_REQUIRED,Unknown,false,REVIEW_REQUIRED,REVIEW_REQUIRED,REVIEW,no path match in OpenProj baseline; classify origin manually,
modules/microproject_ui/src/main/resources/com/microproject/pm/graphic/images/ribbon/list-add-5-16.svg,microproject_ui,resource,HEAD,2ef31afce46593c88a34462d99bdbda2c7c60da18874e59a6114b3eb72792c7d,d2fa3c20a,,,0530be227f4a10c5545cce8d3db20ac5a4d76a66,REVIEW_REQUIRED,Unknown,false,REVIEW_REQUIRED,REVIEW_REQUIRED,REVIEW,no path match in OpenProj baseline; classify origin manually,
modules/microproject_ui/src/main/resources/com/microproject/pm/graphic/images/ribbon/list-add-5-20.svg,microproject_ui,resource,HEAD,6c1e5b4f8cbeefd832d8291c9d10912d13a9b3c227a6b6f26e03962fb331c282,d2fa3c20a,,,0530be227f4a10c5545cce8d3db20ac5a4d76a66,REVIEW_REQUIRED,Unknown,false,REVIEW_REQUIRED,REVIEW_REQUIRED,REVIEW,no path match in OpenProj baseline; classify origin manually,
modules/microproject_ui/src/main/resources/com/microproject/pm/graphic/images/ribbon/list-add-5-32.svg,microproject_ui,resource,HEAD,5b3372d4fbcaf8bc41007ff02546503ca2a855ce4c9d029d4d7eb2ecad3085ba,d2fa3c20a,,,0530be227f4a10c5545cce8d3db20ac5a4d76a66,REVIEW_REQUIRED,Unknown,false,REVIEW_REQUIRED,REVIEW_REQUIRED,REVIEW,no path match in OpenProj baseline; classify origin manually,
modules/microproject_ui/src/main/resources/com/microproject/pm/graphic/images/ribbon/list-add-5.png,microproject_ui,resource,HEAD,e970964540078fa50b0d143ea1c6c20a5985f0eb57c00ab2bc082628404b3180,d2fa3c20a,,,0530be227f4a10c5545cce8d3db20ac5a4d76a66,REVIEW_REQUIRED,ThirdParty:JasperReports,false,REVIEW_REQUIRED,REVIEW_REQUIRED,KEEP_THIRD_PARTY,third-party notice detected; verify upstream license,
modules/microproject_ui/src/main/resources/com/microproject/pm/graphic/images/ribbon/list-add-5.svg,microproject_ui,resource,HEAD,db533cac6fd6641ad26a0b47d7c9d6d5f6505ca12f87f6fddbd71dd5adf3165f,d2fa3c20a,,,0530be227f4a10c5545cce8d3db20ac5a4d76a66,REVIEW_REQUIRED,Unknown,false,REVIEW_REQUIRED,REVIEW_REQUIRED,REVIEW,no path match in OpenProj baseline; classify origin manually,
modules/microproject_ui/src/main/resources/com/microproject/pm/graphic/images/ribbon/list-remove-5-16.svg,microproject_ui,resource,HEAD,dffeb79277b0a8d63e552ba260d5e6317d377389259610277fd5dbec3fb6e7a0,d2fa3c20a,,,0530be227f4a10c5545cce8d3db20ac5a4d76a66,REVIEW_REQUIRED,Unknown,false,REVIEW_REQUIRED,REVIEW_REQUIRED,REVIEW,no path match in OpenProj baseline; classify origin manually,
modules/microproject_ui/src/main/resources/com/microproject/pm/graphic/images/ribbon/list-remove-5-20.svg,microproject_ui,resource,HEAD,4ef544a95cd59cca878b72cdc922a5b9e084ca2f133a51ef223efe613c5410b5,d2fa3c20a,,,0530be227f4a10c5545cce8d3db20ac5a4d76a66,REVIEW_REQUIRED,Unknown,false,REVIEW_REQUIRED,REVIEW_REQUIRED,REVIEW,no path match in OpenProj baseline; classify origin manually,
modules/microproject_ui/src/main/resources/com/microproject/pm/graphic/images/ribbon/list-remove-5-32.svg,microproject_ui,resource,HEAD,6894d07b9244203e58dd33a06a270c9707abb6f0f9f1bf89c19fdf56a9590abb,d2fa3c20a,,,0530be227f4a10c5545cce8d3db20ac5a4d76a66,REVIEW_REQUIRED,Unknown,false,REVIEW_REQUIRED,REVIEW_REQUIRED,REVIEW,no path match in OpenProj baseline; classify origin manually,
modules/microproject_ui/src/main/resources/com/microproject/pm/graphic/images/ribbon/list-remove-5.png,microproject_ui,resource,HEAD,82da560070b1d9457db87f562ce8fb855b8c4cd4c0a796a1b33276707bc52913,d2fa3c20a,,,0530be227f4a10c5545cce8d3db20ac5a4d76a66,REVIEW_REQUIRED,ThirdParty:JasperReports,false,REVIEW_REQUIRED,REVIEW_REQUIRED,KEEP_THIRD_PARTY,third-party notice detected; verify upstream license,
modules/microproject_ui/src/main/resources/com/microproject/pm/graphic/images/ribbon/list-remove-5.svg,microproject_ui,resource,HEAD,296cb9d7cd68bb1acad0861ad3eeebdb8557c5c924e1958a700aea84e935c5c3,d2fa3c20a,,,0530be227f4a10c5545cce8d3db20ac5a4d76a66,REVIEW_REQUIRED,Unknown,false,REVIEW_REQUIRED,REVIEW_REQUIRED,REVIEW,no path match in OpenProj baseline; classify origin manually,
modules/microproject_ui/src/main/resources/com/microproject/pm/graphic/images/ribbon/locale-globe-ribbon-16.svg,microproject_ui,resource,HEAD,ecbaab978e9c81e95971b8b467e5b3b768ba383c4b81036957891706aa812577,d2fa3c20a,,,0530be227f4a10c5545cce8d3db20ac5a4d76a66,REVIEW_REQUIRED,Unknown,false,REVIEW_REQUIRED,REVIEW_REQUIRED,REVIEW,no path match in OpenProj baseline; classify origin manually,
modules/microproject_ui/src/main/resources/com/microproject/pm/graphic/images/ribbon/locale-globe-ribbon-20.svg,microproject_ui,resource,HEAD,4a75def9f075e5a8035fd076ed27db19e2b0ae15c2e68f09cd9ebd491f85a8a0,d2fa3c20a,,,0530be227f4a10c5545cce8d3db20ac5a4d76a66,REVIEW_REQUIRED,Unknown,false,REVIEW_REQUIRED,REVIEW_REQUIRED,REVIEW,no path match in OpenProj baseline; classify origin manually,
modules/microproject_ui/src/main/resources/com/microproject/pm/graphic/images/ribbon/locale-globe-ribbon-32.svg,microproject_ui,resource,HEAD,7603dbbfa84773955544409bcaf40376549e8981b77fe5427a892f60cf519c92,d2fa3c20a,,,0530be227f4a10c5545cce8d3db20ac5a4d76a66,REVIEW_REQUIRED,Unknown,false,REVIEW_REQUIRED,REVIEW_REQUIRED,REVIEW,no path match in OpenProj baseline; classify origin manually,
modules/microproject_ui/src/main/resources/com/microproject/pm/graphic/images/ribbon/locale-globe-ribbon.svg,microproject_ui,resource,HEAD,86ba1ad386a2e5a8ebd60942b3e6edf304aa31a08c37185078c93b0a4549074a,d2fa3c20a,,,0530be227f4a10c5545cce8d3db20ac5a4d76a66,REVIEW_REQUIRED,Unknown,false,REVIEW_REQUIRED,REVIEW_REQUIRED,REVIEW,no path match in OpenProj baseline; classify origin manually,
modules/microproject_ui/src/main/resources/com/microproject/pm/graphic/images/ribbon/move-project-16.svg,microproject_ui,resource,HEAD,ef2c1d1be14a113fadedb6f28c2368367a23fddd1ea66c45b8f3f35671b41584,d2fa3c20a,,,0530be227f4a10c5545cce8d3db20ac5a4d76a66,REVIEW_REQUIRED,Unknown,false,REVIEW_REQUIRED,REVIEW_REQUIRED,REVIEW,no path match in OpenProj baseline; classify origin manually,
modules/microproject_ui/src/main/resources/com/microproject/pm/graphic/images/ribbon/move-project-20.svg,microproject_ui,resource,HEAD,ef2c1d1be14a113fadedb6f28c2368367a23fddd1ea66c45b8f3f35671b41584,d2fa3c20a,,,0530be227f4a10c5545cce8d3db20ac5a4d76a66,REVIEW_REQUIRED,Unknown,false,REVIEW_REQUIRED,REVIEW_REQUIRED,REVIEW,no path match in OpenProj baseline; classify origin manually,
modules/microproject_ui/src/main/resources/com/microproject/pm/graphic/images/ribbon/move-project-32.svg,microproject_ui,resource,HEAD,ef2c1d1be14a113fadedb6f28c2368367a23fddd1ea66c45b8f3f35671b41584,d2fa3c20a,,,0530be227f4a10c5545cce8d3db20ac5a4d76a66,REVIEW_REQUIRED,Unknown,false,REVIEW_REQUIRED,REVIEW_REQUIRED,REVIEW,no path match in OpenProj baseline; classify origin manually,
modules/microproject_ui/src/main/resources/com/microproject/pm/graphic/images/ribbon/move-project.svg,microproject_ui,resource,HEAD,da1ac19859709d56c1039317720a1a12af2f249530c1ca5e96a8606d1b3d5014,d2fa3c20a,,,0530be227f4a10c5545cce8d3db20ac5a4d76a66,REVIEW_REQUIRED,Unknown,false,REVIEW_REQUIRED,REVIEW_REQUIRED,REVIEW,no path match in OpenProj baseline; classify origin manually,
modules/microproject_ui/src/main/resources/com/microproject/pm/graphic/images/ribbon/move-task-down-16.svg,microproject_ui,resource,HEAD,f2a02ce91adbaefc7910784403c945c3d0f9da583cec021cd998f9b5c6d86b55,d2fa3c20a,,,0530be227f4a10c5545cce8d3db20ac5a4d76a66,REVIEW_REQUIRED,Unknown,false,REVIEW_REQUIRED,REVIEW_REQUIRED,REVIEW,no path match in OpenProj baseline; classify origin manually,
modules/microproject_ui/src/main/resources/com/microproject/pm/graphic/images/ribbon/move-task-down-20.svg,microproject_ui,resource,HEAD,ead7c38b9bdf1a5e7c4cea6da67093c564d63e1c4230d92e24ca75b44dd29ca1,d2fa3c20a,,,0530be227f4a10c5545cce8d3db20ac5a4d76a66,REVIEW_REQUIRED,Unknown,false,REVIEW_REQUIRED,REVIEW_REQUIRED,REVIEW,no path match in OpenProj baseline; classify origin manually,
modules/microproject_ui/src/main/resources/com/microproject/pm/graphic/images/ribbon/move-task-down-32.svg,microproject_ui,resource,HEAD,c09a1833d68ac9cc9b350411333a3c9e71d51bb5fb518e7ed5c1e718e8cbf6d1,d2fa3c20a,,,0530be227f4a10c5545cce8d3db20ac5a4d76a66,REVIEW_REQUIRED,Unknown,false,REVIEW_REQUIRED,REVIEW_REQUIRED,REVIEW,no path match in OpenProj baseline; classify origin manually,
modules/microproject_ui/src/main/resources/com/microproject/pm/graphic/images/ribbon/move-task-down.svg,microproject_ui,resource,HEAD,c09a1833d68ac9cc9b350411333a3c9e71d51bb5fb518e7ed5c1e718e8cbf6d1,d2fa3c20a,,,0530be227f4a10c5545cce8d3db20ac5a4d76a66,REVIEW_REQUIRED,Unknown,false,REVIEW_REQUIRED,REVIEW_REQUIRED,REVIEW,no path match in OpenProj baseline; classify origin manually,
modules/microproject_ui/src/main/resources/com/microproject/pm/graphic/images/ribbon/move-task-up-16.svg,microproject_ui,resource,HEAD,3c1e550d2b49b474a4f659732786f7c8fa468b39a936e223cf8a1c8cc809ff30,d2fa3c20a,,,0530be227f4a10c5545cce8d3db20ac5a4d76a66,REVIEW_REQUIRED,Unknown,false,REVIEW_REQUIRED,REVIEW_REQUIRED,REVIEW,no path match in OpenProj baseline; classify origin manually,
modules/microproject_ui/src/main/resources/com/microproject/pm/graphic/images/ribbon/move-task-up-20.svg,microproject_ui,resource,HEAD,14068c58e11cdd7bc2bb75639dd7457bc2697cd4f2e087e406d5c9c383a8e04a,d2fa3c20a,,,0530be227f4a10c5545cce8d3db20ac5a4d76a66,REVIEW_REQUIRED,Unknown,false,REVIEW_REQUIRED,REVIEW_REQUIRED,REVIEW,no path match in OpenProj baseline; classify origin manually,
modules/microproject_ui/src/main/resources/com/microproject/pm/graphic/images/ribbon/move-task-up-32.svg,microproject_ui,resource,HEAD,f0dae15873ee50e98e40b0f7ec2080b5b9933a79071ca408b1c04791a0f2c379,d2fa3c20a,,,0530be227f4a10c5545cce8d3db20ac5a4d76a66,REVIEW_REQUIRED,Unknown,false,REVIEW_REQUIRED,REVIEW_REQUIRED,REVIEW,no path match in OpenProj baseline; classify origin manually,
modules/microproject_ui/src/main/resources/com/microproject/pm/graphic/images/ribbon/move-task-up.svg,microproject_ui,resource,HEAD,f0dae15873ee50e98e40b0f7ec2080b5b9933a79071ca408b1c04791a0f2c379,d2fa3c20a,,,0530be227f4a10c5545cce8d3db20ac5a4d76a66,REVIEW_REQUIRED,Unknown,false,REVIEW_REQUIRED,REVIEW_REQUIRED,REVIEW,no path match in OpenProj baseline; classify origin manually,
modules/microproject_ui/src/main/resources/com/microproject/pm/graphic/images/ribbon/preferences-system-4-16.svg,microproject_ui,resource,HEAD,cc7d9010829d2d39feddc73c8b9e160a947ade12a0e81707e80dcaba201a13fd,d2fa3c20a,,,0530be227f4a10c5545cce8d3db20ac5a4d76a66,REVIEW_REQUIRED,Unknown,false,REVIEW_REQUIRED,REVIEW_REQUIRED,REVIEW,no path match in OpenProj baseline; classify origin manually,
modules/microproject_ui/src/main/resources/com/microproject/pm/graphic/images/ribbon/preferences-system-4-20.svg,microproject_ui,resource,HEAD,cc1d84bd2026cff9fffd9f163cf969932ad7a78c5d2d0d0aaabfdc966c214f8d,d2fa3c20a,,,0530be227f4a10c5545cce8d3db20ac5a4d76a66,REVIEW_REQUIRED,Unknown,false,REVIEW_REQUIRED,REVIEW_REQUIRED,REVIEW,no path match in OpenProj baseline; classify origin manually,
modules/microproject_ui/src/main/resources/com/microproject/pm/graphic/images/ribbon/preferences-system-4-32.svg,microproject_ui,resource,HEAD,3eff9ec1a9e977c6b85c5e70e22f06640b0d98900044f2902af05c9119735fcd,d2fa3c20a,,,0530be227f4a10c5545cce8d3db20ac5a4d76a66,REVIEW_REQUIRED,Unknown,false,REVIEW_REQUIRED,REVIEW_REQUIRED,REVIEW,no path match in OpenProj baseline; classify origin manually,
modules/microproject_ui/src/main/resources/com/microproject/pm/graphic/images/ribbon/preferences-system-4.png,microproject_ui,resource,HEAD,525b87c1d1d852fd53dc085c70c6784fc5a3830cc1424b901ae7366bc773ff47,d2fa3c20a,,,0530be227f4a10c5545cce8d3db20ac5a4d76a66,REVIEW_REQUIRED,ThirdParty:JasperReports,false,REVIEW_REQUIRED,REVIEW_REQUIRED,KEEP_THIRD_PARTY,third-party notice detected; verify upstream license,
modules/microproject_ui/src/main/resources/com/microproject/pm/graphic/images/ribbon/preferences-system-4.svg,microproject_ui,resource,HEAD,51c2906420959e4f87a57064b9d059ad5bfcd0d4ec43a1ac83f6ed9ed4b0da2f,d2fa3c20a,,,0530be227f4a10c5545cce8d3db20ac5a4d76a66,REVIEW_REQUIRED,Unknown,false,REVIEW_REQUIRED,REVIEW_REQUIRED,REVIEW,no path match in OpenProj baseline; classify origin manually,
modules/microproject_ui/src/main/resources/com/microproject/pm/graphic/images/ribbon/recalculate-16.svg,microproject_ui,resource,HEAD,7daa92a64a56e9c9223b573ea9b96b152154d3051572e4054433a93034ed9731,d2fa3c20a,,,0530be227f4a10c5545cce8d3db20ac5a4d76a66,REVIEW_REQUIRED,Unknown,false,REVIEW_REQUIRED,REVIEW_REQUIRED,REVIEW,no path match in OpenProj baseline; classify origin manually,
modules/microproject_ui/src/main/resources/com/microproject/pm/graphic/images/ribbon/recalculate-20.svg,microproject_ui,resource,HEAD,7daa92a64a56e9c9223b573ea9b96b152154d3051572e4054433a93034ed9731,d2fa3c20a,,,0530be227f4a10c5545cce8d3db20ac5a4d76a66,REVIEW_REQUIRED,Unknown,false,REVIEW_REQUIRED,REVIEW_REQUIRED,REVIEW,no path match in OpenProj baseline; classify origin manually,
modules/microproject_ui/src/main/resources/com/microproject/pm/graphic/images/ribbon/recalculate-32.svg,microproject_ui,resource,HEAD,7daa92a64a56e9c9223b573ea9b96b152154d3051572e4054433a93034ed9731,d2fa3c20a,,,0530be227f4a10c5545cce8d3db20ac5a4d76a66,REVIEW_REQUIRED,Unknown,false,REVIEW_REQUIRED,REVIEW_REQUIRED,REVIEW,no path match in OpenProj baseline; classify origin manually,
modules/microproject_ui/src/main/resources/com/microproject/pm/graphic/images/ribbon/recalculate.svg,microproject_ui,resource,HEAD,677b1893ea37f1eec774e79a8f77019e40c356257b112b8579b5b6d60b672eab,d2fa3c20a,,,0530be227f4a10c5545cce8d3db20ac5a4d76a66,REVIEW_REQUIRED,Unknown,false,REVIEW_REQUIRED,REVIEW_REQUIRED,REVIEW,no path match in OpenProj baseline; classify origin manually,
modules/microproject_ui/src/main/resources/com/microproject/pm/graphic/images/ribbon/resource-level-16.svg,microproject_ui,resource,HEAD,f023c113908afe31433bada3d9fe98a492d3d7d004a85708d83597d7783538b5,d2fa3c20a,,,0530be227f4a10c5545cce8d3db20ac5a4d76a66,REVIEW_REQUIRED,Unknown,false,REVIEW_REQUIRED,REVIEW_REQUIRED,REVIEW,no path match in OpenProj baseline; classify origin manually,
modules/microproject_ui/src/main/resources/com/microproject/pm/graphic/images/ribbon/resource-level-20.svg,microproject_ui,resource,HEAD,33d34deda03eec14d4cde251296695562cc6e94463fc0f510f71bb54977baeda,d2fa3c20a,,,0530be227f4a10c5545cce8d3db20ac5a4d76a66,REVIEW_REQUIRED,Unknown,false,REVIEW_REQUIRED,REVIEW_REQUIRED,REVIEW,no path match in OpenProj baseline; classify origin manually,
modules/microproject_ui/src/main/resources/com/microproject/pm/graphic/images/ribbon/resource-level-32.svg,microproject_ui,resource,HEAD,24f4b821fa3b6ea68f42fe5ed04beac87c87d82e90ae206bc75150d1ee4d98e7,d2fa3c20a,,,0530be227f4a10c5545cce8d3db20ac5a4d76a66,REVIEW_REQUIRED,Unknown,false,REVIEW_REQUIRED,REVIEW_REQUIRED,REVIEW,no path match in OpenProj baseline; classify origin manually,
modules/microproject_ui/src/main/resources/com/microproject/pm/graphic/images/ribbon/resource-level.svg,microproject_ui,resource,HEAD,bda9a364253b5f23c46bde0591beddb569746cd44db2f906044e3e9d64aa54d1,d2fa3c20a,,,0530be227f4a10c5545cce8d3db20ac5a4d76a66,REVIEW_REQUIRED,Unknown,false,REVIEW_REQUIRED,REVIEW_REQUIRED,REVIEW,no path match in OpenProj baseline; classify origin manually,
modules/microproject_ui/src/main/resources/com/microproject/pm/graphic/images/ribbon/scroll-to-task-ribbon-16.svg,microproject_ui,resource,HEAD,20ff1118b6957887f040221e487647612898dd85b1d1434651e95e7312f0bf5a,d2fa3c20a,,,0530be227f4a10c5545cce8d3db20ac5a4d76a66,REVIEW_REQUIRED,Unknown,false,REVIEW_REQUIRED,REVIEW_REQUIRED,REVIEW,no path match in OpenProj baseline; classify origin manually,
modules/microproject_ui/src/main/resources/com/microproject/pm/graphic/images/ribbon/scroll-to-task-ribbon-20.svg,microproject_ui,resource,HEAD,a812419588a8f900d745c08dae25a31f6ec1e68fcf5ad84c2a8c8ff286e2cd0e,d2fa3c20a,,,0530be227f4a10c5545cce8d3db20ac5a4d76a66,REVIEW_REQUIRED,Unknown,false,REVIEW_REQUIRED,REVIEW_REQUIRED,REVIEW,no path match in OpenProj baseline; classify origin manually,
modules/microproject_ui/src/main/resources/com/microproject/pm/graphic/images/ribbon/scroll-to-task-ribbon-32.svg,microproject_ui,resource,HEAD,38061833021d0d4371153c9e9c2336a84065f135f287d3debe2581246284db8e,d2fa3c20a,,,0530be227f4a10c5545cce8d3db20ac5a4d76a66,REVIEW_REQUIRED,Unknown,false,REVIEW_REQUIRED,REVIEW_REQUIRED,REVIEW,no path match in OpenProj baseline; classify origin manually,
modules/microproject_ui/src/main/resources/com/microproject/pm/graphic/images/ribbon/scroll-to-task-ribbon.svg,microproject_ui,resource,HEAD,6d7048b0502af328a81964e89d8c33b2541146fa8dc9066bb5d5ac956522fb3d,d2fa3c20a,,,0530be227f4a10c5545cce8d3db20ac5a4d76a66,REVIEW_REQUIRED,Unknown,false,REVIEW_REQUIRED,REVIEW_REQUIRED,REVIEW,no path match in OpenProj baseline; classify origin manually,
modules/microproject_ui/src/main/resources/com/microproject/pm/graphic/images/ribbon/sort-ascending-16.svg,microproject_ui,resource,HEAD,f4541ce411131cf47d09d5eec8e3db0ef6c2a4cba8fc1b19e53e30e63c3bac8f,d2fa3c20a,,,0530be227f4a10c5545cce8d3db20ac5a4d76a66,REVIEW_REQUIRED,Unknown,false,REVIEW_REQUIRED,REVIEW_REQUIRED,REVIEW,no path match in OpenProj baseline; classify origin manually,
modules/microproject_ui/src/main/resources/com/microproject/pm/graphic/images/ribbon/sort-ascending-20.svg,microproject_ui,resource,HEAD,ea4be90cc3c1929e6e46ce0497272e7355b09d9230c83e367e63ccb157584b69,d2fa3c20a,,,0530be227f4a10c5545cce8d3db20ac5a4d76a66,REVIEW_REQUIRED,Unknown,false,REVIEW_REQUIRED,REVIEW_REQUIRED,REVIEW,no path match in OpenProj baseline; classify origin manually,
modules/microproject_ui/src/main/resources/com/microproject/pm/graphic/images/ribbon/sort-ascending-32.svg,microproject_ui,resource,HEAD,5d0435e4562120b45f50f21ff147bf2f0df0f473aaeb981e5485718b4eb62667,d2fa3c20a,,,0530be227f4a10c5545cce8d3db20ac5a4d76a66,REVIEW_REQUIRED,Unknown,false,REVIEW_REQUIRED,REVIEW_REQUIRED,REVIEW,no path match in OpenProj baseline; classify origin manually,
modules/microproject_ui/src/main/resources/com/microproject/pm/graphic/images/ribbon/sort-ascending.svg,microproject_ui,resource,HEAD,f01ea535a5df63328b95d8acf118044eef3060ec6ae78becf521ed878e83e8f4,d2fa3c20a,,,0530be227f4a10c5545cce8d3db20ac5a4d76a66,REVIEW_REQUIRED,Unknown,false,REVIEW_REQUIRED,REVIEW_REQUIRED,REVIEW,no path match in OpenProj baseline; classify origin manually,
modules/microproject_ui/src/main/resources/com/microproject/pm/graphic/images/ribbon/system-help-3-16.svg,microproject_ui,resource,HEAD,65bb66f08b5929e0e7c85adbf0582222585cf34eaf6caf333f888a1388ccec49,d2fa3c20a,,,0530be227f4a10c5545cce8d3db20ac5a4d76a66,REVIEW_REQUIRED,Unknown,false,REVIEW_REQUIRED,REVIEW_REQUIRED,REVIEW,no path match in OpenProj baseline; classify origin manually,
modules/microproject_ui/src/main/resources/com/microproject/pm/graphic/images/ribbon/system-help-3-20.svg,microproject_ui,resource,HEAD,f169a45172a9f7fbbe0ea313c9bd4f6dcf8e66e6387edb32b72527c7b056b248,d2fa3c20a,,,0530be227f4a10c5545cce8d3db20ac5a4d76a66,REVIEW_REQUIRED,Unknown,false,REVIEW_REQUIRED,REVIEW_REQUIRED,REVIEW,no path match in OpenProj baseline; classify origin manually,
modules/microproject_ui/src/main/resources/com/microproject/pm/graphic/images/ribbon/system-help-3-32.svg,microproject_ui,resource,HEAD,bdcf15823e120556172881faecb4fe4eba01b47336bd2aecc267d9646a938e0b,d2fa3c20a,,,0530be227f4a10c5545cce8d3db20ac5a4d76a66,REVIEW_REQUIRED,Unknown,false,REVIEW_REQUIRED,REVIEW_REQUIRED,REVIEW,no path match in OpenProj baseline; classify origin manually,
modules/microproject_ui/src/main/resources/com/microproject/pm/graphic/images/ribbon/system-help-3.png,microproject_ui,resource,HEAD,5f99eb2fbdd85fcfb45d63f2116761f3c15405088fda1611d9ebe07f0ce021e4,d2fa3c20a,,,0530be227f4a10c5545cce8d3db20ac5a4d76a66,REVIEW_REQUIRED,ThirdParty:JasperReports,false,REVIEW_REQUIRED,REVIEW_REQUIRED,KEEP_THIRD_PARTY,third-party notice detected; verify upstream license,
modules/microproject_ui/src/main/resources/com/microproject/pm/graphic/images/ribbon/system-help-3.svg,microproject_ui,resource,HEAD,9ed1c2af02a02c773d79ad39e0a12b632b96b4fbced889102d432ae976580af9,d2fa3c20a,,,0530be227f4a10c5545cce8d3db20ac5a4d76a66,REVIEW_REQUIRED,Unknown,false,REVIEW_REQUIRED,REVIEW_REQUIRED,REVIEW,no path match in OpenProj baseline; classify origin manually,
modules/microproject_ui/src/main/resources/com/microproject/pm/graphic/images/ribbon/task-mode-automatic-16.svg,microproject_ui,resource,HEAD,46b5271cfc2eebe30ada47d5812e9ca34c74a138480ca3480704c7e749837426,d2fa3c20a,,,0530be227f4a10c5545cce8d3db20ac5a4d76a66,REVIEW_REQUIRED,Unknown,false,REVIEW_REQUIRED,REVIEW_REQUIRED,REVIEW,no path match in OpenProj baseline; classify origin manually,
modules/microproject_ui/src/main/resources/com/microproject/pm/graphic/images/ribbon/task-mode-automatic-20.svg,microproject_ui,resource,HEAD,94554606dff55f71a695488fb89c972d4e9ac0a04cfb1ca4425e15855f920e53,d2fa3c20a,,,0530be227f4a10c5545cce8d3db20ac5a4d76a66,REVIEW_REQUIRED,Unknown,false,REVIEW_REQUIRED,REVIEW_REQUIRED,REVIEW,no path match in OpenProj baseline; classify origin manually,
modules/microproject_ui/src/main/resources/com/microproject/pm/graphic/images/ribbon/task-mode-automatic-32.svg,microproject_ui,resource,HEAD,70add7d786acb63893617cad6c9c4c582b2deec7c3b46cc8ccc043ce42e1b2b7,d2fa3c20a,,,0530be227f4a10c5545cce8d3db20ac5a4d76a66,REVIEW_REQUIRED,Unknown,false,REVIEW_REQUIRED,REVIEW_REQUIRED,REVIEW,no path match in OpenProj baseline; classify origin manually,
modules/microproject_ui/src/main/resources/com/microproject/pm/graphic/images/ribbon/task-mode-automatic.svg,microproject_ui,resource,HEAD,70add7d786acb63893617cad6c9c4c582b2deec7c3b46cc8ccc043ce42e1b2b7,d2fa3c20a,,,0530be227f4a10c5545cce8d3db20ac5a4d76a66,REVIEW_REQUIRED,Unknown,false,REVIEW_REQUIRED,REVIEW_REQUIRED,REVIEW,no path match in OpenProj baseline; classify origin manually,
modules/microproject_ui/src/main/resources/com/microproject/pm/graphic/images/ribbon/task-mode-manual-16.svg,microproject_ui,resource,HEAD,affb656dfbd6f88eaca6ac01f0babbaa3eb1c3a373ecf40b4107fb3b6f54ae08,d2fa3c20a,,,0530be227f4a10c5545cce8d3db20ac5a4d76a66,REVIEW_REQUIRED,Unknown,false,REVIEW_REQUIRED,REVIEW_REQUIRED,REVIEW,no path match in OpenProj baseline; classify origin manually,
modules/microproject_ui/src/main/resources/com/microproject/pm/graphic/images/ribbon/task-mode-manual-20.svg,microproject_ui,resource,HEAD,64b097ccdd7851a8dadcb1a4b69977d236d98c5b16e1b6f9460fcad2ea96f091,d2fa3c20a,,,0530be227f4a10c5545cce8d3db20ac5a4d76a66,REVIEW_REQUIRED,Unknown,false,REVIEW_REQUIRED,REVIEW_REQUIRED,REVIEW,no path match in OpenProj baseline; classify origin manually,
modules/microproject_ui/src/main/resources/com/microproject/pm/graphic/images/ribbon/task-mode-manual-32.svg,microproject_ui,resource,HEAD,66245dc52b82c43b41a6056d402ca5337933e508d1524ec516aace0f98efff7c,d2fa3c20a,,,0530be227f4a10c5545cce8d3db20ac5a4d76a66,REVIEW_REQUIRED,Unknown,false,REVIEW_REQUIRED,REVIEW_REQUIRED,REVIEW,no path match in OpenProj baseline; classify origin manually,
modules/microproject_ui/src/main/resources/com/microproject/pm/graphic/images/ribbon/task-mode-manual.svg,microproject_ui,resource,HEAD,66245dc52b82c43b41a6056d402ca5337933e508d1524ec516aace0f98efff7c,d2fa3c20a,,,0530be227f4a10c5545cce8d3db20ac5a4d76a66,REVIEW_REQUIRED,Unknown,false,REVIEW_REQUIRED,REVIEW_REQUIRED,REVIEW,no path match in OpenProj baseline; classify origin manually,
modules/microproject_ui/src/main/resources/com/microproject/pm/graphic/images/ribbon/text-field-16.svg,microproject_ui,resource,HEAD,70835924bfa65596d340bf7942c3f82fd498a2c302d48bc00907aa7b90586158,d2fa3c20a,,,0530be227f4a10c5545cce8d3db20ac5a4d76a66,REVIEW_REQUIRED,Unknown,false,REVIEW_REQUIRED,REVIEW_REQUIRED,REVIEW,no path match in OpenProj baseline; classify origin manually,
modules/microproject_ui/src/main/resources/com/microproject/pm/graphic/images/ribbon/text-field-20.svg,microproject_ui,resource,HEAD,45063fe2cb87bcef7693a102d9a44cc440fb0c12387469e99de11d5cd462b414,d2fa3c20a,,,0530be227f4a10c5545cce8d3db20ac5a4d76a66,REVIEW_REQUIRED,Unknown,false,REVIEW_REQUIRED,REVIEW_REQUIRED,REVIEW,no path match in OpenProj baseline; classify origin manually,
modules/microproject_ui/src/main/resources/com/microproject/pm/graphic/images/ribbon/text-field-32.svg,microproject_ui,resource,HEAD,ee1fa8bcfb286482c78f6e6275ec0ff881decbc8c1c3b64b33bf57c9fc834c64,d2fa3c20a,,,0530be227f4a10c5545cce8d3db20ac5a4d76a66,REVIEW_REQUIRED,Unknown,false,REVIEW_REQUIRED,REVIEW_REQUIRED,REVIEW,no path match in OpenProj baseline; classify origin manually,
modules/microproject_ui/src/main/resources/com/microproject/pm/graphic/images/ribbon/text-field.png,microproject_ui,resource,HEAD,721a7e6cb587de4cc20a5a6a1736c4e6c5ada996a3a5e1b4513d841d3113264e,d2fa3c20a,,,0530be227f4a10c5545cce8d3db20ac5a4d76a66,REVIEW_REQUIRED,ThirdParty:JasperReports,false,REVIEW_REQUIRED,REVIEW_REQUIRED,KEEP_THIRD_PARTY,third-party notice detected; verify upstream license,
modules/microproject_ui/src/main/resources/com/microproject/pm/graphic/images/ribbon/text-field.svg,microproject_ui,resource,HEAD,22694b7cb5af24c81d1289d553d7e2e40328e826429cc8478e36a287c20ad20e,d2fa3c20a,,,0530be227f4a10c5545cce8d3db20ac5a4d76a66,REVIEW_REQUIRED,Unknown,false,REVIEW_REQUIRED,REVIEW_REQUIRED,REVIEW,no path match in OpenProj baseline; classify origin manually,
modules/microproject_ui/src/main/resources/com/microproject/pm/graphic/images/ribbon/timescale-ribbon-16.svg,microproject_ui,resource,HEAD,2f9ecad454d6cecd58647756b54d86d06707d192e5e3ea088a4bb61cd7f704f2,d2fa3c20a,,,0530be227f4a10c5545cce8d3db20ac5a4d76a66,REVIEW_REQUIRED,Unknown,false,REVIEW_REQUIRED,REVIEW_REQUIRED,REVIEW,no path match in OpenProj baseline; classify origin manually,
modules/microproject_ui/src/main/resources/com/microproject/pm/graphic/images/ribbon/timescale-ribbon-20.svg,microproject_ui,resource,HEAD,ff9266ab74628e2ebe7b398d896f771e04a1fac738b9ce48288d79caf1b17eb7,d2fa3c20a,,,0530be227f4a10c5545cce8d3db20ac5a4d76a66,REVIEW_REQUIRED,Unknown,false,REVIEW_REQUIRED,REVIEW_REQUIRED,REVIEW,no path match in OpenProj baseline; classify origin manually,
modules/microproject_ui/src/main/resources/com/microproject/pm/graphic/images/ribbon/timescale-ribbon-32.svg,microproject_ui,resource,HEAD,996e42751af2e9e1bd3c598a70a0578d9874ee7e6deb377b49273847a47e8245,d2fa3c20a,,,0530be227f4a10c5545cce8d3db20ac5a4d76a66,REVIEW_REQUIRED,Unknown,false,REVIEW_REQUIRED,REVIEW_REQUIRED,REVIEW,no path match in OpenProj baseline; classify origin manually,
modules/microproject_ui/src/main/resources/com/microproject/pm/graphic/images/ribbon/timescale-ribbon.svg,microproject_ui,resource,HEAD,8afe66f6186f8b7552aff48c4c04c72791aa728381a88c895bc65a3598fe4227,d2fa3c20a,,,0530be227f4a10c5545cce8d3db20ac5a4d76a66,REVIEW_REQUIRED,Unknown,false,REVIEW_REQUIRED,REVIEW_REQUIRED,REVIEW,no path match in OpenProj baseline; classify origin manually,
modules/microproject_ui/src/main/resources/com/microproject/pm/graphic/images/ribbon/timesheet-check-16.svg,microproject_ui,resource,HEAD,e5f28c3a222dd8f5b3c1ed1b3844ae8cf3787cda445e705ae7323cda1df90f16,d2fa3c20a,,,0530be227f4a10c5545cce8d3db20ac5a4d76a66,REVIEW_REQUIRED,Unknown,false,REVIEW_REQUIRED,REVIEW_REQUIRED,REVIEW,no path match in OpenProj baseline; classify origin manually,
modules/microproject_ui/src/main/resources/com/microproject/pm/graphic/images/ribbon/timesheet-check-20.svg,microproject_ui,resource,HEAD,6c7bcc1b5f9dfe5189081dc8e8469d1ca0f531af31f0d30fd7705502fb1bf255,d2fa3c20a,,,0530be227f4a10c5545cce8d3db20ac5a4d76a66,REVIEW_REQUIRED,Unknown,false,REVIEW_REQUIRED,REVIEW_REQUIRED,REVIEW,no path match in OpenProj baseline; classify origin manually,
modules/microproject_ui/src/main/resources/com/microproject/pm/graphic/images/ribbon/timesheet-check-32.svg,microproject_ui,resource,HEAD,24af3e628b3a40ab104e8759a3506d04bc97ddaa3c70c2cd720e033152d6c258,d2fa3c20a,,,0530be227f4a10c5545cce8d3db20ac5a4d76a66,REVIEW_REQUIRED,Unknown,false,REVIEW_REQUIRED,REVIEW_REQUIRED,REVIEW,no path match in OpenProj baseline; classify origin manually,
modules/microproject_ui/src/main/resources/com/microproject/pm/graphic/images/ribbon/timesheet-check.svg,microproject_ui,resource,HEAD,b17a7e1a0f7ad6eefbbbf3ad9e68279252a5f70e7b0f4ca836b88a3c2d262170,d2fa3c20a,,,0530be227f4a10c5545cce8d3db20ac5a4d76a66,REVIEW_REQUIRED,Unknown,false,REVIEW_REQUIRED,REVIEW_REQUIRED,REVIEW,no path match in OpenProj baseline; classify origin manually,
modules/microproject_ui/src/main/resources/com/microproject/pm/graphic/images/ribbon/update-project-16.svg,microproject_ui,resource,HEAD,9b7a13bcc1f52f768928fb209f0dc3f082b82dfba1c68fa6b25225bcbbf03bbd,d2fa3c20a,,,0530be227f4a10c5545cce8d3db20ac5a4d76a66,REVIEW_REQUIRED,Unknown,false,REVIEW_REQUIRED,REVIEW_REQUIRED,REVIEW,no path match in OpenProj baseline; classify origin manually,
modules/microproject_ui/src/main/resources/com/microproject/pm/graphic/images/ribbon/update-project-20.svg,microproject_ui,resource,HEAD,adffb27d9e01ec18209c5174f1dddee6db115fc8630c97be76adadb91f54ea13,d2fa3c20a,,,0530be227f4a10c5545cce8d3db20ac5a4d76a66,REVIEW_REQUIRED,Unknown,false,REVIEW_REQUIRED,REVIEW_REQUIRED,REVIEW,no path match in OpenProj baseline; classify origin manually,
modules/microproject_ui/src/main/resources/com/microproject/pm/graphic/images/ribbon/update-project-32.svg,microproject_ui,resource,HEAD,1ce25741aa47db4012103563b545cde34053a8e3583b38d0c0be16bf88329df0,d2fa3c20a,,,0530be227f4a10c5545cce8d3db20ac5a4d76a66,REVIEW_REQUIRED,Unknown,false,REVIEW_REQUIRED,REVIEW_REQUIRED,REVIEW,no path match in OpenProj baseline; classify origin manually,
modules/microproject_ui/src/main/resources/com/microproject/pm/graphic/images/ribbon/update-project.svg,microproject_ui,resource,HEAD,09fea60cc1d8c87af2580c2178c5973c36a031d9fedf478908e36eb4406bf0fb,d2fa3c20a,,,0530be227f4a10c5545cce8d3db20ac5a4d76a66,REVIEW_REQUIRED,Unknown,false,REVIEW_REQUIRED,REVIEW_REQUIRED,REVIEW,no path match in OpenProj baseline; classify origin manually,
modules/microproject_ui/src/main/resources/com/microproject/pm/graphic/images/ribbon/view-calendar-16.svg,microproject_ui,resource,HEAD,3ff672c3c6c43a91817d046e79ca3307a8aec33d6f59c887b712893aff1c5490,d2fa3c20a,,,0530be227f4a10c5545cce8d3db20ac5a4d76a66,REVIEW_REQUIRED,Unknown,false,REVIEW_REQUIRED,REVIEW_REQUIRED,REVIEW,no path match in OpenProj baseline; classify origin manually,
modules/microproject_ui/src/main/resources/com/microproject/pm/graphic/images/ribbon/view-calendar-20.svg,microproject_ui,resource,HEAD,4b43b54060890dbc163c9d9c056ac801021099af0032a078a492569a0e633df5,d2fa3c20a,,,0530be227f4a10c5545cce8d3db20ac5a4d76a66,REVIEW_REQUIRED,Unknown,false,REVIEW_REQUIRED,REVIEW_REQUIRED,REVIEW,no path match in OpenProj baseline; classify origin manually,
modules/microproject_ui/src/main/resources/com/microproject/pm/graphic/images/ribbon/view-calendar-32.svg,microproject_ui,resource,HEAD,dca9a8194d4001c0f74f45b4746038adf71bb6a4c3874549ebc77c82cb6e6522,d2fa3c20a,,,0530be227f4a10c5545cce8d3db20ac5a4d76a66,REVIEW_REQUIRED,Unknown,false,REVIEW_REQUIRED,REVIEW_REQUIRED,REVIEW,no path match in OpenProj baseline; classify origin manually,
modules/microproject_ui/src/main/resources/com/microproject/pm/graphic/images/ribbon/view-calendar.png,microproject_ui,resource,HEAD,ee5f94957c5657f503f57b7a914f1b9df7f4fbd7857826fca7dc67cc20462285,d2fa3c20a,,,0530be227f4a10c5545cce8d3db20ac5a4d76a66,REVIEW_REQUIRED,ThirdParty:JasperReports,false,REVIEW_REQUIRED,REVIEW_REQUIRED,KEEP_THIRD_PARTY,third-party notice detected; verify upstream license,
modules/microproject_ui/src/main/resources/com/microproject/pm/graphic/images/ribbon/view-calendar.svg,microproject_ui,resource,HEAD,d5e4d926b7dcd426b989d75b7c248d3279763885850214f68ac19626f0f23ec9,d2fa3c20a,,,0530be227f4a10c5545cce8d3db20ac5a4d76a66,REVIEW_REQUIRED,Unknown,false,REVIEW_REQUIRED,REVIEW_REQUIRED,REVIEW,no path match in OpenProj baseline; classify origin manually,
modules/microproject_ui/src/main/resources/com/microproject/pm/graphic/images/ribbon/zoom-in-5-16.svg,microproject_ui,resource,HEAD,ab223fb3e827508be75017a90a781be7e48625c40adf62a45ef020d896f197c2,d2fa3c20a,,,0530be227f4a10c5545cce8d3db20ac5a4d76a66,REVIEW_REQUIRED,Unknown,false,REVIEW_REQUIRED,REVIEW_REQUIRED,REVIEW,no path match in OpenProj baseline; classify origin manually,
modules/microproject_ui/src/main/resources/com/microproject/pm/graphic/images/ribbon/zoom-in-5-20.svg,microproject_ui,resource,HEAD,b790b7a098079498a6bc8a22c97cc4c131fd71f39032335cb4eeb5bf91e077d7,d2fa3c20a,,,0530be227f4a10c5545cce8d3db20ac5a4d76a66,REVIEW_REQUIRED,Unknown,false,REVIEW_REQUIRED,REVIEW_REQUIRED,REVIEW,no path match in OpenProj baseline; classify origin manually,
modules/microproject_ui/src/main/resources/com/microproject/pm/graphic/images/ribbon/zoom-in-5-32.svg,microproject_ui,resource,HEAD,a4f4b0a7aa165611404cc87d58f00bcaddfb7447de98f944bd5267173454bff3,d2fa3c20a,,,0530be227f4a10c5545cce8d3db20ac5a4d76a66,REVIEW_REQUIRED,Unknown,false,REVIEW_REQUIRED,REVIEW_REQUIRED,REVIEW,no path match in OpenProj baseline; classify origin manually,
modules/microproject_ui/src/main/resources/com/microproject/pm/graphic/images/ribbon/zoom-in-5.png,microproject_ui,resource,HEAD,2729340522f677bc76146e04b3c26473ab9c6d45943be97dd79af50a33403e9f,d2fa3c20a,,,0530be227f4a10c5545cce8d3db20ac5a4d76a66,REVIEW_REQUIRED,ThirdParty:JasperReports,false,REVIEW_REQUIRED,REVIEW_REQUIRED,KEEP_THIRD_PARTY,third-party notice detected; verify upstream license,
modules/microproject_ui/src/main/resources/com/microproject/pm/graphic/images/ribbon/zoom-in-5.svg,microproject_ui,resource,HEAD,e5bee58f9b79b9a5d8268847716f03f7b023fbc44e913a71d326ac2aee901811,d2fa3c20a,,,0530be227f4a10c5545cce8d3db20ac5a4d76a66,REVIEW_REQUIRED,Unknown,false,REVIEW_REQUIRED,REVIEW_REQUIRED,REVIEW,no path match in OpenProj baseline; classify origin manually,
modules/microproject_ui/src/main/resources/com/microproject/pm/graphic/images/ribbon/zoom-out-5-16.svg,microproject_ui,resource,HEAD,a62214cad5d117dbcdb7303629a2341e9be58cb3255d411052f814e95197bd6d,d2fa3c20a,,,0530be227f4a10c5545cce8d3db20ac5a4d76a66,REVIEW_REQUIRED,Unknown,false,REVIEW_REQUIRED,REVIEW_REQUIRED,REVIEW,no path match in OpenProj baseline; classify origin manually,
modules/microproject_ui/src/main/resources/com/microproject/pm/graphic/images/ribbon/zoom-out-5-20.svg,microproject_ui,resource,HEAD,26052f8c5a636ee1605aa27682dc7b57ae83024daf8b58166676e6ced6e380bc,d2fa3c20a,,,0530be227f4a10c5545cce8d3db20ac5a4d76a66,REVIEW_REQUIRED,Unknown,false,REVIEW_REQUIRED,REVIEW_REQUIRED,REVIEW,no path match in OpenProj baseline; classify origin manually,
modules/microproject_ui/src/main/resources/com/microproject/pm/graphic/images/ribbon/zoom-out-5-32.svg,microproject_ui,resource,HEAD,dd442b2f00b6917828b7fefdf83f1fa1dfcc656aa52e179d93a036ec5d9aaac7,d2fa3c20a,,,0530be227f4a10c5545cce8d3db20ac5a4d76a66,REVIEW_REQUIRED,Unknown,false,REVIEW_REQUIRED,REVIEW_REQUIRED,REVIEW,no path match in OpenProj baseline; classify origin manually,
modules/microproject_ui/src/main/resources/com/microproject/pm/graphic/images/ribbon/zoom-out-5.png,microproject_ui,resource,HEAD,78abed37a8216b544710f8bf46a5f594372be8e1046a475961e7029d1ecb046e,d2fa3c20a,,,0530be227f4a10c5545cce8d3db20ac5a4d76a66,REVIEW_REQUIRED,ThirdParty:JasperReports,false,REVIEW_REQUIRED,REVIEW_REQUIRED,KEEP_THIRD_PARTY,third-party notice detected; verify upstream license,
modules/microproject_ui/src/main/resources/com/microproject/pm/graphic/images/ribbon/zoom-out-5.svg,microproject_ui,resource,HEAD,7a4d9d7c7be4d701e293508df7e4eadb870c47b9c2c3aec1b3624cba6f025dad,d2fa3c20a,,,0530be227f4a10c5545cce8d3db20ac5a4d76a66,REVIEW_REQUIRED,Unknown,false,REVIEW_REQUIRED,REVIEW_REQUIRED,REVIEW,no path match in OpenProj baseline; classify origin manually,
modules/microproject_ui/src/main/resources/com/microproject/pm/graphic/images/rightArrow.png,microproject_ui,resource,HEAD,d752c80f0c0cdb20e413d97efe2d1984c6539b1c86804f88e81a38974059de9e,d2fa3c20a,openproj_ui/src/com/projity/pm/graphic/images/rightArrow.png,d752c80f0c0cdb20e413d97efe2d1984c6539b1c86804f88e81a38974059de9e,0530be227f4a10c5545cce8d3db20ac5a4d76a66,REVIEW_REQUIRED,Unknown,true,REVIEW_REQUIRED,REVIEW_REQUIRED,KEEP_OPENPROJ,normalized content matches OpenProj baseline,
modules/microproject_ui/src/main/resources/com/microproject/pm/graphic/images/rightView16.gif,microproject_ui,resource,HEAD,bdc2ca9459b411c8224058b6fd3c63d9bbae94f4487cc9056f5d525587b6cea4,d2fa3c20a,openproj_ui/src/com/projity/pm/graphic/images/rightView16.gif,bdc2ca9459b411c8224058b6fd3c63d9bbae94f4487cc9056f5d525587b6cea4,0530be227f4a10c5545cce8d3db20ac5a4d76a66,REVIEW_REQUIRED,Unknown,true,REVIEW_REQUIRED,REVIEW_REQUIRED,KEEP_OPENPROJ,normalized content matches OpenProj baseline,
modules/microproject_ui/src/main/resources/com/microproject/pm/graphic/images/rightViewHidden16.gif,microproject_ui,resource,HEAD,124a6c573974ecd4bab940c3fb8bc1568dd6779b499e11cb7aae91ceddec0bb6,d2fa3c20a,openproj_ui/src/com/projity/pm/graphic/images/rightViewHidden16.gif,124a6c573974ecd4bab940c3fb8bc1568dd6779b499e11cb7aae91ceddec0bb6,0530be227f4a10c5545cce8d3db20ac5a4d76a66,REVIEW_REQUIRED,Unknown,true,REVIEW_REQUIRED,REVIEW_REQUIRED,KEEP_OPENPROJ,normalized content matches OpenProj baseline,
modules/microproject_ui/src/main/resources/com/microproject/pm/graphic/images/scrollToTask16.gif,microproject_ui,resource,HEAD,1e57d58084225796931e2e5ceb067055be2e62799126790e06c2fc9b6f7191f1,d2fa3c20a,openproj_ui/src/com/projity/pm/graphic/images/scrollToTask16.gif,1e57d58084225796931e2e5ceb067055be2e62799126790e06c2fc9b6f7191f1,0530be227f4a10c5545cce8d3db20ac5a4d76a66,REVIEW_REQUIRED,Unknown,true,REVIEW_REQUIRED,REVIEW_REQUIRED,KEEP_OPENPROJ,normalized content matches OpenProj baseline,
modules/microproject_ui/src/main/resources/com/microproject/pm/graphic/images/show-all-resources-small.gif,microproject_ui,resource,HEAD,82dabd6ee99d7daf81c4360e1a9edd3d9a00f1a4cb5e9f52bfbc942edff2e91e,d2fa3c20a,openproj_ui/src/com/projity/pm/graphic/images/show-all-resources-small.gif,82dabd6ee99d7daf81c4360e1a9edd3d9a00f1a4cb5e9f52bfbc942edff2e91e,0530be227f4a10c5545cce8d3db20ac5a4d76a66,REVIEW_REQUIRED,Unknown,true,REVIEW_REQUIRED,REVIEW_REQUIRED,KEEP_OPENPROJ,normalized content matches OpenProj baseline,
modules/microproject_ui/src/main/resources/com/microproject/pm/graphic/images/show-team-resources-small.gif,microproject_ui,resource,HEAD,dc4c5309fd5328dd99b9ae2d452db8b833cd70e84495592daece612fcc6c05b6,d2fa3c20a,openproj_ui/src/com/projity/pm/graphic/images/show-team-resources-small.gif,dc4c5309fd5328dd99b9ae2d452db8b833cd70e84495592daece612fcc6c05b6,0530be227f4a10c5545cce8d3db20ac5a4d76a66,REVIEW_REQUIRED,Unknown,true,REVIEW_REQUIRED,REVIEW_REQUIRED,KEEP_OPENPROJ,normalized content matches OpenProj baseline,
modules/microproject_ui/src/main/resources/com/microproject/pm/graphic/images/smallCalendar.gif,microproject_ui,resource,HEAD,ff3eb81268e1b92c5b8cf2ceb186db9f11fe76a08bb38623eff157bf5e8d38bd,d2fa3c20a,openproj_ui/src/com/projity/pm/graphic/images/smallCalendar.gif,ff3eb81268e1b92c5b8cf2ceb186db9f11fe76a08bb38623eff157bf5e8d38bd,0530be227f4a10c5545cce8d3db20ac5a4d76a66,REVIEW_REQUIRED,Unknown,true,REVIEW_REQUIRED,REVIEW_REQUIRED,KEEP_OPENPROJ,normalized content matches OpenProj baseline,
modules/microproject_ui/src/main/resources/com/microproject/pm/graphic/images/smallZoomIn.png,microproject_ui,resource,HEAD,22fbecf73bbb876fff0c7656d1d12c8d87531b62236928934ba7771f4c85f250,d2fa3c20a,openproj_ui/src/com/projity/pm/graphic/images/smallZoomIn.png,22fbecf73bbb876fff0c7656d1d12c8d87531b62236928934ba7771f4c85f250,0530be227f4a10c5545cce8d3db20ac5a4d76a66,REVIEW_REQUIRED,Unknown,true,REVIEW_REQUIRED,REVIEW_REQUIRED,KEEP_OPENPROJ,normalized content matches OpenProj baseline,
modules/microproject_ui/src/main/resources/com/microproject/pm/graphic/images/smallZoomOut.png,microproject_ui,resource,HEAD,a7d1ae81b4ee29250a19ffab3dde3a1deca3598c3ad215fa63f2aaa2d30340ac,d2fa3c20a,openproj_ui/src/com/projity/pm/graphic/images/smallZoomOut.png,a7d1ae81b4ee29250a19ffab3dde3a1deca3598c3ad215fa63f2aaa2d30340ac,0530be227f4a10c5545cce8d3db20ac5a4d76a66,REVIEW_REQUIRED,Unknown,true,REVIEW_REQUIRED,REVIEW_REQUIRED,KEEP_OPENPROJ,normalized content matches OpenProj baseline,
modules/microproject_ui/src/main/resources/com/microproject/pm/graphic/images/split.gif,microproject_ui,resource,HEAD,d47a89ce39776541ba7adbef2bb3f93abd532a96d748749646e8d5837ffc9126,d2fa3c20a,openproj_ui/src/com/projity/pm/graphic/images/split.gif,d47a89ce39776541ba7adbef2bb3f93abd532a96d748749646e8d5837ffc9126,0530be227f4a10c5545cce8d3db20ac5a4d76a66,REVIEW_REQUIRED,Unknown,true,REVIEW_REQUIRED,REVIEW_REQUIRED,KEEP_OPENPROJ,normalized content matches OpenProj baseline,
modules/microproject_ui/src/main/resources/com/microproject/pm/graphic/images/task-calendar-16.svg,microproject_ui,resource,HEAD,e02f5fbf2d8fa8d3564ed6ae8398361beb956a792792840ff516e99bd1bad555,d2fa3c20a,,,0530be227f4a10c5545cce8d3db20ac5a4d76a66,REVIEW_REQUIRED,Unknown,false,REVIEW_REQUIRED,REVIEW_REQUIRED,REVIEW,no path match in OpenProj baseline; classify origin manually,
modules/microproject_ui/src/main/resources/com/microproject/pm/graphic/images/task-calendar-20.svg,microproject_ui,resource,HEAD,78c57debc4e638b9fde1de4d028260e9530a6a79827d6132f41897a34c4b90e6,d2fa3c20a,,,0530be227f4a10c5545cce8d3db20ac5a4d76a66,REVIEW_REQUIRED,Unknown,false,REVIEW_REQUIRED,REVIEW_REQUIRED,REVIEW,no path match in OpenProj baseline; classify origin manually,
modules/microproject_ui/src/main/resources/com/microproject/pm/graphic/images/task-calendar-32.svg,microproject_ui,resource,HEAD,8feb447b67258ba9de35064a713fbd3f441bef608207ea93c5928c17e028f18c,d2fa3c20a,,,0530be227f4a10c5545cce8d3db20ac5a4d76a66,REVIEW_REQUIRED,Unknown,false,REVIEW_REQUIRED,REVIEW_REQUIRED,REVIEW,no path match in OpenProj baseline; classify origin manually,
modules/microproject_ui/src/main/resources/com/microproject/pm/graphic/images/task-calendar.svg,microproject_ui,resource,HEAD,6914481a5765d22e7902ac695df3698616a7f8d953e9fefaf1d0224eae9907ae,d2fa3c20a,,,0530be227f4a10c5545cce8d3db20ac5a4d76a66,REVIEW_REQUIRED,Unknown,false,REVIEW_REQUIRED,REVIEW_REQUIRED,REVIEW,no path match in OpenProj baseline; classify origin manually,
modules/microproject_ui/src/main/resources/com/microproject/pm/graphic/images/taskUsage-16.svg,microproject_ui,resource,HEAD,7f4c2fd5b18063527f63b5589763dcd5e3261966191ff9df939e8083a4892620,d2fa3c20a,,,0530be227f4a10c5545cce8d3db20ac5a4d76a66,REVIEW_REQUIRED,Unknown,false,REVIEW_REQUIRED,REVIEW_REQUIRED,REVIEW,no path match in OpenProj baseline; classify origin manually,
modules/microproject_ui/src/main/resources/com/microproject/pm/graphic/images/taskUsage-20.svg,microproject_ui,resource,HEAD,e4c315ba1e92a584bf551d1dabe476f956a63c3078588004f89fbf6be979fa5a,d2fa3c20a,,,0530be227f4a10c5545cce8d3db20ac5a4d76a66,REVIEW_REQUIRED,Unknown,false,REVIEW_REQUIRED,REVIEW_REQUIRED,REVIEW,no path match in OpenProj baseline; classify origin manually,
modules/microproject_ui/src/main/resources/com/microproject/pm/graphic/images/taskUsage-32.svg,microproject_ui,resource,HEAD,f8830f4fcdca44cc2cde1a3a93b420565cf5f5aae392a7a1a9b47c0b0fbd75fd,d2fa3c20a,,,0530be227f4a10c5545cce8d3db20ac5a4d76a66,REVIEW_REQUIRED,Unknown,false,REVIEW_REQUIRED,REVIEW_REQUIRED,REVIEW,no path match in OpenProj baseline; classify origin manually,
modules/microproject_ui/src/main/resources/com/microproject/pm/graphic/images/taskUsage.png,microproject_ui,resource,HEAD,c2ff4dde74416abfcb80ed6939871173b5d3da052a77e7550a34ade2844ced86,d2fa3c20a,openproj_ui/src/com/projity/pm/graphic/images/taskUsage.png,c2ff4dde74416abfcb80ed6939871173b5d3da052a77e7550a34ade2844ced86,0530be227f4a10c5545cce8d3db20ac5a4d76a66,REVIEW_REQUIRED,Unknown,true,REVIEW_REQUIRED,REVIEW_REQUIRED,KEEP_OPENPROJ,normalized content matches OpenProj baseline,
modules/microproject_ui/src/main/resources/com/microproject/pm/graphic/images/taskUsage.svg,microproject_ui,resource,HEAD,ef7139ec4cf0c38be7cb8cb1d668f9014bf435159face003294fcd8f85d19574,d2fa3c20a,,,0530be227f4a10c5545cce8d3db20ac5a4d76a66,REVIEW_REQUIRED,Unknown,false,REVIEW_REQUIRED,REVIEW_REQUIRED,REVIEW,no path match in OpenProj baseline; classify origin manually,
modules/microproject_ui/src/main/resources/com/microproject/pm/graphic/images/timeline-16.svg,microproject_ui,resource,HEAD,c2d987fdcd9f1599648284bb27120385a8a8726a999a3e43fa51954cbcb21bc2,d2fa3c20a,,,0530be227f4a10c5545cce8d3db20ac5a4d76a66,REVIEW_REQUIRED,Unknown,false,REVIEW_REQUIRED,REVIEW_REQUIRED,REVIEW,no path match in OpenProj baseline; classify origin manually,
modules/microproject_ui/src/main/resources/com/microproject/pm/graphic/images/timeline-20.svg,microproject_ui,resource,HEAD,82f78dba2f8434047d469664ff725c41b861799a07261af6b3ccb4cc643929a7,d2fa3c20a,,,0530be227f4a10c5545cce8d3db20ac5a4d76a66,REVIEW_REQUIRED,Unknown,false,REVIEW_REQUIRED,REVIEW_REQUIRED,REVIEW,no path match in OpenProj baseline; classify origin manually,
modules/microproject_ui/src/main/resources/com/microproject/pm/graphic/images/timeline-32.svg,microproject_ui,resource,HEAD,419e0470ac7ec2f0f6c5a3ed84bc4dbf06cab85c74b342c433691cd97f2b7f77,d2fa3c20a,,,0530be227f4a10c5545cce8d3db20ac5a4d76a66,REVIEW_REQUIRED,Unknown,false,REVIEW_REQUIRED,REVIEW_REQUIRED,REVIEW,no path match in OpenProj baseline; classify origin manually,
modules/microproject_ui/src/main/resources/com/microproject/pm/graphic/images/timeline.svg,microproject_ui,resource,HEAD,9a0eeffc81770e6a84ab4db47b3ad11ee54231dae3185fb6b1b975e145fdad6d,d2fa3c20a,,,0530be227f4a10c5545cce8d3db20ac5a4d76a66,REVIEW_REQUIRED,Unknown,false,REVIEW_REQUIRED,REVIEW_REQUIRED,REVIEW,no path match in OpenProj baseline; classify origin manually,
modules/microproject_ui/src/main/resources/com/microproject/pm/graphic/images/trackingGantt-16.svg,microproject_ui,resource,HEAD,74463dea10abbe3f5d60967b462d4e0a9ba66230a45c51dc1f97cc8c45a3ad0e,d2fa3c20a,,,0530be227f4a10c5545cce8d3db20ac5a4d76a66,REVIEW_REQUIRED,Unknown,false,REVIEW_REQUIRED,REVIEW_REQUIRED,REVIEW,no path match in OpenProj baseline; classify origin manually,
modules/microproject_ui/src/main/resources/com/microproject/pm/graphic/images/trackingGantt-20.svg,microproject_ui,resource,HEAD,71672771caded39ff689af6f83b804234e77c165ab398acae1a11a53d7d302a5,d2fa3c20a,,,0530be227f4a10c5545cce8d3db20ac5a4d76a66,REVIEW_REQUIRED,Unknown,false,REVIEW_REQUIRED,REVIEW_REQUIRED,REVIEW,no path match in OpenProj baseline; classify origin manually,
modules/microproject_ui/src/main/resources/com/microproject/pm/graphic/images/trackingGantt-32.svg,microproject_ui,resource,HEAD,4dd61cf4dfa40e7ee56b22af037c02fa5d83015a3418971f851535bcad5d6dff,d2fa3c20a,,,0530be227f4a10c5545cce8d3db20ac5a4d76a66,REVIEW_REQUIRED,Unknown,false,REVIEW_REQUIRED,REVIEW_REQUIRED,REVIEW,no path match in OpenProj baseline; classify origin manually,
modules/microproject_ui/src/main/resources/com/microproject/pm/graphic/images/trackingGantt.png,microproject_ui,resource,HEAD,93bcd479d3c25bf13c5985ffc31ca38d1a2c126cf1402ef65038285418b2dc52,d2fa3c20a,openproj_ui/src/com/projity/pm/graphic/images/trackingGantt.png,93bcd479d3c25bf13c5985ffc31ca38d1a2c126cf1402ef65038285418b2dc52,0530be227f4a10c5545cce8d3db20ac5a4d76a66,REVIEW_REQUIRED,Unknown,true,REVIEW_REQUIRED,REVIEW_REQUIRED,KEEP_OPENPROJ,normalized content matches OpenProj baseline,
modules/microproject_ui/src/main/resources/com/microproject/pm/graphic/images/trackingGantt.svg,microproject_ui,resource,HEAD,86069b5d06c0a343f6f31af7edc81f21a75fe1268b020f9c2df85ed10b99ee7f,d2fa3c20a,,,0530be227f4a10c5545cce8d3db20ac5a4d76a66,REVIEW_REQUIRED,Unknown,false,REVIEW_REQUIRED,REVIEW_REQUIRED,REVIEW,no path match in OpenProj baseline; classify origin manually,
modules/microproject_ui/src/main/resources/com/microproject/pm/graphic/images/unfetchedLazy.png,microproject_ui,resource,HEAD,cff24d35c30d81839d22fec95dcae2de3250093fbc08b3ee53e0f2df9d808f53,d2fa3c20a,openproj_ui/src/com/projity/pm/graphic/images/unfetchedLazy.png,cff24d35c30d81839d22fec95dcae2de3250093fbc08b3ee53e0f2df9d808f53,0530be227f4a10c5545cce8d3db20ac5a4d76a66,REVIEW_REQUIRED,Unknown,true,REVIEW_REQUIRED,REVIEW_REQUIRED,KEEP_OPENPROJ,normalized content matches OpenProj baseline,
modules/microproject_ui/src/main/resources/com/microproject/pm/graphic/images/unlink.gif,microproject_ui,resource,HEAD,c9d516408fa694cba276e90ed8ed43045890809fa5d12ac694d947b8c41305de,d2fa3c20a,openproj_ui/src/com/projity/pm/graphic/images/unlink.gif,c9d516408fa694cba276e90ed8ed43045890809fa5d12ac694d947b8c41305de,0530be227f4a10c5545cce8d3db20ac5a4d76a66,REVIEW_REQUIRED,Unknown,true,REVIEW_REQUIRED,REVIEW_REQUIRED,KEEP_OPENPROJ,normalized content matches OpenProj baseline,
modules/microproject_ui/src/main/resources/com/microproject/pm/graphic/images/unlink24.gif,microproject_ui,resource,HEAD,863775674e801e73acf6b36b8d08810f1db7067bc7b2d84724ea5de0a8d91767,d2fa3c20a,openproj_ui/src/com/projity/pm/graphic/images/unlink24.gif,863775674e801e73acf6b36b8d08810f1db7067bc7b2d84724ea5de0a8d91767,0530be227f4a10c5545cce8d3db20ac5a4d76a66,REVIEW_REQUIRED,Unknown,true,REVIEW_REQUIRED,REVIEW_REQUIRED,KEEP_OPENPROJ,normalized content matches OpenProj baseline,
modules/microproject_ui/src/main/resources/com/microproject/pm/graphic/images/up.gif,microproject_ui,resource,HEAD,496a7e18a37b273a8987bbe728637ee0c33aff78f75fd729a117bb2b0a90314e,d2fa3c20a,openproj_ui/src/com/projity/pm/graphic/images/up.gif,496a7e18a37b273a8987bbe728637ee0c33aff78f75fd729a117bb2b0a90314e,0530be227f4a10c5545cce8d3db20ac5a4d76a66,REVIEW_REQUIRED,Unknown,true,REVIEW_REQUIRED,REVIEW_REQUIRED,KEEP_OPENPROJ,normalized content matches OpenProj baseline,
modules/microproject_ui/src/main/resources/com/microproject/pm/graphic/images/user_admin.gif,microproject_ui,resource,HEAD,b75bd8a87f9fe61f43b414d9640e1a3ae162ad94e0807ddff0dbad1a75275f79,d2fa3c20a,openproj_ui/src/com/projity/pm/graphic/images/user_admin.gif,b75bd8a87f9fe61f43b414d9640e1a3ae162ad94e0807ddff0dbad1a75275f79,0530be227f4a10c5545cce8d3db20ac5a4d76a66,REVIEW_REQUIRED,Unknown,true,REVIEW_REQUIRED,REVIEW_REQUIRED,KEEP_OPENPROJ,normalized content matches OpenProj baseline,
modules/microproject_ui/src/main/resources/com/microproject/pm/graphic/images/user_external_pm.gif,microproject_ui,resource,HEAD,e93ec8817f99cc230b8c3facbae57f7ac49e7105c4408f59085078be3b9f0f0a,d2fa3c20a,openproj_ui/src/com/projity/pm/graphic/images/user_external_pm.gif,e93ec8817f99cc230b8c3facbae57f7ac49e7105c4408f59085078be3b9f0f0a,0530be227f4a10c5545cce8d3db20ac5a4d76a66,REVIEW_REQUIRED,Unknown,true,REVIEW_REQUIRED,REVIEW_REQUIRED,KEEP_OPENPROJ,normalized content matches OpenProj baseline,
modules/microproject_ui/src/main/resources/com/microproject/pm/graphic/images/user_external_tm.gif,microproject_ui,resource,HEAD,19db439ea31d364f3c3721f42240a1f61d78cb22e41206e78f78f1af5b30103b,d2fa3c20a,openproj_ui/src/com/projity/pm/graphic/images/user_external_tm.gif,19db439ea31d364f3c3721f42240a1f61d78cb22e41206e78f78f1af5b30103b,0530be227f4a10c5545cce8d3db20ac5a4d76a66,REVIEW_REQUIRED,Unknown,true,REVIEW_REQUIRED,REVIEW_REQUIRED,KEEP_OPENPROJ,normalized content matches OpenProj baseline,
modules/microproject_ui/src/main/resources/com/microproject/pm/graphic/images/user_inactive.gif,microproject_ui,resource,HEAD,3445b4552c184830a47f7e078014d1666985aa11ff9fc21e01ca41a6d5155087,d2fa3c20a,openproj_ui/src/com/projity/pm/graphic/images/user_inactive.gif,3445b4552c184830a47f7e078014d1666985aa11ff9fc21e01ca41a6d5155087,0530be227f4a10c5545cce8d3db20ac5a4d76a66,REVIEW_REQUIRED,Unknown,true,REVIEW_REQUIRED,REVIEW_REQUIRED,KEEP_OPENPROJ,normalized content matches OpenProj baseline,
modules/microproject_ui/src/main/resources/com/microproject/pm/graphic/images/user_pm.gif,microproject_ui,resource,HEAD,ae89f6064508dbcc5df8c40db3ff8c63c7686934c61447085e79439aa2eb266d,d2fa3c20a,openproj_ui/src/com/projity/pm/graphic/images/user_pm.gif,ae89f6064508dbcc5df8c40db3ff8c63c7686934c61447085e79439aa2eb266d,0530be227f4a10c5545cce8d3db20ac5a4d76a66,REVIEW_REQUIRED,Unknown,true,REVIEW_REQUIRED,REVIEW_REQUIRED,KEEP_OPENPROJ,normalized content matches OpenProj baseline,
modules/microproject_ui/src/main/resources/com/microproject/pm/graphic/images/user_tm.gif,microproject_ui,resource,HEAD,a4d1e88240c77fab8eedf253f8c6621aa7fb9552934740159459277955cb6512,d2fa3c20a,openproj_ui/src/com/projity/pm/graphic/images/user_tm.gif,a4d1e88240c77fab8eedf253f8c6621aa7fb9552934740159459277955cb6512,0530be227f4a10c5545cce8d3db20ac5a4d76a66,REVIEW_REQUIRED,Unknown,true,REVIEW_REQUIRED,REVIEW_REQUIRED,KEEP_OPENPROJ,normalized content matches OpenProj baseline,
modules/microproject_ui/src/main/resources/org/.svn/all-wcprops,microproject_ui,resource,HEAD,ec8e38933891478d49be95c29da1e476de2cc44b5e71e1b81912a904487eefef,d2fa3c20a,openproj_ui/src/org/.svn/all-wcprops,ec8e38933891478d49be95c29da1e476de2cc44b5e71e1b81912a904487eefef,0530be227f4a10c5545cce8d3db20ac5a4d76a66,REVIEW_REQUIRED,Unknown,true,REVIEW_REQUIRED,REVIEW_REQUIRED,KEEP_OPENPROJ,normalized content matches OpenProj baseline,
modules/microproject_ui/src/main/resources/org/.svn/entries,microproject_ui,resource,HEAD,eb2bdb8945ffcdad43d462a08945e7d6abbd5df8456a1d59bf0cd0ef96ea0b6d,d2fa3c20a,openproj_ui/src/org/.svn/entries,eb2bdb8945ffcdad43d462a08945e7d6abbd5df8456a1d59bf0cd0ef96ea0b6d,0530be227f4a10c5545cce8d3db20ac5a4d76a66,REVIEW_REQUIRED,Unknown,true,REVIEW_REQUIRED,REVIEW_REQUIRED,KEEP_OPENPROJ,normalized content matches OpenProj baseline,
modules/microproject_ui/src/test/java/com/microproject/bootstrap/BootstrapApplet.java,microproject_ui,test,HEAD,0cb00971b707cfe181c0debf8a0daba13a4cac3b7fcdc4d6c5a57349e4267c47,d2fa3c20a,,,0530be227f4a10c5545cce8d3db20ac5a4d76a66,REVIEW_REQUIRED,Unknown,false,REVIEW_REQUIRED,REVIEW_REQUIRED,REVIEW,no path match in OpenProj baseline; classify origin manually,
modules/microproject_ui/src/test/java/com/microproject/dialog/ColumnDialogTest.java,microproject_ui,test,HEAD,e8c6ea5448e28d0f2cdb6bd05bc1c23306446ad4e9014cbd03d86955648d18ad,d2fa3c20a,,,0530be227f4a10c5545cce8d3db20ac5a4d76a66,REVIEW_REQUIRED,Unknown,false,REVIEW_REQUIRED,REVIEW_REQUIRED,REVIEW,no path match in OpenProj baseline; classify origin manually,
modules/microproject_ui/src/test/java/com/microproject/dialog/CriticalChainApplyAndRenderTest.java,microproject_ui,test,HEAD,a7b52dcb35336d4f753afa27e0b6c3da80023f0fec7ca2ee2ffaf8639fa98ff4,d2fa3c20a,,,0530be227f4a10c5545cce8d3db20ac5a4d76a66,REVIEW_REQUIRED,Unknown,false,REVIEW_REQUIRED,REVIEW_REQUIRED,REVIEW,no path match in OpenProj baseline; classify origin manually,
modules/microproject_ui/src/test/java/com/microproject/dialog/CriticalChainEmptyProjectViewTest.java,microproject_ui,test,HEAD,7e16717bc92c32ea16374ef4ea4f0019f1dfb488ae99b247834b0df6667cc12f,d2fa3c20a,,,0530be227f4a10c5545cce8d3db20ac5a4d76a66,REVIEW_REQUIRED,Unknown,false,REVIEW_REQUIRED,REVIEW_REQUIRED,REVIEW,no path match in OpenProj baseline; classify origin manually,
modules/microproject_ui/src/test/java/com/microproject/dialog/CustomReportDialogBoxCsvTest.java,microproject_ui,test,HEAD,c125d58ae372a7e3c989b7a1729ad22c0a53fe5e58be0af87e91b7b8876155c6,d2fa3c20a,,,0530be227f4a10c5545cce8d3db20ac5a4d76a66,REVIEW_REQUIRED,Unknown,false,REVIEW_REQUIRED,REVIEW_REQUIRED,REVIEW,no path match in OpenProj baseline; classify origin manually,
modules/microproject_ui/src/test/java/com/microproject/dialog/DigesterChoiceDiagnostic.java,microproject_ui,test,HEAD,92e6c52bfa0d59706b315cc404833df317c88a5a875b33bf28ae309b75b65219,d2fa3c20a,,,0530be227f4a10c5545cce8d3db20ac5a4d76a66,REVIEW_REQUIRED,Unknown,false,REVIEW_REQUIRED,REVIEW_REQUIRED,REVIEW,no path match in OpenProj baseline; classify origin manually,
modules/microproject_ui/src/test/java/com/microproject/dialog/DynamicSelectSetListDiagnostic.java,microproject_ui,test,HEAD,1152ed6d81d697300f556b67cb5dc353499026d1a2213acfa3674974961cabc5,d2fa3c20a,,,0530be227f4a10c5545cce8d3db20ac5a4d76a66,REVIEW_REQUIRED,Unknown,false,REVIEW_REQUIRED,REVIEW_REQUIRED,REVIEW,no path match in OpenProj baseline; classify origin manually,
modules/microproject_ui/src/test/java/com/microproject/dialog/FindDialogCleanupAuditTest.java,microproject_ui,test,HEAD,d99cde8e2913cd39bc7d3b3019300c4531b86ce2a6d6b3d1774b3bf0fcbb5efb,d2fa3c20a,,,0530be227f4a10c5545cce8d3db20ac5a4d76a66,REVIEW_REQUIRED,Unknown,false,REVIEW_REQUIRED,REVIEW_REQUIRED,REVIEW,no path match in OpenProj baseline; classify origin manually,
modules/microproject_ui/src/test/java/com/microproject/dialog/LicenseDialogResourceTest.java,microproject_ui,test,HEAD,5818d62a7b9d314d6214ef0cb63faa6dd0f77bd40e97d44cc596e984cad19e59,d2fa3c20a,,,0530be227f4a10c5545cce8d3db20ac5a4d76a66,REVIEW_REQUIRED,Unknown,false,REVIEW_REQUIRED,CPAL-1.0,REVIEW,no path match in OpenProj baseline; classify origin manually,
modules/microproject_ui/src/test/java/com/microproject/dialog/PopupEscapeAuditTest.java,microproject_ui,test,HEAD,449f6e1fdeabf0108ed96b62809155441f1c9dab05fcf9699194b340ea8087c9,d2fa3c20a,,,0530be227f4a10c5545cce8d3db20ac5a4d76a66,REVIEW_REQUIRED,Unknown,false,REVIEW_REQUIRED,REVIEW_REQUIRED,REVIEW,no path match in OpenProj baseline; classify origin manually,
modules/microproject_ui/src/test/java/com/microproject/dialog/ProjectDialogTest.java,microproject_ui,test,HEAD,1fc19bc4ae078444d76ff006044267e9d1c2dd5db0fb55c55eb3873683d52d14,d2fa3c20a,,,0530be227f4a10c5545cce8d3db20ac5a4d76a66,REVIEW_REQUIRED,Unknown,false,REVIEW_REQUIRED,REVIEW_REQUIRED,REVIEW,no path match in OpenProj baseline; classify origin manually,
modules/microproject_ui/src/test/java/com/microproject/dialog/RecurringTaskDialogTest.java,microproject_ui,test,HEAD,0876b26d9619d10c031d67b35f623b5711974d3bf1d55f9f7548ce1ea85dfe95,d2fa3c20a,,,0530be227f4a10c5545cce8d3db20ac5a4d76a66,REVIEW_REQUIRED,Unknown,false,REVIEW_REQUIRED,REVIEW_REQUIRED,REVIEW,no path match in OpenProj baseline; classify origin manually,
modules/microproject_ui/src/test/java/com/microproject/dialog/TaskCalendarOptionsDiagnostic.java,microproject_ui,test,HEAD,ee591e14745d80053744d6049ce1e01c1cf0d6b6146a81626d7828ba9bb0b396,d2fa3c20a,,,0530be227f4a10c5545cce8d3db20ac5a4d76a66,REVIEW_REQUIRED,Unknown,false,REVIEW_REQUIRED,REVIEW_REQUIRED,REVIEW,no path match in OpenProj baseline; classify origin manually,
modules/microproject_ui/src/test/java/com/microproject/dialog/TaskInformationAdvancedComboBoxDiagnostic.java,microproject_ui,test,HEAD,42c2792461535924f5ec4d8b93498d7c6e1ebbd2c73aa82bb21d0c28f66dea0f,d2fa3c20a,,,0530be227f4a10c5545cce8d3db20ac5a4d76a66,REVIEW_REQUIRED,Unknown,false,REVIEW_REQUIRED,REVIEW_REQUIRED,REVIEW,no path match in OpenProj baseline; classify origin manually,
modules/microproject_ui/src/test/java/com/microproject/dialog/TaskInformationComboboxContentTest.java,microproject_ui,test,HEAD,b48c342d07229dd2bef66b93679174ac18a17192d44205bd8e0a7ccd0cb534e1,d2fa3c20a,,,0530be227f4a10c5545cce8d3db20ac5a4d76a66,REVIEW_REQUIRED,Unknown,false,REVIEW_REQUIRED,REVIEW_REQUIRED,REVIEW,no path match in OpenProj baseline; classify origin manually,
modules/microproject_ui/src/test/java/com/microproject/dialog/TaskInformationDialogDependencyTest.java,microproject_ui,test,HEAD,dcf69faebbb921f47dcac3ebb298f2bee73b58c502b42b20e58a0f78da272247,d2fa3c20a,,,0530be227f4a10c5545cce8d3db20ac5a4d76a66,REVIEW_REQUIRED,Unknown,false,REVIEW_REQUIRED,REVIEW_REQUIRED,REVIEW,no path match in OpenProj baseline; classify origin manually,
modules/microproject_ui/src/test/java/com/microproject/dialog/TaskInformationDialogGeneralPanelTest.java,microproject_ui,test,HEAD,bc54ccee5a22e29b02df38dea1ec2044dbcfefa70b42fe10b2ceee621d0be3cb,d2fa3c20a,,,0530be227f4a10c5545cce8d3db20ac5a4d76a66,REVIEW_REQUIRED,Unknown,false,REVIEW_REQUIRED,REVIEW_REQUIRED,REVIEW,no path match in OpenProj baseline; classify origin manually,
modules/microproject_ui/src/test/java/com/microproject/dialog/UpdateCheckerTest.java,microproject_ui,test,HEAD,365b71efd141265c41da53d0db588da963e88a4ef4829452f40cab57646886aa,d2fa3c20a,,,0530be227f4a10c5545cce8d3db20ac5a4d76a66,REVIEW_REQUIRED,Unknown,false,REVIEW_REQUIRED,REVIEW_REQUIRED,REVIEW,no path match in OpenProj baseline; classify origin manually,
modules/microproject_ui/src/test/java/com/microproject/dialog/WelcomeDialogRecentProjectRendererTest.java,microproject_ui,test,HEAD,7140202f0e9d1399be7f760ab400aa52a4792f224037779a04b97a38122cf5e4,d2fa3c20a,,,0530be227f4a10c5545cce8d3db20ac5a4d76a66,REVIEW_REQUIRED,Unknown,false,REVIEW_REQUIRED,REVIEW_REQUIRED,REVIEW,no path match in OpenProj baseline; classify origin manually,
modules/microproject_ui/src/test/java/com/microproject/dialog/calendar/CalendarViewRenderingTest.java,microproject_ui,test,HEAD,1a19e4be5de09a5ce78b1528a212de98334bc76c09267b6a44702860ede20618,d2fa3c20a,,,0530be227f4a10c5545cce8d3db20ac5a4d76a66,REVIEW_REQUIRED,Unknown,false,REVIEW_REQUIRED,REVIEW_REQUIRED,REVIEW,no path match in OpenProj baseline; classify origin manually,
modules/microproject_ui/src/test/java/com/microproject/dialog/calendar/ChangeWorkingTimeDialogBoxSaveTest.java,microproject_ui,test,HEAD,6d1c75fb1e91d9ae086b0c65469a6076376b96f76e64215bc0fbfcc6d5958ab1,d2fa3c20a,,,0530be227f4a10c5545cce8d3db20ac5a4d76a66,REVIEW_REQUIRED,Unknown,false,REVIEW_REQUIRED,REVIEW_REQUIRED,REVIEW,no path match in OpenProj baseline; classify origin manually,
modules/microproject_ui/src/test/java/com/microproject/dialog/calendar/IntervalsTraversalTest.java,microproject_ui,test,HEAD,e03f3f2414174aa00410a75c8f090511a2e1eb58fd845dd6333cf40c86373844,d2fa3c20a,,,0530be227f4a10c5545cce8d3db20ac5a4d76a66,REVIEW_REQUIRED,Unknown,false,REVIEW_REQUIRED,REVIEW_REQUIRED,REVIEW,no path match in OpenProj baseline; classify origin manually,
modules/microproject_ui/src/test/java/com/microproject/dialog/options/CalendarDialogBoxTest.java,microproject_ui,test,HEAD,e11aa5f323956b9d27ef62050a0178070244ba0253556d3cc33354584f7ab73b,d2fa3c20a,,,0530be227f4a10c5545cce8d3db20ac5a4d76a66,REVIEW_REQUIRED,Unknown,false,REVIEW_REQUIRED,REVIEW_REQUIRED,REVIEW,no path match in OpenProj baseline; classify origin manually,
modules/microproject_ui/src/test/java/com/microproject/dialog/util/FixedSizeFilterTest.java,microproject_ui,test,HEAD,6238863f25f0773dc676272ed25814debcdd305eb265531bd22bb0503d59f226,d2fa3c20a,,,0530be227f4a10c5545cce8d3db20ac5a4d76a66,REVIEW_REQUIRED,Unknown,false,REVIEW_REQUIRED,REVIEW_REQUIRED,REVIEW,no path match in OpenProj baseline; classify origin manually,
modules/microproject_ui/src/test/java/com/microproject/dialog/util/ProjectLibreDateFieldTest.java,microproject_ui,test,HEAD,e46b2627a2d836a3fc0e44ff3ca964b69811cc10f61355bacbae2e68f26d5584,d2fa3c20a,,,0530be227f4a10c5545cce8d3db20ac5a4d76a66,REVIEW_REQUIRED,Unknown,false,REVIEW_REQUIRED,REVIEW_REQUIRED,REVIEW,no path match in OpenProj baseline; classify origin manually,
modules/microproject_ui/src/test/java/com/microproject/export/ExportJobSchedulerTest.java,microproject_ui,test,HEAD,ec6edecc26b376b81baa7fce79406857a1c4bf7184d2bf15ad231b7fa900cbbd,d2fa3c20a,,,0530be227f4a10c5545cce8d3db20ac5a4d76a66,REVIEW_REQUIRED,Unknown,false,REVIEW_REQUIRED,REVIEW_REQUIRED,REVIEW,no path match in OpenProj baseline; classify origin manually,
modules/microproject_ui/src/test/java/com/microproject/export/ImageExportTest.java,microproject_ui,test,HEAD,4505495933b0239a83878f3d7a2801b9417498ccf09b003a13ad0911f43a3022,d2fa3c20a,,,0530be227f4a10c5545cce8d3db20ac5a4d76a66,REVIEW_REQUIRED,Unknown,false,REVIEW_REQUIRED,REVIEW_REQUIRED,REVIEW,no path match in OpenProj baseline; classify origin manually,
modules/microproject_ui/src/test/java/com/microproject/integration/PackagedImportSmokeMain.java,microproject_ui,test,HEAD,f41d7105feb673d0b5d53d74f1b0ade3fc328f2ea117264e23720202b899b28b,d2fa3c20a,,,0530be227f4a10c5545cce8d3db20ac5a4d76a66,REVIEW_REQUIRED,Unknown,false,REVIEW_REQUIRED,REVIEW_REQUIRED,REVIEW,no path match in OpenProj baseline; classify origin manually,
modules/microproject_ui/src/test/java/com/microproject/main/MainArgumentsTest.java,microproject_ui,test,HEAD,fc873b8d109d29a8f86b806f13bc1236084fa1098aa5551d7436e94185530f6b,d2fa3c20a,,,0530be227f4a10c5545cce8d3db20ac5a4d76a66,REVIEW_REQUIRED,Unknown,false,REVIEW_REQUIRED,REVIEW_REQUIRED,REVIEW,no path match in OpenProj baseline; classify origin manually,
modules/microproject_ui/src/test/java/com/microproject/menu/HyperLinkToolTipTest.java,microproject_ui,test,HEAD,0c6c3fa1dbf9ca8339c691d4bda2eb04a226605e102fbbd3d9ce00b4cacc54f8,d2fa3c20a,,,0530be227f4a10c5545cce8d3db20ac5a4d76a66,REVIEW_REQUIRED,Unknown,false,REVIEW_REQUIRED,REVIEW_REQUIRED,REVIEW,no path match in OpenProj baseline; classify origin manually,
modules/microproject_ui/src/test/java/com/microproject/menu/RibbonAndToolbarButtonTest.java,microproject_ui,test,HEAD,58dc02859847174cfb77dbe587839948d25494a7664040b30979a02933ea02b7,d2fa3c20a,,,0530be227f4a10c5545cce8d3db20ac5a4d76a66,REVIEW_REQUIRED,Unknown,false,REVIEW_REQUIRED,REVIEW_REQUIRED,REVIEW,no path match in OpenProj baseline; classify origin manually,
modules/microproject_ui/src/test/java/com/microproject/menu/RibbonStructureTest.java,microproject_ui,test,HEAD,c212c54ead077a545bc3a750bae2f983e133daf9f9f8531fbb0d225b783dc852,d2fa3c20a,,,0530be227f4a10c5545cce8d3db20ac5a4d76a66,REVIEW_REQUIRED,Unknown,false,REVIEW_REQUIRED,REVIEW_REQUIRED,REVIEW,no path match in OpenProj baseline; classify origin manually,
modules/microproject_ui/src/test/java/com/microproject/menu/RibbonUiAuditTest.java,microproject_ui,test,HEAD,199375c7717eb644c17732035a607dadbc8c511ddd7aba444e537193c322fb9f,d2fa3c20a,,,0530be227f4a10c5545cce8d3db20ac5a4d76a66,REVIEW_REQUIRED,Unknown,false,REVIEW_REQUIRED,REVIEW_REQUIRED,REVIEW,no path match in OpenProj baseline; classify origin manually,
modules/microproject_ui/src/test/java/com/microproject/menu/testsupport/ButtonVisibilityValidator.java,microproject_ui,test,HEAD,7e0921b8bd9ae448e7af62dac46f5c70dc0b2ddeb495b791eda4cd4e00f6fb52,d2fa3c20a,,,0530be227f4a10c5545cce8d3db20ac5a4d76a66,REVIEW_REQUIRED,Unknown,false,REVIEW_REQUIRED,REVIEW_REQUIRED,REVIEW,no path match in OpenProj baseline; classify origin manually,
modules/microproject_ui/src/test/java/com/microproject/menu/testsupport/MenuDefinitionSupport.java,microproject_ui,test,HEAD,a43e89497a49aaa7e39b9d26c390b0a31378a2f95d20de9d227472c1b71dbfa4,d2fa3c20a,,,0530be227f4a10c5545cce8d3db20ac5a4d76a66,REVIEW_REQUIRED,Unknown,false,REVIEW_REQUIRED,REVIEW_REQUIRED,REVIEW,no path match in OpenProj baseline; classify origin manually,
modules/microproject_ui/src/test/java/com/microproject/menu/testsupport/RibbonDuplicationAuditSupport.java,microproject_ui,test,HEAD,55c578a3e638dd75ccebeeba2552f6543c9a4c1b7e418e606e4415949afba7b1,d2fa3c20a,,,0530be227f4a10c5545cce8d3db20ac5a4d76a66,REVIEW_REQUIRED,Unknown,false,REVIEW_REQUIRED,REVIEW_REQUIRED,REVIEW,no path match in OpenProj baseline; classify origin manually,
modules/microproject_ui/src/test/java/com/microproject/menu/testsupport/RibbonIconAuditSupport.java,microproject_ui,test,HEAD,55ce77061b6694ba265184816f7448a1204a86c025775a7a2b640201a45defb6,d2fa3c20a,,,0530be227f4a10c5545cce8d3db20ac5a4d76a66,REVIEW_REQUIRED,Unknown,false,REVIEW_REQUIRED,REVIEW_REQUIRED,REVIEW,no path match in OpenProj baseline; classify origin manually,
modules/microproject_ui/src/test/java/com/microproject/menu/testsupport/RibbonInventory.java,microproject_ui,test,HEAD,f1b157052cf305a3888f2ff89e8353a603a33c4779d1b93c46b72b10928e9db7,d2fa3c20a,,,0530be227f4a10c5545cce8d3db20ac5a4d76a66,REVIEW_REQUIRED,Unknown,false,REVIEW_REQUIRED,REVIEW_REQUIRED,REVIEW,no path match in OpenProj baseline; classify origin manually,
modules/microproject_ui/src/test/java/com/microproject/menu/testsupport/RibbonLinkAuditSupport.java,microproject_ui,test,HEAD,6261acffee5f6b77269ba82c8614228e500541d7beab1ddc06d01140ce0a1689,d2fa3c20a,,,0530be227f4a10c5545cce8d3db20ac5a4d76a66,REVIEW_REQUIRED,Unknown,false,REVIEW_REQUIRED,REVIEW_REQUIRED,REVIEW,no path match in OpenProj baseline; classify origin manually,
modules/microproject_ui/src/test/java/com/microproject/menu/testsupport/UiComponentWalker.java,microproject_ui,test,HEAD,8f1f501d7cee6fda08b374e0253e8aa00138d5cafe9e48efbccbe1937eecc877,d2fa3c20a,,,0530be227f4a10c5545cce8d3db20ac5a4d76a66,REVIEW_REQUIRED,Unknown,false,REVIEW_REQUIRED,REVIEW_REQUIRED,REVIEW,no path match in OpenProj baseline; classify origin manually,
modules/microproject_ui/src/test/java/com/microproject/pm/graphic/IconManagerRibbonIconTest.java,microproject_ui,test,HEAD,763c3e5b2ba5f568c71f5707ebb0ffc5a1c556059379ccdb728dfacc023a95a4,d2fa3c20a,,,0530be227f4a10c5545cce8d3db20ac5a4d76a66,REVIEW_REQUIRED,Unknown,false,REVIEW_REQUIRED,REVIEW_REQUIRED,REVIEW,no path match in OpenProj baseline; classify origin manually,
modules/microproject_ui/src/test/java/com/microproject/pm/graphic/IconManagerScalingTest.java,microproject_ui,test,HEAD,010cc68989bde863998ccc04652137f25edc8486917d78c39ffb24cc1b0b4591,d2fa3c20a,,,0530be227f4a10c5545cce8d3db20ac5a4d76a66,REVIEW_REQUIRED,Unknown,false,REVIEW_REQUIRED,REVIEW_REQUIRED,REVIEW,no path match in OpenProj baseline; classify origin manually,
modules/microproject_ui/src/test/java/com/microproject/pm/graphic/TaskFontStyleTest.java,microproject_ui,test,HEAD,97affa9e5f8eecf36752ac271e2ec981ff4a1510ea2d74552a5c0ecf409c7872,d2fa3c20a,,,0530be227f4a10c5545cce8d3db20ac5a4d76a66,REVIEW_REQUIRED,Unknown,false,REVIEW_REQUIRED,REVIEW_REQUIRED,REVIEW,no path match in OpenProj baseline; classify origin manually,
modules/microproject_ui/src/test/java/com/microproject/pm/graphic/UiInputArchitectureTest.java,microproject_ui,test,HEAD,0d8970fe3a009dd05b42a20ce446c2b6936d5d22df6e7ba53513bf4f4feb44d5,d2fa3c20a,,,0530be227f4a10c5545cce8d3db20ac5a4d76a66,REVIEW_REQUIRED,Unknown,false,REVIEW_REQUIRED,REVIEW_REQUIRED,REVIEW,no path match in OpenProj baseline; classify origin manually,
modules/microproject_ui/src/test/java/com/microproject/pm/graphic/chart/ChartHeaderThemeTest.java,microproject_ui,test,HEAD,28589cdc040e90c2466f644b9feec9af46ecfc142a6b63f2368493e111d802e7,d2fa3c20a,,,0530be227f4a10c5545cce8d3db20ac5a4d76a66,REVIEW_REQUIRED,Unknown,false,REVIEW_REQUIRED,REVIEW_REQUIRED,REVIEW,no path match in OpenProj baseline; classify origin manually,
modules/microproject_ui/src/test/java/com/microproject/pm/graphic/chart/ChartHelperColorTest.java,microproject_ui,test,HEAD,d95270fe620b81014804b5c93210ce571edc7dcde23db0232559b987ec1b668a,d2fa3c20a,,,0530be227f4a10c5545cce8d3db20ac5a4d76a66,REVIEW_REQUIRED,Unknown,false,REVIEW_REQUIRED,REVIEW_REQUIRED,REVIEW,no path match in OpenProj baseline; classify origin manually,
modules/microproject_ui/src/test/java/com/microproject/pm/graphic/chart/ChartInfoCacheTest.java,microproject_ui,test,HEAD,57a30ccf89c596f0639b1a20a88b6dbba54a02ad34ec8e555a2752e5b51ef523,d2fa3c20a,,,0530be227f4a10c5545cce8d3db20ac5a4d76a66,REVIEW_REQUIRED,Unknown,false,REVIEW_REQUIRED,REVIEW_REQUIRED,REVIEW,no path match in OpenProj baseline; classify origin manually,
modules/microproject_ui/src/test/java/com/microproject/pm/graphic/chart/ChartInfoWorkspaceTest.java,microproject_ui,test,HEAD,80a9c9f2c0c7b638c9c0d88dbad110116befa9a514c7a6e62ec822442dbfaf6b,d2fa3c20a,,,0530be227f4a10c5545cce8d3db20ac5a4d76a66,REVIEW_REQUIRED,Unknown,false,REVIEW_REQUIRED,REVIEW_REQUIRED,REVIEW,no path match in OpenProj baseline; classify origin manually,
modules/microproject_ui/src/test/java/com/microproject/pm/graphic/chart/ChartModeTest.java,microproject_ui,test,HEAD,74469b47f020361234d9fc4a14be438879eee4560f296a922bd26f89a8eb4559,d2fa3c20a,,,0530be227f4a10c5545cce8d3db20ac5a4d76a66,REVIEW_REQUIRED,Unknown,false,REVIEW_REQUIRED,REVIEW_REQUIRED,REVIEW,no path match in OpenProj baseline; classify origin manually,
modules/microproject_ui/src/test/java/com/microproject/pm/graphic/chart/ChartModelResourceGraphTest.java,microproject_ui,test,HEAD,b256252023ac39bd8488630f718c032c6950523dd368b3e24f2f5f372fa47e7e,d2fa3c20a,,,0530be227f4a10c5545cce8d3db20ac5a4d76a66,REVIEW_REQUIRED,Unknown,false,REVIEW_REQUIRED,REVIEW_REQUIRED,REVIEW,no path match in OpenProj baseline; classify origin manually,
modules/microproject_ui/src/test/java/com/microproject/pm/graphic/frames/ApplicationStartupFactoryProjectIdTest.java,microproject_ui,test,HEAD,f7f0a3e135abc8cee29982ec76ac82b7519a86915b34ecce207c5affe2a9126d,d2fa3c20a,,,0530be227f4a10c5545cce8d3db20ac5a4d76a66,REVIEW_REQUIRED,Unknown,false,REVIEW_REQUIRED,REVIEW_REQUIRED,REVIEW,no path match in OpenProj baseline; classify origin manually,
modules/microproject_ui/src/test/java/com/microproject/pm/graphic/frames/AutoRecoveryManagerConcurrencyTest.java,microproject_ui,test,HEAD,9f8403982e3ed6996286c464301f6f0e9368b28a3eca888c77fcb4280d0c235e,d2fa3c20a,,,0530be227f4a10c5545cce8d3db20ac5a4d76a66,REVIEW_REQUIRED,Unknown,false,REVIEW_REQUIRED,REVIEW_REQUIRED,REVIEW,no path match in OpenProj baseline; classify origin manually,
modules/microproject_ui/src/test/java/com/microproject/pm/graphic/frames/CommandRouteMatrixTest.java,microproject_ui,test,HEAD,9cd5e19ea042610adc17bdd6b72949b05e8b514931fae2b921f308a8ae319470,d2fa3c20a,,,0530be227f4a10c5545cce8d3db20ac5a4d76a66,REVIEW_REQUIRED,Unknown,false,REVIEW_REQUIRED,REVIEW_REQUIRED,REVIEW,no path match in OpenProj baseline; classify origin manually,
modules/microproject_ui/src/test/java/com/microproject/pm/graphic/frames/DocumentFrameHierarchyCommandTest.java,microproject_ui,test,HEAD,444aa3beae1cf4ad1200fd271666311e2818b6afd27b6a3a1af756c4fc520944,d2fa3c20a,,,0530be227f4a10c5545cce8d3db20ac5a4d76a66,REVIEW_REQUIRED,Unknown,false,REVIEW_REQUIRED,REVIEW_REQUIRED,REVIEW,no path match in OpenProj baseline; classify origin manually,
modules/microproject_ui/src/test/java/com/microproject/pm/graphic/frames/DocumentGenerationTest.java,microproject_ui,test,HEAD,2227c2b9c63f0605715864046ebcc7a5c81a2d83610ab3e01177ab30a2ed7da9,d2fa3c20a,,,0530be227f4a10c5545cce8d3db20ac5a4d76a66,REVIEW_REQUIRED,Unknown,false,REVIEW_REQUIRED,REVIEW_REQUIRED,REVIEW,no path match in OpenProj baseline; classify origin manually,
modules/microproject_ui/src/test/java/com/microproject/pm/graphic/frames/DocumentStatusBarTest.java,microproject_ui,test,HEAD,4555e2ea9509bcfda6c3f74a6f7dc4451e78407f9232242f2b84030eb85c3ec5,d2fa3c20a,,,0530be227f4a10c5545cce8d3db20ac5a4d76a66,REVIEW_REQUIRED,Unknown,false,REVIEW_REQUIRED,REVIEW_REQUIRED,REVIEW,no path match in OpenProj baseline; classify origin manually,
modules/microproject_ui/src/test/java/com/microproject/pm/graphic/frames/GraphicManagerContextualRibbonDescriptorTest.java,microproject_ui,test,HEAD,5da663bb230c03f3cb925318de11105dc0c5551daf310ab2d7880bd80d97fa00,d2fa3c20a,,,0530be227f4a10c5545cce8d3db20ac5a4d76a66,REVIEW_REQUIRED,Unknown,false,REVIEW_REQUIRED,REVIEW_REQUIRED,REVIEW,no path match in OpenProj baseline; classify origin manually,
modules/microproject_ui/src/test/java/com/microproject/pm/graphic/frames/GraphicManagerLinkRouteTest.java,microproject_ui,test,HEAD,4fc22e37b34399e3a7a57781349be4421cbf0d96615c7fe9b6b5f2f43aa09bae,d2fa3c20a,,,0530be227f4a10c5545cce8d3db20ac5a4d76a66,REVIEW_REQUIRED,Unknown,false,REVIEW_REQUIRED,REVIEW_REQUIRED,REVIEW,no path match in OpenProj baseline; classify origin manually,
modules/microproject_ui/src/test/java/com/microproject/pm/graphic/frames/GraphicManagerQuitLifecycleTest.java,microproject_ui,test,HEAD,2ea450f9c4bac9b7d56f767dfc384cd8631d229dbdebc306e3f237931b00dd96,d2fa3c20a,,,0530be227f4a10c5545cce8d3db20ac5a4d76a66,REVIEW_REQUIRED,Unknown,false,REVIEW_REQUIRED,REVIEW_REQUIRED,REVIEW,no path match in OpenProj baseline; classify origin manually,
modules/microproject_ui/src/test/java/com/microproject/pm/graphic/frames/GraphicManagerTaskInformationRoutingTest.java,microproject_ui,test,HEAD,f8247e7c0552248e0e32271e55745d7caf680b5ce76f3e7f2b552631e07d4432,d2fa3c20a,,,0530be227f4a10c5545cce8d3db20ac5a4d76a66,REVIEW_REQUIRED,Unknown,false,REVIEW_REQUIRED,REVIEW_REQUIRED,REVIEW,no path match in OpenProj baseline; classify origin manually,
modules/microproject_ui/src/test/java/com/microproject/pm/graphic/frames/GraphicManagerTemplateParseTest.java,microproject_ui,test,HEAD,37a29f36f8026a0948539f7bf1f82c899600e1b1651e54ea31c0b25ed01ae550,d2fa3c20a,,,0530be227f4a10c5545cce8d3db20ac5a4d76a66,REVIEW_REQUIRED,Unknown,false,REVIEW_REQUIRED,REVIEW_REQUIRED,REVIEW,no path match in OpenProj baseline; classify origin manually,
modules/microproject_ui/src/test/java/com/microproject/pm/graphic/frames/MainRibbonFrameReflectionTest.java,microproject_ui,test,HEAD,84f8bf0a0d4f1cd76371c102e0e99106c5136b57913e46ba782f8bd315f163bf,d2fa3c20a,,,0530be227f4a10c5545cce8d3db20ac5a4d76a66,REVIEW_REQUIRED,Unknown,false,REVIEW_REQUIRED,REVIEW_REQUIRED,REVIEW,no path match in OpenProj baseline; classify origin manually,
modules/microproject_ui/src/test/java/com/microproject/pm/graphic/frames/MicrosoftShortcutsRootPaneTest.java,microproject_ui,test,HEAD,9d07590f54fb67aeb9489914d53770f48cfc420120eb2e6f30071952d4b3e543,d2fa3c20a,,,0530be227f4a10c5545cce8d3db20ac5a4d76a66,REVIEW_REQUIRED,Unknown,false,REVIEW_REQUIRED,REVIEW_REQUIRED,REVIEW,no path match in OpenProj baseline; classify origin manually,
modules/microproject_ui/src/test/java/com/microproject/pm/graphic/frames/RecurringTaskCoordinatorTest.java,microproject_ui,test,HEAD,2df279ccd5a8ffc04b111f4228918caba26bdd9c51617a829217501e09efe079,d2fa3c20a,,,0530be227f4a10c5545cce8d3db20ac5a4d76a66,REVIEW_REQUIRED,Unknown,false,REVIEW_REQUIRED,REVIEW_REQUIRED,REVIEW,no path match in OpenProj baseline; classify origin manually,
modules/microproject_ui/src/test/java/com/microproject/pm/graphic/frames/RecurringTaskInsertionServiceTest.java,microproject_ui,test,HEAD,01971694a2f96c146e46ee4b76ba4f3231d0a4c0e930042aedce07609c7d9839,d2fa3c20a,,,0530be227f4a10c5545cce8d3db20ac5a4d76a66,REVIEW_REQUIRED,Unknown,false,REVIEW_REQUIRED,REVIEW_REQUIRED,REVIEW,no path match in OpenProj baseline; classify origin manually,
modules/microproject_ui/src/test/java/com/microproject/pm/graphic/frames/RibbonButtonBehaviorTest.java,microproject_ui,test,HEAD,80b248f7c61750a97866af35acfad4f6960ab56ef85537bef806c8a718f38d6d,d2fa3c20a,,,0530be227f4a10c5545cce8d3db20ac5a4d76a66,REVIEW_REQUIRED,Unknown,false,REVIEW_REQUIRED,REVIEW_REQUIRED,REVIEW,no path match in OpenProj baseline; classify origin manually,
modules/microproject_ui/src/test/java/com/microproject/pm/graphic/frames/StartupFactoryCommandStateTest.java,microproject_ui,test,HEAD,c79f7155987405e8143da12ee9411b29daa0de1358463c9a273d95ffe1b1d20d,d2fa3c20a,,,0530be227f4a10c5545cce8d3db20ac5a4d76a66,REVIEW_REQUIRED,Unknown,false,REVIEW_REQUIRED,REVIEW_REQUIRED,REVIEW,no path match in OpenProj baseline; classify origin manually,
modules/microproject_ui/src/test/java/com/microproject/pm/graphic/frames/TaskVisibilitySelectionResolverTest.java,microproject_ui,test,HEAD,d4d96ea3dfb83073879d9a7e8a6c7846157e474b2ca13bb073527b085721e70d,d2fa3c20a,,,0530be227f4a10c5545cce8d3db20ac5a4d76a66,REVIEW_REQUIRED,Unknown,false,REVIEW_REQUIRED,REVIEW_REQUIRED,REVIEW,no path match in OpenProj baseline; classify origin manually,
modules/microproject_ui/src/test/java/com/microproject/pm/graphic/frames/TaskVisibilityServiceTest.java,microproject_ui,test,HEAD,27bf6dd9984f71c16445de6b5c158ac0446f4a2f307c1dc73c2d03be41181e8e,d2fa3c20a,,,0530be227f4a10c5545cce8d3db20ac5a4d76a66,REVIEW_REQUIRED,Unknown,false,REVIEW_REQUIRED,REVIEW_REQUIRED,REVIEW,no path match in OpenProj baseline; classify origin manually,
modules/microproject_ui/src/test/java/com/microproject/pm/graphic/frames/workspace/DefaultFrameManagerTest.java,microproject_ui,test,HEAD,a56c26609c3c6cc1dcc1fddca1f969ea2ed778947b45cc73f24b60f98b70c01c,d2fa3c20a,,,0530be227f4a10c5545cce8d3db20ac5a4d76a66,REVIEW_REQUIRED,Unknown,false,REVIEW_REQUIRED,REVIEW_REQUIRED,REVIEW,no path match in OpenProj baseline; classify origin manually,
modules/microproject_ui/src/test/java/com/microproject/pm/graphic/gantt/GanttAnnotationVisibilityTest.java,microproject_ui,test,HEAD,95b2d7c7e666191c0780237f63e25bdce1fb0c16c0263770c1653eb24013c5ad,d2fa3c20a,,,0530be227f4a10c5545cce8d3db20ac5a4d76a66,REVIEW_REQUIRED,Unknown,false,REVIEW_REQUIRED,REVIEW_REQUIRED,REVIEW,no path match in OpenProj baseline; classify origin manually,
modules/microproject_ui/src/test/java/com/microproject/pm/graphic/gantt/GanttBarFormatDialogTest.java,microproject_ui,test,HEAD,370fa6b4a9b79289871cb5c5838ee56fba5816f0a51adbf736b30b5af51ff451,d2fa3c20a,,,0530be227f4a10c5545cce8d3db20ac5a4d76a66,REVIEW_REQUIRED,Unknown,false,REVIEW_REQUIRED,REVIEW_REQUIRED,REVIEW,no path match in OpenProj baseline; classify origin manually,
modules/microproject_ui/src/test/java/com/microproject/pm/graphic/gantt/GanttCriticalTaskColorTest.java,microproject_ui,test,HEAD,cf493e20b9d04f347dc1d252427e6514264b98c9c58fc7ab8f804b982008cddd,d2fa3c20a,,,0530be227f4a10c5545cce8d3db20ac5a4d76a66,REVIEW_REQUIRED,Unknown,false,REVIEW_REQUIRED,REVIEW_REQUIRED,REVIEW,no path match in OpenProj baseline; classify origin manually,
modules/microproject_ui/src/test/java/com/microproject/pm/graphic/gantt/GanttInteractorDragTest.java,microproject_ui,test,HEAD,9b7b0d4e7d3b54fd4c3f21e77a8ecc9f3dc2e5fd94044f6631e464849b62e1b6,d2fa3c20a,,,0530be227f4a10c5545cce8d3db20ac5a4d76a66,REVIEW_REQUIRED,Unknown,false,REVIEW_REQUIRED,REVIEW_REQUIRED,REVIEW,no path match in OpenProj baseline; classify origin manually,
modules/microproject_ui/src/test/java/com/microproject/pm/graphic/gantt/GanttRendererProgressTest.java,microproject_ui,test,HEAD,7508d8456bdf9c6c1a6ae23a7080a503c051132c51eaa2cd9bbd20c6a829ea73,d2fa3c20a,,,0530be227f4a10c5545cce8d3db20ac5a4d76a66,REVIEW_REQUIRED,Unknown,false,REVIEW_REQUIRED,REVIEW_REQUIRED,REVIEW,no path match in OpenProj baseline; classify origin manually,
modules/microproject_ui/src/test/java/com/microproject/pm/graphic/gantt/GanttRendererSelectedRowTest.java,microproject_ui,test,HEAD,1161da23f855f760980ed1d27c5078765684070cb0f69315a337b3f3d17a2b21,d2fa3c20a,,,0530be227f4a10c5545cce8d3db20ac5a4d76a66,REVIEW_REQUIRED,Unknown,false,REVIEW_REQUIRED,REVIEW_REQUIRED,REVIEW,no path match in OpenProj baseline; classify origin manually,
modules/microproject_ui/src/test/java/com/microproject/pm/graphic/gantt/GanttRendererSupportTest.java,microproject_ui,test,HEAD,969e36c0b651bf747aa7dea680ab4351c666623c11e8620819364bcd4e5ca8ae,d2fa3c20a,,,0530be227f4a10c5545cce8d3db20ac5a4d76a66,REVIEW_REQUIRED,Unknown,false,REVIEW_REQUIRED,REVIEW_REQUIRED,REVIEW,no path match in OpenProj baseline; classify origin manually,
modules/microproject_ui/src/test/java/com/microproject/pm/graphic/gantt/GanttRendererVisibilityTest.java,microproject_ui,test,HEAD,46de2849bc1dec275ad6687b86eff4bcaef229d5e88a58427a9dc100b8b562e8,d2fa3c20a,,,0530be227f4a10c5545cce8d3db20ac5a4d76a66,REVIEW_REQUIRED,Unknown,false,REVIEW_REQUIRED,REVIEW_REQUIRED,REVIEW,no path match in OpenProj baseline; classify origin manually,
modules/microproject_ui/src/test/java/com/microproject/pm/graphic/gantt/GanttSelectionGeometrySupportTest.java,microproject_ui,test,HEAD,0672047d30c89bdc20386999ac647007866346510b9ed986ca4028d136e698f3,d2fa3c20a,,,0530be227f4a10c5545cce8d3db20ac5a4d76a66,REVIEW_REQUIRED,Unknown,false,REVIEW_REQUIRED,REVIEW_REQUIRED,REVIEW,no path match in OpenProj baseline; classify origin manually,
modules/microproject_ui/src/test/java/com/microproject/pm/graphic/gantt/GanttWheelZoomTest.java,microproject_ui,test,HEAD,f1ddad714a3b724f788e9572dc4ebdd3a1a5d0c07f39773b4e6726c05fe14125,d2fa3c20a,,,0530be227f4a10c5545cce8d3db20ac5a4d76a66,REVIEW_REQUIRED,Unknown,false,REVIEW_REQUIRED,REVIEW_REQUIRED,REVIEW,no path match in OpenProj baseline; classify origin manually,
modules/microproject_ui/src/test/java/com/microproject/pm/graphic/gantt/TaskTableGanttHundredCasesGanttTest.java,microproject_ui,test,HEAD,463175aeed4511c12b138f906be6f0ca3d633cf58414d5a748f0fb4c3f246eca,d2fa3c20a,,,0530be227f4a10c5545cce8d3db20ac5a4d76a66,REVIEW_REQUIRED,Unknown,false,REVIEW_REQUIRED,REVIEW_REQUIRED,REVIEW,no path match in OpenProj baseline; classify origin manually,
modules/microproject_ui/src/test/java/com/microproject/pm/graphic/graph/event/GraphEventTest.java,microproject_ui,test,HEAD,357e7368adc5d505cc3a6dfc631b5669d2ab650e87589b23e061be9b6b2bce72,d2fa3c20a,,,0530be227f4a10c5545cce8d3db20ac5a4d76a66,REVIEW_REQUIRED,Unknown,false,REVIEW_REQUIRED,REVIEW_REQUIRED,REVIEW,no path match in OpenProj baseline; classify origin manually,
modules/microproject_ui/src/test/java/com/microproject/pm/graphic/link_routing/DefaultNetworkLinkRoutingTest.java,microproject_ui,test,HEAD,4b6d23ec908dfd3791deb78167738f01b198f7f0df3c38fa20e84f83931cdfd2,d2fa3c20a,,,0530be227f4a10c5545cce8d3db20ac5a4d76a66,REVIEW_REQUIRED,Unknown,false,REVIEW_REQUIRED,REVIEW_REQUIRED,REVIEW,no path match in OpenProj baseline; classify origin manually,
modules/microproject_ui/src/test/java/com/microproject/pm/graphic/model/cache/DependencyCacheTraversalTest.java,microproject_ui,test,HEAD,2efa873c6755bb799de996c08e9f675e842108b1b227cb94e823567a194cb8a5,d2fa3c20a,,,0530be227f4a10c5545cce8d3db20ac5a4d76a66,REVIEW_REQUIRED,Unknown,false,REVIEW_REQUIRED,REVIEW_REQUIRED,REVIEW,no path match in OpenProj baseline; classify origin manually,
modules/microproject_ui/src/test/java/com/microproject/pm/graphic/model/cache/GeneralFilteredIteratorTest.java,microproject_ui,test,HEAD,bd47281d3ca363a69631f05e02604af2cf7fbe7501970fbf8674ebd4c1144b7f,d2fa3c20a,,,0530be227f4a10c5545cce8d3db20ac5a4d76a66,REVIEW_REQUIRED,Unknown,false,REVIEW_REQUIRED,REVIEW_REQUIRED,REVIEW,no path match in OpenProj baseline; classify origin manually,
modules/microproject_ui/src/test/java/com/microproject/pm/graphic/model/cache/GraphicNodeIntervalTraversalTest.java,microproject_ui,test,HEAD,8dc10ef5708b6086247f7b5458ad434a82592649145d5eb7c3406c849dcebf0b,d2fa3c20a,,,0530be227f4a10c5545cce8d3db20ac5a4d76a66,REVIEW_REQUIRED,Unknown,false,REVIEW_REQUIRED,REVIEW_REQUIRED,REVIEW,no path match in OpenProj baseline; classify origin manually,
modules/microproject_ui/src/test/java/com/microproject/pm/graphic/model/cache/NodeCacheEventTest.java,microproject_ui,test,HEAD,2db3de3e7025b349e247e405879a72bf928c873448be1a1f285849dc0258c2df,d2fa3c20a,,,0530be227f4a10c5545cce8d3db20ac5a4d76a66,REVIEW_REQUIRED,Unknown,false,REVIEW_REQUIRED,REVIEW_REQUIRED,REVIEW,no path match in OpenProj baseline; classify origin manually,
modules/microproject_ui/src/test/java/com/microproject/pm/graphic/model/cache/NodeCacheEventTraversalTest.java,microproject_ui,test,HEAD,bf3ffe1b3a632c35b9e4d6301974321b9c09b8b293848990b8321b950fe2ec84,d2fa3c20a,,,0530be227f4a10c5545cce8d3db20ac5a4d76a66,REVIEW_REQUIRED,Unknown,false,REVIEW_REQUIRED,REVIEW_REQUIRED,REVIEW,no path match in OpenProj baseline; classify origin manually,
modules/microproject_ui/src/test/java/com/microproject/pm/graphic/model/cache/NodeCacheHierarchyTraversalTest.java,microproject_ui,test,HEAD,1ef2fef53689742933281ab409d5aa0481134bb77876aa398752f9aca12cf635,d2fa3c20a,,,0530be227f4a10c5545cce8d3db20ac5a4d76a66,REVIEW_REQUIRED,Unknown,false,REVIEW_REQUIRED,REVIEW_REQUIRED,REVIEW,no path match in OpenProj baseline; classify origin manually,
modules/microproject_ui/src/test/java/com/microproject/pm/graphic/model/cache/ViewNodeModelCacheHierarchyDependencyTest.java,microproject_ui,test,HEAD,053b352a01515b602d1b4a393a33ef72fceb56cccf54e7e666427ffa63ce049c,d2fa3c20a,,,0530be227f4a10c5545cce8d3db20ac5a4d76a66,REVIEW_REQUIRED,Unknown,false,REVIEW_REQUIRED,REVIEW_REQUIRED,REVIEW,no path match in OpenProj baseline; classify origin manually,
modules/microproject_ui/src/test/java/com/microproject/pm/graphic/model/cache/VisibleElementsTraversalTest.java,microproject_ui,test,HEAD,e1016be1046268e51e26bc5af32010fee4835330abb6a7865e3592c8ce06ccd1,d2fa3c20a,,,0530be227f4a10c5545cce8d3db20ac5a4d76a66,REVIEW_REQUIRED,Unknown,false,REVIEW_REQUIRED,REVIEW_REQUIRED,REVIEW,no path match in OpenProj baseline; classify origin manually,
modules/microproject_ui/src/test/java/com/microproject/pm/graphic/model/event/CacheEventTest.java,microproject_ui,test,HEAD,80b31640a72053156717df18f648cec310f101b043b1ef68f8a6f0aadeaa888b,d2fa3c20a,,,0530be227f4a10c5545cce8d3db20ac5a4d76a66,REVIEW_REQUIRED,Unknown,false,REVIEW_REQUIRED,REVIEW_REQUIRED,REVIEW,no path match in OpenProj baseline; classify origin manually,
modules/microproject_ui/src/test/java/com/microproject/pm/graphic/model/event/CompositeCacheEventTest.java,microproject_ui,test,HEAD,2a804724ead0e37854dbd83b2613c9c51bae920e8c93c2e8f0ec53ae5cd643d7,d2fa3c20a,,,0530be227f4a10c5545cce8d3db20ac5a4d76a66,REVIEW_REQUIRED,Unknown,false,REVIEW_REQUIRED,REVIEW_REQUIRED,REVIEW,no path match in OpenProj baseline; classify origin manually,
modules/microproject_ui/src/test/java/com/microproject/pm/graphic/spreadsheet/SpreadSheetColumnPermissionTest.java,microproject_ui,test,HEAD,4fb23815b4fb705e2aa877623e4e034c8cc0d48d3144cbc07b6127e8dcd46cd9,d2fa3c20a,,,0530be227f4a10c5545cce8d3db20ac5a4d76a66,REVIEW_REQUIRED,Unknown,false,REVIEW_REQUIRED,REVIEW_REQUIRED,REVIEW,no path match in OpenProj baseline; classify origin manually,
modules/microproject_ui/src/test/java/com/microproject/pm/graphic/spreadsheet/SpreadSheetColumnUndoLifecycleTest.java,microproject_ui,test,HEAD,0455b9aeaa8440c30887b179c4892dc3023261b19d982b1a97c0aec1b4cf955f,d2fa3c20a,,,0530be227f4a10c5545cce8d3db20ac5a4d76a66,REVIEW_REQUIRED,Unknown,false,REVIEW_REQUIRED,REVIEW_REQUIRED,REVIEW,no path match in OpenProj baseline; classify origin manually,
modules/microproject_ui/src/test/java/com/microproject/pm/graphic/spreadsheet/SpreadSheetEditingBindingsTest.java,microproject_ui,test,HEAD,1eebceca8eec754c238c4f9875bffbac9bee805c4111f2b29e7524c0f0e9352c,d2fa3c20a,,,0530be227f4a10c5545cce8d3db20ac5a4d76a66,REVIEW_REQUIRED,Unknown,false,REVIEW_REQUIRED,REVIEW_REQUIRED,REVIEW,no path match in OpenProj baseline; classify origin manually,
modules/microproject_ui/src/test/java/com/microproject/pm/graphic/spreadsheet/SpreadSheetHierarchyNavigationTest.java,microproject_ui,test,HEAD,205ec29644e6bbf6c088d06bcd723c2d1fc520ab985c8cdfe4b36adcbeebbfd5,d2fa3c20a,,,0530be227f4a10c5545cce8d3db20ac5a4d76a66,REVIEW_REQUIRED,Unknown,false,REVIEW_REQUIRED,REVIEW_REQUIRED,REVIEW,no path match in OpenProj baseline; classify origin manually,
modules/microproject_ui/src/test/java/com/microproject/pm/graphic/spreadsheet/SpreadSheetModelDependencyFieldRoutingTest.java,microproject_ui,test,HEAD,f75ecc5c1d20900e2dd07151b39edbc5d751ae56360f2c77ad684f97242a4749,d2fa3c20a,,,0530be227f4a10c5545cce8d3db20ac5a4d76a66,REVIEW_REQUIRED,Unknown,false,REVIEW_REQUIRED,REVIEW_REQUIRED,REVIEW,no path match in OpenProj baseline; classify origin manually,
modules/microproject_ui/src/test/java/com/microproject/pm/graphic/spreadsheet/SpreadSheetMouseInteractionTest.java,microproject_ui,test,HEAD,83b5525175220094f1b45535117fb284ec0ac78535e61f90da8b6a640dc520e1,d2fa3c20a,,,0530be227f4a10c5545cce8d3db20ac5a4d76a66,REVIEW_REQUIRED,Unknown,false,REVIEW_REQUIRED,REVIEW_REQUIRED,REVIEW,no path match in OpenProj baseline; classify origin manually,
modules/microproject_ui/src/test/java/com/microproject/pm/graphic/spreadsheet/SpreadSheetUtilsTest.java,microproject_ui,test,HEAD,bc56f4d212c3d0674f9a89274e0afaa9eafa51f8eed769d29c7b436245444a57,d2fa3c20a,,,0530be227f4a10c5545cce8d3db20ac5a4d76a66,REVIEW_REQUIRED,Unknown,false,REVIEW_REQUIRED,REVIEW_REQUIRED,REVIEW,no path match in OpenProj baseline; classify origin manually,
modules/microproject_ui/src/test/java/com/microproject/pm/graphic/spreadsheet/TaskTableGanttHundredCasesSpreadsheetTest.java,microproject_ui,test,HEAD,ed05a37d5d6047cd99c12e9514288ca5ce100f679f9d1a9b8281b72bbd9baba5,d2fa3c20a,,,0530be227f4a10c5545cce8d3db20ac5a4d76a66,REVIEW_REQUIRED,Unknown,false,REVIEW_REQUIRED,REVIEW_REQUIRED,REVIEW,no path match in OpenProj baseline; classify origin manually,
modules/microproject_ui/src/test/java/com/microproject/pm/graphic/spreadsheet/common/CommonSpreadSheetAddNodeCommitTest.java,microproject_ui,test,HEAD,1f94d0015b2b776d1c82fcd2b8677bce27155463be86db66df45f36927641ead,d2fa3c20a,,,0530be227f4a10c5545cce8d3db20ac5a4d76a66,REVIEW_REQUIRED,Unknown,false,REVIEW_REQUIRED,REVIEW_REQUIRED,REVIEW,no path match in OpenProj baseline; classify origin manually,
modules/microproject_ui/src/test/java/com/microproject/pm/graphic/spreadsheet/common/CommonSpreadSheetBackspaceKeyTest.java,microproject_ui,test,HEAD,f72f1a7169599c201fc5e9bfb359bbacad5ddb3cb60a2879a0bcebaccfc30588,d2fa3c20a,,,0530be227f4a10c5545cce8d3db20ac5a4d76a66,REVIEW_REQUIRED,Unknown,false,REVIEW_REQUIRED,REVIEW_REQUIRED,REVIEW,no path match in OpenProj baseline; classify origin manually,
modules/microproject_ui/src/test/java/com/microproject/pm/graphic/spreadsheet/common/CommonSpreadSheetDateSelectionTest.java,microproject_ui,test,HEAD,b04f739dd9e3a74078743932b1bd318c2f76d6a2ba0c7ea684930d4c1a609e0a,d2fa3c20a,,,0530be227f4a10c5545cce8d3db20ac5a4d76a66,REVIEW_REQUIRED,Unknown,false,REVIEW_REQUIRED,REVIEW_REQUIRED,REVIEW,no path match in OpenProj baseline; classify origin manually,
modules/microproject_ui/src/test/java/com/microproject/pm/graphic/spreadsheet/common/CommonSpreadSheetDateTypingTest.java,microproject_ui,test,HEAD,f940cb1e0b521d493ed4410f53a3a43126b7cd3aa46167aa88b5559b7ae3d430,d2fa3c20a,,,0530be227f4a10c5545cce8d3db20ac5a4d76a66,REVIEW_REQUIRED,Unknown,false,REVIEW_REQUIRED,REVIEW_REQUIRED,REVIEW,no path match in OpenProj baseline; classify origin manually,
modules/microproject_ui/src/test/java/com/microproject/pm/graphic/spreadsheet/common/CommonSpreadSheetDurationEditingTest.java,microproject_ui,test,HEAD,5c32cebf6b12a7e94de4bfdcfdc7765af0951c6e6a745a7d605ebce1b0d22825,d2fa3c20a,,,0530be227f4a10c5545cce8d3db20ac5a4d76a66,REVIEW_REQUIRED,Unknown,false,REVIEW_REQUIRED,REVIEW_REQUIRED,REVIEW,no path match in OpenProj baseline; classify origin manually,
modules/microproject_ui/src/test/java/com/microproject/pm/graphic/spreadsheet/common/CommonSpreadSheetImeStartTest.java,microproject_ui,test,HEAD,11d6b36b4afaea9c0e55b77936b0e90dfe9dd9de1d6790bba0d69aafed967fca,d2fa3c20a,,,0530be227f4a10c5545cce8d3db20ac5a4d76a66,REVIEW_REQUIRED,Unknown,false,REVIEW_REQUIRED,REVIEW_REQUIRED,REVIEW,no path match in OpenProj baseline; classify origin manually,
modules/microproject_ui/src/test/java/com/microproject/pm/graphic/spreadsheet/common/CommonSpreadSheetSelectionStateTest.java,microproject_ui,test,HEAD,16e253267122ed92835e0c7842460cdc509df6a8a58cd15ddbf6948e8068488f,d2fa3c20a,,,0530be227f4a10c5545cce8d3db20ac5a4d76a66,REVIEW_REQUIRED,Unknown,false,REVIEW_REQUIRED,REVIEW_REQUIRED,REVIEW,no path match in OpenProj baseline; classify origin manually,
modules/microproject_ui/src/test/java/com/microproject/pm/graphic/spreadsheet/common/CommonSpreadSheetSummaryScheduleEditingTest.java,microproject_ui,test,HEAD,72329087e3e525efda26582fb2ad2f94ceb13ed796aa05acc818021d6dbb9e95,d2fa3c20a,,,0530be227f4a10c5545cce8d3db20ac5a4d76a66,REVIEW_REQUIRED,Unknown,false,REVIEW_REQUIRED,REVIEW_REQUIRED,REVIEW,no path match in OpenProj baseline; classify origin manually,
modules/microproject_ui/src/test/java/com/microproject/pm/graphic/spreadsheet/common/transfer/NodeListTransferablePasteFailureTest.java,microproject_ui,test,HEAD,a870e9446e933fd27eadafad6b91b3f4cca6b3bc1cee6e827c4a07685c67e194,d2fa3c20a,,,0530be227f4a10c5545cce8d3db20ac5a4d76a66,REVIEW_REQUIRED,Unknown,false,REVIEW_REQUIRED,REVIEW_REQUIRED,REVIEW,no path match in OpenProj baseline; classify origin manually,
modules/microproject_ui/src/test/java/com/microproject/pm/graphic/spreadsheet/common/transfer/NodeListTransfertActionTest.java,microproject_ui,test,HEAD,f5d8886ad9af8d85248b2e43a1612fea8f08f756d0ed41d5a7ae5b31449114de,d2fa3c20a,,,0530be227f4a10c5545cce8d3db20ac5a4d76a66,REVIEW_REQUIRED,Unknown,false,REVIEW_REQUIRED,REVIEW_REQUIRED,REVIEW,no path match in OpenProj baseline; classify origin manually,
modules/microproject_ui/src/test/java/com/microproject/pm/graphic/spreadsheet/editor/DateEditorBehaviorTest.java,microproject_ui,test,HEAD,9f497b765a0b895dcac5d6fd106750e682ae5263d991ed52c1b6888e133461ed,d2fa3c20a,,,0530be227f4a10c5545cce8d3db20ac5a4d76a66,REVIEW_REQUIRED,Unknown,false,REVIEW_REQUIRED,REVIEW_REQUIRED,REVIEW,no path match in OpenProj baseline; classify origin manually,
modules/microproject_ui/src/test/java/com/microproject/pm/graphic/spreadsheet/editor/EditorSelectionBehaviorTest.java,microproject_ui,test,HEAD,9455b8c35af26cae21badf835e346b34ab7ba4073a62cddd0619a10a75f016ae,d2fa3c20a,,,0530be227f4a10c5545cce8d3db20ac5a4d76a66,REVIEW_REQUIRED,Unknown,false,REVIEW_REQUIRED,REVIEW_REQUIRED,REVIEW,no path match in OpenProj baseline; classify origin manually,
modules/microproject_ui/src/test/java/com/microproject/pm/graphic/spreadsheet/editor/PercentEditorTest.java,microproject_ui,test,HEAD,c8b0addd2882ac8b6374a22c3bee459bcc09a067709562bd191cbc81dc880507,d2fa3c20a,,,0530be227f4a10c5545cce8d3db20ac5a4d76a66,REVIEW_REQUIRED,Unknown,false,REVIEW_REQUIRED,REVIEW_REQUIRED,REVIEW,no path match in OpenProj baseline; classify origin manually,
modules/microproject_ui/src/test/java/com/microproject/pm/graphic/spreadsheet/editor/SpreadSheetCellEditorAdapterDurationFieldTest.java,microproject_ui,test,HEAD,c960a3772f75f11e004e0ef1159bcd0bb8552c545d34fa963d9a62ef58e07363,d2fa3c20a,,,0530be227f4a10c5545cce8d3db20ac5a4d76a66,REVIEW_REQUIRED,Unknown,false,REVIEW_REQUIRED,REVIEW_REQUIRED,REVIEW,no path match in OpenProj baseline; classify origin manually,
modules/microproject_ui/src/test/java/com/microproject/pm/graphic/spreadsheet/editor/YearlessDateInputParserTest.java,microproject_ui,test,HEAD,6b44ea73110b4ec4a421f25b62a78741d1e785bdb8f2ea231c8cf4efcdf20329,d2fa3c20a,,,0530be227f4a10c5545cce8d3db20ac5a4d76a66,REVIEW_REQUIRED,Unknown,false,REVIEW_REQUIRED,REVIEW_REQUIRED,REVIEW,no path match in OpenProj baseline; classify origin manually,
modules/microproject_ui/src/test/java/com/microproject/pm/graphic/spreadsheet/renderer/CellUtilitySelectionCoordinateTest.java,microproject_ui,test,HEAD,65f30de5f530f07ccd603692a3e5a8acf0e459b46758c62738229d009c4cafd4,d2fa3c20a,,,0530be227f4a10c5545cce8d3db20ac5a4d76a66,REVIEW_REQUIRED,Unknown,false,REVIEW_REQUIRED,REVIEW_REQUIRED,REVIEW,no path match in OpenProj baseline; classify origin manually,
modules/microproject_ui/src/test/java/com/microproject/pm/graphic/spreadsheet/renderer/CellUtilitySelectionTest.java,microproject_ui,test,HEAD,58a9e69a782b4a3507d03c0dff832e2487bcba1ee700c125359a2c1b1bf37546,d2fa3c20a,,,0530be227f4a10c5545cce8d3db20ac5a4d76a66,REVIEW_REQUIRED,Unknown,false,REVIEW_REQUIRED,REVIEW_REQUIRED,REVIEW,no path match in OpenProj baseline; classify origin manually,
modules/microproject_ui/src/test/java/com/microproject/pm/graphic/spreadsheet/renderer/SpreadSheetCellRendererAdapterPrivacyTest.java,microproject_ui,test,HEAD,f250ac86d4faae1483848d019f3e3e46a4e143c7b80e59fa17a3c95ae99ce518,d2fa3c20a,,,0530be227f4a10c5545cce8d3db20ac5a4d76a66,REVIEW_REQUIRED,Unknown,false,REVIEW_REQUIRED,REVIEW_REQUIRED,REVIEW,no path match in OpenProj baseline; classify origin manually,
modules/microproject_ui/src/test/java/com/microproject/pm/graphic/spreadsheet/renderer/SpreadsheetGridBorderTest.java,microproject_ui,test,HEAD,57d67017ca38236707ec9a58396cc0b2fb1fb45533611d5135511d44df9d4fa3,d2fa3c20a,,,0530be227f4a10c5545cce8d3db20ac5a4d76a66,REVIEW_REQUIRED,Unknown,false,REVIEW_REQUIRED,REVIEW_REQUIRED,REVIEW,no path match in OpenProj baseline; classify origin manually,
modules/microproject_ui/src/test/java/com/microproject/pm/graphic/spreadsheet/renderer/SpreadsheetSelectionAppearanceTest.java,microproject_ui,test,HEAD,a3a21eca61d4a6a6c548e50180e713073c33709a6fa88fd490e273c4dc53cf97,d2fa3c20a,,,0530be227f4a10c5545cce8d3db20ac5a4d76a66,REVIEW_REQUIRED,Unknown,false,REVIEW_REQUIRED,REVIEW_REQUIRED,REVIEW,no path match in OpenProj baseline; classify origin manually,
modules/microproject_ui/src/test/java/com/microproject/pm/graphic/spreadsheet/time/FieldArrayEventTest.java,microproject_ui,test,HEAD,166bb63c595cc22d3f652fbed05b60f8bd46b9fc02187c8bb8b466b76510784c,d2fa3c20a,,,0530be227f4a10c5545cce8d3db20ac5a4d76a66,REVIEW_REQUIRED,Unknown,false,REVIEW_REQUIRED,REVIEW_REQUIRED,REVIEW,no path match in OpenProj baseline; classify origin manually,
modules/microproject_ui/src/test/java/com/microproject/pm/graphic/timescale/ScaledScrollPaneTest.java,microproject_ui,test,HEAD,8ff266bdf04ba1f412b00a6cfeb434cccb47fb1e34b084bf93c081f79c62a761,d2fa3c20a,,,0530be227f4a10c5545cce8d3db20ac5a4d76a66,REVIEW_REQUIRED,Unknown,false,REVIEW_REQUIRED,REVIEW_REQUIRED,REVIEW,no path match in OpenProj baseline; classify origin manually,
modules/microproject_ui/src/test/java/com/microproject/pm/graphic/timescale/TimeScaleComponentThemeTest.java,microproject_ui,test,HEAD,35e54aebc469bb20d0dc3baba6aa61c2acc9237639b80198b87dc15b051bdec2,d2fa3c20a,,,0530be227f4a10c5545cce8d3db20ac5a4d76a66,REVIEW_REQUIRED,Unknown,false,REVIEW_REQUIRED,REVIEW_REQUIRED,REVIEW,no path match in OpenProj baseline; classify origin manually,
modules/microproject_ui/src/test/java/com/microproject/pm/graphic/views/DockableProjectToolViewTest.java,microproject_ui,test,HEAD,aa99b3d2def79ef5b7fd523ea5e7c98f54ffe7fb5a50048fe1566817e58376aa,d2fa3c20a,,,0530be227f4a10c5545cce8d3db20ac5a4d76a66,REVIEW_REQUIRED,Unknown,false,REVIEW_REQUIRED,REVIEW_REQUIRED,REVIEW,no path match in OpenProj baseline; classify origin manually,
modules/microproject_ui/src/test/java/com/microproject/pm/graphic/views/GanttViewGridStyleTest.java,microproject_ui,test,HEAD,df8463e66ec5aa089f681f9852918724dfcc8344a209c1bf4ecd97c2c3882c22,d2fa3c20a,,,0530be227f4a10c5545cce8d3db20ac5a4d76a66,REVIEW_REQUIRED,Unknown,false,REVIEW_REQUIRED,REVIEW_REQUIRED,REVIEW,no path match in OpenProj baseline; classify origin manually,
modules/microproject_ui/src/test/java/com/microproject/pm/graphic/views/GanttViewSelectionSyncTest.java,microproject_ui,test,HEAD,ad122601d2b276e5391a15dabad86daaea0aa1c52ec448e6b246e3c4876f0f79,d2fa3c20a,,,0530be227f4a10c5545cce8d3db20ac5a4d76a66,REVIEW_REQUIRED,Unknown,false,REVIEW_REQUIRED,REVIEW_REQUIRED,REVIEW,no path match in OpenProj baseline; classify origin manually,
modules/microproject_ui/src/test/java/com/microproject/pm/graphic/views/ResourceViewChildPolicyTest.java,microproject_ui,test,HEAD,d07f9e0ba9e433903a66b860d5bd89396d84d3a27580017400375eb88f90c85a,d2fa3c20a,,,0530be227f4a10c5545cce8d3db20ac5a4d76a66,REVIEW_REQUIRED,Unknown,false,REVIEW_REQUIRED,REVIEW_REQUIRED,REVIEW,no path match in OpenProj baseline; classify origin manually,
modules/microproject_ui/src/test/java/com/microproject/pm/graphic/views/SplittedViewLifecycleTest.java,microproject_ui,test,HEAD,e9c78ea66c6e8a3f9ae8f3a7aaaf0610eda19ec5a4b951d44a67e4e20a423c59,d2fa3c20a,,,0530be227f4a10c5545cce8d3db20ac5a4d76a66,REVIEW_REQUIRED,Unknown,false,REVIEW_REQUIRED,REVIEW_REQUIRED,REVIEW,no path match in OpenProj baseline; classify origin manually,
modules/microproject_ui/src/test/java/com/microproject/pm/graphic/views/SpreadsheetViewRefactorAuditTest.java,microproject_ui,test,HEAD,b13de0f27e2e35c6aa9a043a6b9290400e46225ca5eb7b3f051ffc175b42a2a6,d2fa3c20a,,,0530be227f4a10c5545cce8d3db20ac5a4d76a66,REVIEW_REQUIRED,Unknown,false,REVIEW_REQUIRED,REVIEW_REQUIRED,REVIEW,no path match in OpenProj baseline; classify origin manually,
modules/microproject_ui/src/test/java/com/microproject/pm/graphic/views/SpreadsheetViewSupportTest.java,microproject_ui,test,HEAD,c976355a025daa9ef4f415fa3eaf7c73911f04deac022c9a96cfd615c5b90b01,d2fa3c20a,,,0530be227f4a10c5545cce8d3db20ac5a4d76a66,REVIEW_REQUIRED,Unknown,false,REVIEW_REQUIRED,REVIEW_REQUIRED,REVIEW,no path match in OpenProj baseline; classify origin manually,
modules/microproject_ui/src/test/java/com/microproject/pm/graphic/views/TaskGanttSyncSupportTest.java,microproject_ui,test,HEAD,ae6f4515310e2ff1242c15c708109a49fe189a8281edd5f2b7e1b035a0c2369f,d2fa3c20a,,,0530be227f4a10c5545cce8d3db20ac5a4d76a66,REVIEW_REQUIRED,Unknown,false,REVIEW_REQUIRED,REVIEW_REQUIRED,REVIEW,no path match in OpenProj baseline; classify origin manually,
modules/microproject_ui/src/test/java/com/microproject/pm/graphic/views/TaskTableGanttHundredCasesSyncTest.java,microproject_ui,test,HEAD,2cefc2c66728c3ab20f56cc270ac34f004bea687dc60df760fb15fd857c29654,d2fa3c20a,,,0530be227f4a10c5545cce8d3db20ac5a4d76a66,REVIEW_REQUIRED,Unknown,false,REVIEW_REQUIRED,REVIEW_REQUIRED,REVIEW,no path match in OpenProj baseline; classify origin manually,
modules/microproject_ui/src/test/java/com/microproject/pm/graphic/views/synchro/ScrollPaneSynchronizerTest.java,microproject_ui,test,HEAD,fe82121d57df848a325d555e64f518042c2e75d6da15644d96ed563b88748199,d2fa3c20a,,,0530be227f4a10c5545cce8d3db20ac5a4d76a66,REVIEW_REQUIRED,Unknown,false,REVIEW_REQUIRED,REVIEW_REQUIRED,REVIEW,no path match in OpenProj baseline; classify origin manually,
modules/microproject_ui/src/test/java/com/microproject/print/PageSetupPrintServiceOptionTest.java,microproject_ui,test,HEAD,48364864a59d985f00981a646d90312a1738b4f33f7a46e87e01656e3e3b377a,d2fa3c20a,,,0530be227f4a10c5545cce8d3db20ac5a4d76a66,REVIEW_REQUIRED,Unknown,false,REVIEW_REQUIRED,REVIEW_REQUIRED,REVIEW,no path match in OpenProj baseline; classify origin manually,
modules/microproject_ui/src/test/java/com/microproject/ui/command/SelectionSnapshotTest.java,microproject_ui,test,HEAD,01b08042607f475daea9f8df83c1eed98b22ba39a6c9197c171473281da3858c,d2fa3c20a,,,0530be227f4a10c5545cce8d3db20ac5a4d76a66,REVIEW_REQUIRED,Unknown,false,REVIEW_REQUIRED,REVIEW_REQUIRED,REVIEW,no path match in OpenProj baseline; classify origin manually,
modules/microproject_ui/src/test/java/com/microproject/ui/diagnostics/UiButtonDiagnosticsTest.java,microproject_ui,test,HEAD,c46809e5c803c684f4b3af716768d7b0207811740d6da04e879ccb0323c71f00,d2fa3c20a,,,0530be227f4a10c5545cce8d3db20ac5a4d76a66,REVIEW_REQUIRED,Unknown,false,REVIEW_REQUIRED,REVIEW_REQUIRED,REVIEW,no path match in OpenProj baseline; classify origin manually,
modules/microproject_ui/src/test/java/com/microproject/ui/privacy/PrivacyDisplayModeTest.java,microproject_ui,test,HEAD,1398a1c7d5e7d0317001e2c477a1e8ebc56a7c932f92ce5aeb04585272fb79ac,d2fa3c20a,,,0530be227f4a10c5545cce8d3db20ac5a4d76a66,REVIEW_REQUIRED,Unknown,false,REVIEW_REQUIRED,REVIEW_REQUIRED,REVIEW,no path match in OpenProj baseline; classify origin manually,
modules/microproject_ui/src/test/java/com/microproject/ui/ribbon/ContextualRibbonVisibilityContractTest.java,microproject_ui,test,HEAD,8f86f20dd96f5024521a2a09bf24c4f6c13e249c81b47a337dec4fe48875af7e,d2fa3c20a,,,0530be227f4a10c5545cce8d3db20ac5a4d76a66,REVIEW_REQUIRED,Unknown,false,REVIEW_REQUIRED,REVIEW_REQUIRED,REVIEW,no path match in OpenProj baseline; classify origin manually,
modules/microproject_ui/src/test/java/com/microproject/ui/ribbon/ModernRibbonPanelDisplayModeTest.java,microproject_ui,test,HEAD,49400174e69698052c931b30a68fa25c98e210039a43665afd42f31af3854b4d,d2fa3c20a,,,0530be227f4a10c5545cce8d3db20ac5a4d76a66,REVIEW_REQUIRED,Unknown,false,REVIEW_REQUIRED,REVIEW_REQUIRED,REVIEW,no path match in OpenProj baseline; classify origin manually,
modules/microproject_ui/src/test/java/com/microproject/ui/ribbon/MspStandardCommandInventoryTest.java,microproject_ui,test,HEAD,c25beaee2e36154de71a8020477568620b9493036d7d5b74cc42fd627bbc3090,d2fa3c20a,,,0530be227f4a10c5545cce8d3db20ac5a4d76a66,REVIEW_REQUIRED,Unknown,false,REVIEW_REQUIRED,REVIEW_REQUIRED,REVIEW,no path match in OpenProj baseline; classify origin manually,
modules/microproject_ui/src/test/java/com/microproject/ui/ribbon/RibbonButtonStylerTest.java,microproject_ui,test,HEAD,31b6b83606ae375b9d12f3cff7c63e5c17845637028cd361f746071f6fd5b900,d2fa3c20a,,,0530be227f4a10c5545cce8d3db20ac5a4d76a66,REVIEW_REQUIRED,Unknown,false,REVIEW_REQUIRED,REVIEW_REQUIRED,REVIEW,no path match in OpenProj baseline; classify origin manually,
modules/microproject_ui/src/test/java/com/microproject/ui/ribbon/RibbonCommandCatalogTest.java,microproject_ui,test,HEAD,14f7f6ff6be4fdef110906061b61805b8930c3ef9c5d4827ef5e079fcd9364fd,d2fa3c20a,,,0530be227f4a10c5545cce8d3db20ac5a4d76a66,REVIEW_REQUIRED,Unknown,false,REVIEW_REQUIRED,REVIEW_REQUIRED,REVIEW,no path match in OpenProj baseline; classify origin manually,
modules/microproject_ui/src/test/java/com/microproject/ui/ribbon/RibbonThemeAdapterTest.java,microproject_ui,test,HEAD,eb4619036d4acd310e2c896b3a15ed5c374f20b7007f039fc0956da0cb4788ab,d2fa3c20a,,,0530be227f4a10c5545cce8d3db20ac5a4d76a66,REVIEW_REQUIRED,Unknown,false,REVIEW_REQUIRED,REVIEW_REQUIRED,REVIEW,no path match in OpenProj baseline; classify origin manually,
modules/microproject_ui/src/test/java/com/microproject/ui/shell/OfficeChromePanelVisualSmokeTest.java,microproject_ui,test,HEAD,e4a7e5b3454e7c44fd73567b5c79cb922d05d529f1bbde820cb69f979be22878,d2fa3c20a,,,0530be227f4a10c5545cce8d3db20ac5a4d76a66,REVIEW_REQUIRED,Unknown,false,REVIEW_REQUIRED,REVIEW_REQUIRED,REVIEW,no path match in OpenProj baseline; classify origin manually,
modules/microproject_ui/src/test/java/com/microproject/ui/shell/ProjectLibreShellTest.java,microproject_ui,test,HEAD,e6b771133e825ac5d404627cb56a9f713fb45db8bb68baa67977796d4cee996c,d2fa3c20a,,,0530be227f4a10c5545cce8d3db20ac5a4d76a66,REVIEW_REQUIRED,Unknown,false,REVIEW_REQUIRED,REVIEW_REQUIRED,REVIEW,no path match in OpenProj baseline; classify origin manually,
modules/microproject_ui/src/test/java/com/microproject/ui/shell/WindowShellInstallerTest.java,microproject_ui,test,HEAD,a7d9e702f9c09a536a91c790cb41e3042d464a02003aa0012bd64e0a6c7f5a9b,d2fa3c20a,,,0530be227f4a10c5545cce8d3db20ac5a4d76a66,REVIEW_REQUIRED,Unknown,false,REVIEW_REQUIRED,REVIEW_REQUIRED,REVIEW,no path match in OpenProj baseline; classify origin manually,
modules/microproject_ui/src/test/java/com/microproject/ui/theme/MicroProjectThemeTest.java,microproject_ui,test,HEAD,778312348c2622d3ab7442e1042cd37996b6196549d84435c7c2ee96e5b102d5,d2fa3c20a,,,0530be227f4a10c5545cce8d3db20ac5a4d76a66,REVIEW_REQUIRED,Unknown,false,REVIEW_REQUIRED,REVIEW_REQUIRED,REVIEW,no path match in OpenProj baseline; classify origin manually,
modules/microproject_ui/src/test/java/com/microproject/util/AlternativeCalendarDisplayTest.java,microproject_ui,test,HEAD,99b666ff238a39dbd07793df6331022edbb4afacd711e746c11059af691d4b21,d2fa3c20a,,,0530be227f4a10c5545cce8d3db20ac5a4d76a66,REVIEW_REQUIRED,Unknown,false,REVIEW_REQUIRED,REVIEW_REQUIRED,REVIEW,no path match in OpenProj baseline; classify origin manually,
modules/microproject_ui/src/test/java/com/microproject/util/AssignmentStatusColorTest.java,microproject_ui,test,HEAD,aec1e8233fef0b9b7c91a88c6f357382c8887b3dfa8a4f04ddb50e85886598ed,d2fa3c20a,,,0530be227f4a10c5545cce8d3db20ac5a4d76a66,REVIEW_REQUIRED,Unknown,false,REVIEW_REQUIRED,REVIEW_REQUIRED,REVIEW,no path match in OpenProj baseline; classify origin manually,
modules/microproject_ui/src/test/java/com/microproject/util/ClassicMSProjectPaletteTest.java,microproject_ui,test,HEAD,42a62800060df321487d30de5ee6fa48293b65e2c6e91c5ec7ccc7aeb600149a,d2fa3c20a,,,0530be227f4a10c5545cce8d3db20ac5a4d76a66,REVIEW_REQUIRED,Unknown,false,REVIEW_REQUIRED,REVIEW_REQUIRED,REVIEW,no path match in OpenProj baseline; classify origin manually,
modules/microproject_ui/src/test/java/com/microproject/util/DateFieldSupportTest.java,microproject_ui,test,HEAD,83813d0e6b095a686e7e66c3dac4fc58b2e40a0c1b1df5c5ba2e2b4e0d728103,d2fa3c20a,,,0530be227f4a10c5545cce8d3db20ac5a4d76a66,REVIEW_REQUIRED,Unknown,false,REVIEW_REQUIRED,REVIEW_REQUIRED,REVIEW,no path match in OpenProj baseline; classify origin manually,
modules/microproject_ui/src/test/java/com/microproject/util/FlatLafSupportTest.java,microproject_ui,test,HEAD,e17c27c117ce39e9f3820906bc7415762bbff73a8648af0fa833cc3e2404713e,d2fa3c20a,,,0530be227f4a10c5545cce8d3db20ac5a4d76a66,REVIEW_REQUIRED,Unknown,false,REVIEW_REQUIRED,REVIEW_REQUIRED,REVIEW,no path match in OpenProj baseline; classify origin manually,
modules/microproject_ui/src/test/java/com/microproject/util/FlatUiSupportButtonStateTest.java,microproject_ui,test,HEAD,ccd6c21644022de2a5cbfdb2c99544cb708a3c43cd12b46bff68d9aee24d5f72,d2fa3c20a,,,0530be227f4a10c5545cce8d3db20ac5a4d76a66,REVIEW_REQUIRED,Unknown,false,REVIEW_REQUIRED,REVIEW_REQUIRED,REVIEW,no path match in OpenProj baseline; classify origin manually,
modules/microproject_ui/src/test/java/com/microproject/util/FlatUiTypographyTest.java,microproject_ui,test,HEAD,f2f64175e430cdfb8d5f263069b8d99064be532e4d21816c60b3ddaa1c2e7e3d,d2fa3c20a,,,0530be227f4a10c5545cce8d3db20ac5a4d76a66,REVIEW_REQUIRED,Unknown,false,REVIEW_REQUIRED,REVIEW_REQUIRED,REVIEW,no path match in OpenProj baseline; classify origin manually,
modules/microproject_ui/src/test/java/com/microproject/util/GanttProgressTest.java,microproject_ui,test,HEAD,a0653eb8c53fbac09d30bf927729993492748ca629a09f9b8654ce1ab9401744,d2fa3c20a,,,0530be227f4a10c5545cce8d3db20ac5a4d76a66,REVIEW_REQUIRED,Unknown,false,REVIEW_REQUIRED,REVIEW_REQUIRED,REVIEW,no path match in OpenProj baseline; classify origin manually,
modules/microproject_ui/src/test/java/com/microproject/util/MicrosoftProjectGanttPaletteTest.java,microproject_ui,test,HEAD,82d2d5d3a329919f2f8c028271f33f61c2a356bd0d05870c92f16104ae27995d,d2fa3c20a,,,0530be227f4a10c5545cce8d3db20ac5a4d76a66,REVIEW_REQUIRED,Unknown,false,REVIEW_REQUIRED,REVIEW_REQUIRED,REVIEW,no path match in OpenProj baseline; classify origin manually,
modules/microproject_ui/src/test/java/com/microproject/util/SwingFileChooserProviderTest.java,microproject_ui,test,HEAD,fd22021f908fa7ef405571f389a0adfc45a7dffaf890b137f8f990d368da404f,d2fa3c20a,,,0530be227f4a10c5545cce8d3db20ac5a4d76a66,REVIEW_REQUIRED,Unknown,false,REVIEW_REQUIRED,REVIEW_REQUIRED,REVIEW,no path match in OpenProj baseline; classify origin manually,
packaging/licenses/index.html,packaging,packaging,HEAD,5c93260bad8544ca2db5d6bb1be77db11dde493e1e8d662e414988be75f678a8,d2fa3c20a,,,0530be227f4a10c5545cce8d3db20ac5a4d76a66,REVIEW_REQUIRED,ProjectLibre,false,REVIEW_REQUIRED,CPAL-1.0,REVIEW,no path match in OpenProj baseline; classify origin manually,
packaging/licenses/index_html_0.gif,packaging,packaging,HEAD,174ec601e2727ac60d8ccfd1139ca01f15e6bace412ed32a9010976ddd9a767b,d2fa3c20a,,,0530be227f4a10c5545cce8d3db20ac5a4d76a66,REVIEW_REQUIRED,Unknown,false,REVIEW_REQUIRED,REVIEW_REQUIRED,REVIEW,no path match in OpenProj baseline; classify origin manually,
packaging/licenses/license.rtf,packaging,packaging,HEAD,0826591f0c6c876c3b2bbc150f9d5afe9c86ae99e5e16df9715572ea8989bc95,d2fa3c20a,,,0530be227f4a10c5545cce8d3db20ac5a4d76a66,REVIEW_REQUIRED,ProjectLibre,false,REVIEW_REQUIRED,CPAL-1.0,REVIEW,no path match in OpenProj baseline; classify origin manually,
packaging/licenses/license.txt,packaging,packaging,HEAD,0826591f0c6c876c3b2bbc150f9d5afe9c86ae99e5e16df9715572ea8989bc95,d2fa3c20a,,,0530be227f4a10c5545cce8d3db20ac5a4d76a66,REVIEW_REQUIRED,ProjectLibre,false,REVIEW_REQUIRED,CPAL-1.0,REVIEW,no path match in OpenProj baseline; classify origin manually,
packaging/licenses/third-party/Apache-LICENSE-2.0.txt,packaging,packaging,HEAD,cfc7749b96f63bd31c3c42b5c471bf756814053e847c10f3eb003417bc523d30,d2fa3c20a,,,0530be227f4a10c5545cce8d3db20ac5a4d76a66,REVIEW_REQUIRED,ThirdParty:Apache,false,REVIEW_REQUIRED,REVIEW_REQUIRED,KEEP_THIRD_PARTY,third-party notice detected; verify upstream license,
packaging/licenses/third-party/CDDL.txt,packaging,packaging,HEAD,bfb8b863f360c8ac673877f2d421544a9e0b79faf5cf5246219c902cd5164dba,d2fa3c20a,,,0530be227f4a10c5545cce8d3db20ac5a4d76a66,REVIEW_REQUIRED,Unknown,false,REVIEW_REQUIRED,REVIEW_REQUIRED,REVIEW,no path match in OpenProj baseline; classify origin manually,
packaging/licenses/third-party/Jasper-LGPL.txt,packaging,packaging,HEAD,8bf0fc843b7ccd529a4745c7e0b86c5199156244f646ff154a8790c0ceb0f99f,d2fa3c20a,,,0530be227f4a10c5545cce8d3db20ac5a4d76a66,REVIEW_REQUIRED,ThirdParty:JasperReports,false,REVIEW_REQUIRED,REVIEW_REQUIRED,KEEP_THIRD_PARTY,third-party notice detected; verify upstream license,
packaging/licenses/third-party/antlr.txt,packaging,packaging,HEAD,902f5dc8d44858bf2b3e4282140fecc371fa707163f56a07e8796a92173abbbd,d2fa3c20a,,,0530be227f4a10c5545cce8d3db20ac5a4d76a66,REVIEW_REQUIRED,Unknown,false,REVIEW_REQUIRED,REVIEW_REQUIRED,REVIEW,no path match in OpenProj baseline; classify origin manually,
packaging/licenses/third-party/apple.txt,packaging,packaging,HEAD,13e7b20f15e970404263895b1dc7876f7ca70f54657c38615c1796e1f7e82637,d2fa3c20a,,,0530be227f4a10c5545cce8d3db20ac5a4d76a66,REVIEW_REQUIRED,Unknown,false,REVIEW_REQUIRED,REVIEW_REQUIRED,REVIEW,no path match in OpenProj baseline; classify origin manually,
packaging/licenses/third-party/bsd-generic.txt,packaging,packaging,HEAD,54f36c578fca91ddda8d4011c9a0d9963279899ad2892a8985a31a6a85e884fd,d2fa3c20a,,,0530be227f4a10c5545cce8d3db20ac5a4d76a66,REVIEW_REQUIRED,Unknown,false,REVIEW_REQUIRED,REVIEW_REQUIRED,REVIEW,no path match in OpenProj baseline; classify origin manually,
packaging/licenses/third-party/cpl-1.0.txt,packaging,packaging,HEAD,efab263a958258e912b087b54f1837e1248a0cdb835e7e5e735e6437d6a64b99,d2fa3c20a,,,0530be227f4a10c5545cce8d3db20ac5a4d76a66,REVIEW_REQUIRED,Unknown,false,REVIEW_REQUIRED,REVIEW_REQUIRED,REVIEW,no path match in OpenProj baseline; classify origin manually,
packaging/licenses/third-party/groovy.txt,packaging,packaging,HEAD,63923ba839ce10c1643c7872b95082f5817eb77ecbdea980fc559aad17ad86c8,d2fa3c20a,,,0530be227f4a10c5545cce8d3db20ac5a4d76a66,REVIEW_REQUIRED,Unknown,false,REVIEW_REQUIRED,REVIEW_REQUIRED,REVIEW,no path match in OpenProj baseline; classify origin manually,
packaging/licenses/third-party/iCal4j.txt,packaging,packaging,HEAD,752d704f1062eab7fae88ac11a20a8d34408a88cfebe0f933949f9bde89f36b4,d2fa3c20a,,,0530be227f4a10c5545cce8d3db20ac5a4d76a66,REVIEW_REQUIRED,Unknown,false,REVIEW_REQUIRED,REVIEW_REQUIRED,REVIEW,no path match in OpenProj baseline; classify origin manually,
packaging/licenses/third-party/index.html,packaging,packaging,HEAD,dd9845e6a1f6c2d897e25f6d21a2b933d36de157c805255c9961ff339c9e66ae,d2fa3c20a,,,0530be227f4a10c5545cce8d3db20ac5a4d76a66,REVIEW_REQUIRED,ThirdParty:Apache,false,REVIEW_REQUIRED,REVIEW_REQUIRED,KEEP_THIRD_PARTY,third-party notice detected; verify upstream license,
packaging/licenses/third-party/jgoodies-forms.txt,packaging,packaging,HEAD,29f7668dc6faf1adca5b27b5a4deca37ee4191970ef592b945b107b09ab1f9d2,d2fa3c20a,,,0530be227f4a10c5545cce8d3db20ac5a4d76a66,REVIEW_REQUIRED,Unknown,false,REVIEW_REQUIRED,REVIEW_REQUIRED,REVIEW,no path match in OpenProj baseline; classify origin manually,
packaging/licenses/third-party/lgpl-2.1.txt,packaging,packaging,HEAD,f855e98cbf0e1abbd258282c10690b47b23568b60eb62a3e270ad4a780304afa,d2fa3c20a,,,0530be227f4a10c5545cce8d3db20ac5a4d76a66,REVIEW_REQUIRED,Unknown,false,REVIEW_REQUIRED,REVIEW_REQUIRED,REVIEW,no path match in OpenProj baseline; classify origin manually,
packaging/licenses/third-party/osx-adapter.txt,packaging,packaging,HEAD,7eadc25b70ea23970b6f35ff66ab7d632e2ae528f5cbc579f3f8504546157f9e,d2fa3c20a,,,0530be227f4a10c5545cce8d3db20ac5a4d76a66,REVIEW_REQUIRED,Unknown,false,REVIEW_REQUIRED,REVIEW_REQUIRED,REVIEW,no path match in OpenProj baseline; classify origin manually,
packaging/licenses/third-party/sun-jwsdp.txt,packaging,packaging,HEAD,533889f24cff9300fc347ef1068da8ccd340441838f791a69e8e0274657860e6,d2fa3c20a,,,0530be227f4a10c5545cce8d3db20ac5a4d76a66,REVIEW_REQUIRED,Unknown,false,REVIEW_REQUIRED,REVIEW_REQUIRED,REVIEW,no path match in OpenProj baseline; classify origin manually,
packaging/licenses/third-party/sun.txt,packaging,packaging,HEAD,41df0df49ee0294e6f45982f973cccec2505d1eb1f049812185c17ce3864160b,d2fa3c20a,,,0530be227f4a10c5545cce8d3db20ac5a4d76a66,REVIEW_REQUIRED,Unknown,false,REVIEW_REQUIRED,REVIEW_REQUIRED,REVIEW,no path match in OpenProj baseline; classify origin manually,
packaging/licenses/third-party/third-party-licenses-with-build-libs.html,packaging,packaging,HEAD,6d48975cffb62ef79242f9be80b3796a713e72f37adf4e577ffb79fe9ba2e8fd,d2fa3c20a,,,0530be227f4a10c5545cce8d3db20ac5a4d76a66,REVIEW_REQUIRED,ThirdParty:JasperReports,false,REVIEW_REQUIRED,REVIEW_REQUIRED,KEEP_THIRD_PARTY,third-party notice detected; verify upstream license,
packaging/licenses/third-party/xstream.txt,packaging,packaging,HEAD,93a33025bffb3016b1ee340afc17109181422967964e2c11f4469ef364158f65,d2fa3c20a,,,0530be227f4a10c5545cce8d3db20ac5a4d76a66,REVIEW_REQUIRED,Unknown,false,REVIEW_REQUIRED,REVIEW_REQUIRED,REVIEW,no path match in OpenProj baseline; classify origin manually,
packaging/windows/file-associations/mpo.properties,packaging,packaging,HEAD,c2b7691da0df72995922b31477a5f4fdd126ce6109122ed2016e218bdea5cf66,d2fa3c20a,,,0530be227f4a10c5545cce8d3db20ac5a4d76a66,REVIEW_REQUIRED,Unknown,false,REVIEW_REQUIRED,REVIEW_REQUIRED,REVIEW,no path match in OpenProj baseline; classify origin manually,
packaging/windows/file-associations/mpp.properties,packaging,packaging,HEAD,3f86cd8fa4c4268b11b2ee14408585b8431c26a5c906d60a0b6354df7d0684cf,d2fa3c20a,,,0530be227f4a10c5545cce8d3db20ac5a4d76a66,REVIEW_REQUIRED,Unknown,false,REVIEW_REQUIRED,REVIEW_REQUIRED,REVIEW,no path match in OpenProj baseline; classify origin manually,
packaging/windows/file-associations/pod.properties,packaging,packaging,HEAD,9c27671a102446afed2cf9f968dc694a654fa3799b531893120f2b655db1b2db,d2fa3c20a,,,0530be227f4a10c5545cce8d3db20ac5a4d76a66,REVIEW_REQUIRED,Unknown,false,REVIEW_REQUIRED,REVIEW_REQUIRED,REVIEW,no path match in OpenProj baseline; classify origin manually,
packaging/windows/file-associations/xml.properties,packaging,packaging,HEAD,7528ee47deaedf43eb56e1676b050d6525709fb6fddc3529c3530e92806dc737,d2fa3c20a,,,0530be227f4a10c5545cce8d3db20ac5a4d76a66,REVIEW_REQUIRED,Unknown,false,REVIEW_REQUIRED,REVIEW_REQUIRED,REVIEW,no path match in OpenProj baseline; classify origin manually,
packaging/windows/icons/microproject.ico,packaging,packaging,HEAD,94f9bda7df549be9cdbd58ac38b42ded90260347cce06e76caa55626cddb0c15,d2fa3c20a,,,0530be227f4a10c5545cce8d3db20ac5a4d76a66,REVIEW_REQUIRED,Unknown,false,REVIEW_REQUIRED,REVIEW_REQUIRED,REVIEW,no path match in OpenProj baseline; classify origin manually,
packaging/windows/installer-resources/MsiInstallerStrings_en.wxl,packaging,packaging,HEAD,0644228d96645fdfc222f2603a0f2a78c5f8fc1811d7b3c78edb91d0283e3063,d2fa3c20a,,,0530be227f4a10c5545cce8d3db20ac5a4d76a66,REVIEW_REQUIRED,Unknown,false,REVIEW_REQUIRED,REVIEW_REQUIRED,REVIEW,no path match in OpenProj baseline; classify origin manually,
packaging/windows/installer-resources/MsiInstallerStrings_ja.wxl,packaging,packaging,HEAD,2fbadaed2c316de06c5831059b1610c4a8ae5bbc37141ba5ac5fc4d1fff4479d,d2fa3c20a,,,0530be227f4a10c5545cce8d3db20ac5a4d76a66,REVIEW_REQUIRED,Unknown,false,REVIEW_REQUIRED,REVIEW_REQUIRED,REVIEW,no path match in OpenProj baseline; classify origin manually,
packaging/windows/launchers/microProject.cmd,packaging,packaging,HEAD,d03ed562678b3ac407d4263ef70431ba23dee7c51e5ee45c4765a8194b91fc2f,d2fa3c20a,,,0530be227f4a10c5545cce8d3db20ac5a4d76a66,REVIEW_REQUIRED,Unknown,false,REVIEW_REQUIRED,REVIEW_REQUIRED,REVIEW,no path match in OpenProj baseline; classify origin manually,
